time_s,contact_count,contact_force_N,contact_fx_N,contact_fy_N,contact_fz_N,source
0.0000,0,0.00000,0.00000,0.00000,0.00000,pychrono
0.0025,0,0.00000,0.00000,0.00000,0.00000,pychrono
0.0050,0,0.00000,0.00000,0.00000,0.00000,pychrono
0.0075,0,0.00000,0.00000,0.00000,0.00000,pychrono
0.0100,0,0.00000,0.00000,0.00000,0.00000,pychrono
0.0125,0,0.00000,0.00000,0.00000,0.00000,pychrono
0.0150,0,0.00000,0.00000,0.00000,0.00000,pychrono
0.0175,0,0.00000,0.00000,0.00000,0.00000,pychrono
0.0200,0,0.00000,0.00000,0.00000,0.00000,pychrono
0.0225,0,0.00000,0.00000,0.00000,0.00000,pychrono
0.0250,0,0.00000,0.00000,0.00000,0.00000,pychrono
0.0275,0,0.00000,0.00000,0.00000,0.00000,pychrono
0.0300,0,0.00000,0.00000,0.00000,0.00000,pychrono
0.0325,0,0.00000,0.00000,0.00000,0.00000,pychrono
0.0350,0,0.00000,0.00000,0.00000,0.00000,pychrono
0.0375,0,0.00000,0.00000,0.00000,0.00000,pychrono
0.0400,0,0.00000,0.00000,0.00000,0.00000,pychrono
0.0425,0,0.00000,0.00000,0.00000,0.00000,pychrono
0.0450,0,0.00000,0.00000,0.00000,0.00000,pychrono
0.0475,0,0.00000,0.00000,0.00000,0.00000,pychrono
0.0500,0,0.00000,0.00000,0.00000,0.00000,pychrono
0.0525,0,0.00000,0.00000,0.00000,0.00000,pychrono
0.0550,0,0.00000,0.00000,0.00000,0.00000,pychrono
0.0575,0,0.00000,0.00000,0.00000,0.00000,pychrono
0.0600,0,0.00000,0.00000,0.00000,0.00000,pychrono
0.0625,0,0.00000,0.00000,0.00000,0.00000,pychrono
0.0650,0,0.00000,0.00000,0.00000,0.00000,pychrono
0.0675,0,0.00000,0.00000,0.00000,0.00000,pychrono
0.0700,0,0.00000,0.00000,0.00000,0.00000,pychrono
0.0725,0,0.00000,0.00000,0.00000,0.00000,pychrono
0.0750,0,0.00000,0.00000,0.00000,0.00000,pychrono
0.0775,0,0.00000,0.00000,0.00000,0.00000,pychrono
0.0800,0,0.00000,0.00000,0.00000,0.00000,pychrono
0.0825,0,0.00000,0.00000,0.00000,0.00000,pychrono
0.0850,0,0.00000,0.00000,0.00000,0.00000,pychrono
0.0875,0,0.00000,0.00000,0.00000,0.00000,pychrono
0.0900,0,0.00000,0.00000,0.00000,0.00000,pychrono
0.0925,0,0.00000,0.00000,0.00000,0.00000,pychrono
0.0950,0,0.00000,0.00000,0.00000,0.00000,pychrono
0.0975,4,0.00000,0.00000,0.00000,0.00000,pychrono
0.1000,4,0.00000,0.00000,0.00000,0.00000,pychrono
0.1025,4,0.00000,0.00000,0.00000,0.00000,pychrono
0.1050,4,0.00000,0.00000,0.00000,0.00000,pychrono
0.1075,4,0.00000,0.00000,0.00000,0.00000,pychrono
0.1100,4,0.00000,0.00000,0.00000,0.00000,pychrono
0.1125,4,0.00000,0.00000,0.00000,0.00000,pychrono
0.1150,4,0.00000,0.00000,0.00000,0.00000,pychrono
0.1175,4,0.00000,0.00000,0.00000,0.00000,pychrono
0.1200,4,0.00000,0.00000,0.00000,0.00000,pychrono
0.1225,4,0.00000,0.00000,0.00000,0.00000,pychrono
0.1250,4,0.00000,0.00000,0.00000,0.00000,pychrono
0.1275,4,0.00000,0.00000,0.00000,0.00000,pychrono
0.1300,4,0.00000,0.00000,0.00000,0.00000,pychrono
0.1325,4,0.00000,0.00000,0.00000,0.00000,pychrono
0.1350,4,0.00000,0.00000,0.00000,0.00000,pychrono
0.1375,4,0.00000,0.00000,0.00000,0.00000,pychrono
0.1400,4,0.00000,0.00000,0.00000,0.00000,pychrono
0.1425,4,0.00000,0.00000,0.00000,0.00000,pychrono
0.1450,4,12913.28029,-4265.90756,0.00000,12188.30753,pychrono
0.1475,4,20044.61183,-6621.74593,-0.00000,18919.27441,pychrono
0.1500,4,2722.15407,-899.26474,0.00000,2569.32788,pychrono
0.1525,4,831.67294,-274.74350,0.00000,784.98145,pychrono
0.1550,4,625.69146,-206.69743,-0.00000,590.56411,pychrono
0.1575,4,602.94902,-199.18446,0.00000,569.09847,pychrono
0.1600,4,600.47984,-198.36877,0.00000,566.76792,pychrono
0.1625,4,600.21993,-198.28291,-0.00000,566.52260,pychrono
0.1650,4,600.21993,-198.28291,-0.00000,566.52260,pychrono
0.1675,4,600.34989,-198.32584,-0.00000,566.64526,pychrono
0.1700,4,600.08997,-198.23997,0.00000,566.39994,pychrono
0.1725,4,600.34989,-198.32584,-0.00000,566.64526,pychrono
0.1750,4,600.08997,-198.23997,-0.00000,566.39994,pychrono
0.1775,4,600.34989,-198.32584,0.00000,566.64526,pychrono
0.1800,4,600.08997,-198.23997,0.00000,566.39994,pychrono
0.1825,4,600.34989,-198.32584,-0.00000,566.64526,pychrono
0.1850,4,600.21993,-198.28291,0.00000,566.52260,pychrono
0.1875,4,600.21993,-198.28291,0.00000,566.52260,pychrono
0.1900,4,600.08997,-198.23997,-0.00000,566.39994,pychrono
0.1925,4,600.34989,-198.32584,-0.00000,566.64526,pychrono
0.1950,4,600.21993,-198.28291,-0.00000,566.52260,pychrono
0.1975,4,600.21993,-198.28291,0.00000,566.52260,pychrono
0.2000,4,600.21993,-198.28291,0.00000,566.52260,pychrono
0.2025,4,600.21993,-198.28291,0.00000,566.52260,pychrono
0.2050,4,600.21993,-198.28291,-0.00000,566.52260,pychrono
0.2075,4,600.21993,-198.28291,0.00000,566.52260,pychrono
0.2100,4,600.21993,-198.28291,0.00000,566.52260,pychrono
0.2125,4,600.21993,-198.28291,0.00000,566.52260,pychrono
0.2150,4,600.34989,-198.32584,0.00000,566.64526,pychrono
0.2175,4,600.08997,-198.23997,-0.00000,566.39994,pychrono
0.2200,4,600.21993,-198.28291,0.00000,566.52260,pychrono
0.2225,4,600.21993,-198.28291,-0.00000,566.52260,pychrono
0.2250,4,600.34989,-198.32584,0.00000,566.64526,pychrono
0.2275,4,600.08997,-198.23997,0.00000,566.39994,pychrono
0.2300,4,600.34989,-198.32584,0.00000,566.64526,pychrono
0.2325,4,600.08997,-198.23997,0.00000,566.39994,pychrono
0.2350,4,600.34989,-198.32584,-0.00000,566.64526,pychrono
0.2375,4,600.08997,-198.23997,0.00000,566.39994,pychrono
0.2400,4,600.34989,-198.32584,0.00000,566.64526,pychrono
0.2425,4,600.08997,-198.23997,0.00000,566.39994,pychrono
0.2450,4,600.34989,-198.32584,-0.00000,566.64526,pychrono
0.2475,4,600.21993,-198.28291,0.00000,566.52260,pychrono
0.2500,4,600.08997,-198.23997,-0.00000,566.39994,pychrono
0.2525,4,600.34989,-198.32584,-0.00000,566.64526,pychrono
0.2550,4,600.21993,-198.28291,0.00000,566.52260,pychrono
0.2575,4,600.21993,-198.28291,-0.00000,566.52260,pychrono
0.2600,4,600.21993,-198.28291,-0.00000,566.52260,pychrono
0.2625,4,600.21993,-198.28291,-0.00000,566.52260,pychrono
0.2650,4,600.21993,-198.28291,0.00000,566.52260,pychrono
0.2675,4,600.21993,-198.28291,-0.00000,566.52260,pychrono
0.2700,4,600.21993,-198.28291,0.00000,566.52260,pychrono
0.2725,4,600.21993,-198.28291,0.00000,566.52260,pychrono
0.2750,4,600.21993,-198.28291,0.00000,566.52260,pychrono
0.2775,4,600.21993,-198.28291,0.00000,566.52260,pychrono
0.2800,4,600.34989,-198.32584,0.00000,566.64526,pychrono
0.2825,4,600.08997,-198.23997,0.00000,566.39994,pychrono
0.2850,4,600.21993,-198.28291,-0.00000,566.52260,pychrono
0.2875,4,600.34989,-198.32584,0.00000,566.64526,pychrono
0.2900,4,600.08997,-198.23997,-0.00000,566.39994,pychrono
0.2925,4,600.21993,-198.28291,0.00000,566.52260,pychrono
0.2950,4,600.34989,-198.32584,-0.00000,566.64526,pychrono
0.2975,4,600.08997,-198.23997,0.00000,566.39994,pychrono
0.3000,4,600.34989,-198.32584,-0.00000,566.64526,pychrono
0.3025,4,600.21993,-198.28291,-0.00000,566.52260,pychrono
0.3050,4,600.08997,-198.23997,0.00000,566.39994,pychrono
0.3075,4,600.34989,-198.32584,-0.00000,566.64526,pychrono
0.3100,4,600.21993,-198.28291,0.00000,566.52260,pychrono
0.3125,4,600.08997,-198.23997,-0.00000,566.39994,pychrono
0.3150,4,600.34989,-198.32584,-0.00000,566.64526,pychrono
0.3175,4,600.21993,-198.28291,-0.00000,566.52260,pychrono
0.3200,4,600.21993,-198.28291,-0.00000,566.52260,pychrono
0.3225,4,600.21993,-198.28291,-0.00000,566.52260,pychrono
0.3250,4,600.21993,-198.28291,-0.00000,566.52260,pychrono
0.3275,4,600.21993,-198.28291,-0.00000,566.52260,pychrono
0.3300,4,600.21993,-198.28291,0.00000,566.52260,pychrono
0.3325,4,600.21993,-198.28291,-0.00000,566.52260,pychrono
0.3350,4,600.21993,-198.28291,0.00000,566.52260,pychrono
0.3375,4,600.21993,-198.28291,-0.00000,566.52260,pychrono
0.3400,4,600.21993,-198.28291,-0.00000,566.52260,pychrono
0.3425,4,600.21993,-198.28291,0.00000,566.52260,pychrono
0.3450,4,600.34989,-198.32584,0.00000,566.64526,pychrono
0.3475,4,600.08997,-198.23997,-0.00000,566.39994,pychrono
0.3500,4,600.21993,-198.28291,-0.00000,566.52260,pychrono
0.3525,4,600.34989,-198.32584,-0.00000,566.64526,pychrono
0.3550,4,600.08997,-198.23997,0.00000,566.39994,pychrono
0.3575,4,600.34989,-198.32584,-0.00000,566.64526,pychrono
0.3600,4,600.08997,-198.23997,0.00000,566.39994,pychrono
0.3625,4,600.34989,-198.32584,0.00000,566.64526,pychrono
0.3650,4,600.08997,-198.23997,0.00000,566.39994,pychrono
0.3675,4,600.34989,-198.32584,0.00000,566.64526,pychrono
0.3700,4,600.21993,-198.28291,0.00000,566.52260,pychrono
0.3725,4,600.08997,-198.23997,0.00000,566.39994,pychrono
0.3750,4,600.34989,-198.32584,-0.00000,566.64526,pychrono
0.3775,4,600.21993,-198.28291,0.00000,566.52260,pychrono
0.3800,4,600.21993,-198.28291,0.00000,566.52260,pychrono
0.3825,4,600.21993,-198.28291,-0.00000,566.52260,pychrono
0.3850,4,600.21993,-198.28291,0.00000,566.52260,pychrono
0.3875,4,600.21993,-198.28291,0.00000,566.52260,pychrono
0.3900,4,600.21993,-198.28291,0.00000,566.52260,pychrono
0.3925,4,600.21993,-198.28291,0.00000,566.52260,pychrono
0.3950,4,600.21993,-198.28291,0.00000,566.52260,pychrono
0.3975,4,600.21993,-198.28291,-0.00000,566.52260,pychrono
0.4000,4,600.21993,-198.28291,0.00000,566.52260,pychrono
0.4025,4,600.21993,-198.28291,0.00000,566.52260,pychrono
0.4050,4,600.21993,-198.28291,-0.00000,566.52260,pychrono
0.4075,4,600.34989,-198.32584,0.00000,566.64526,pychrono
0.4100,4,600.08997,-198.23997,0.00000,566.39994,pychrono
0.4125,4,600.21993,-198.28291,-0.00000,566.52260,pychrono
0.4150,4,600.34989,-198.32584,-0.00000,566.64526,pychrono
0.4175,4,600.08997,-198.23997,-0.00000,566.39994,pychrono
0.4200,4,600.34989,-198.32584,-0.00000,566.64526,pychrono
0.4225,4,600.08997,-198.23997,0.00000,566.39994,pychrono
0.4250,4,600.34989,-198.32584,0.00000,566.64526,pychrono
0.4275,4,600.08997,-198.23997,0.00000,566.39994,pychrono
0.4300,4,600.34989,-198.32584,-0.00000,566.64526,pychrono
0.4325,4,600.21993,-198.28291,0.00000,566.52260,pychrono
0.4350,4,600.08997,-198.23997,-0.00000,566.39994,pychrono
0.4375,4,600.34989,-198.32584,0.00000,566.64526,pychrono
0.4400,4,600.21993,-198.28291,-0.00000,566.52260,pychrono
0.4425,4,600.21993,-198.28291,0.00000,566.52260,pychrono
0.4450,4,600.21993,-198.28291,0.00000,566.52260,pychrono
0.4475,4,600.08997,-198.23997,0.00000,566.39994,pychrono
0.4500,4,600.34989,-198.32584,-0.00000,566.64526,pychrono
0.4525,4,600.21993,-198.28291,-0.00000,566.52260,pychrono
0.4550,4,600.21993,-198.28291,0.00000,566.52260,pychrono
0.4575,4,600.21993,-198.28291,0.00000,566.52260,pychrono
0.4600,4,600.21993,-198.28291,-0.00000,566.52260,pychrono
0.4625,4,600.34989,-198.32584,0.00000,566.64526,pychrono
0.4650,4,600.08997,-198.23997,0.00000,566.39994,pychrono
0.4675,4,600.21993,-198.28291,0.00000,566.52260,pychrono
0.4700,4,600.21993,-198.28291,0.00000,566.52260,pychrono
0.4725,4,600.34989,-198.32584,-0.00000,566.64526,pychrono
0.4750,4,600.08997,-198.23997,0.00000,566.39994,pychrono
0.4775,4,600.21993,-198.28291,0.00000,566.52260,pychrono
0.4800,4,600.34989,-198.32584,0.00000,566.64526,pychrono
0.4825,4,600.08997,-198.23997,-0.00000,566.39994,pychrono
0.4850,4,600.34989,-198.32584,0.00000,566.64526,pychrono
0.4875,4,600.08997,-198.23997,-0.00000,566.39994,pychrono
0.4900,4,600.34989,-198.32584,-0.00000,566.64526,pychrono
0.4925,4,600.21993,-198.28291,0.00000,566.52260,pychrono
0.4950,4,600.08997,-198.23997,-0.00000,566.39994,pychrono
0.4975,4,600.34989,-198.32584,-0.00000,566.64526,pychrono
0.5000,4,600.21993,-198.28291,-0.00000,566.52260,pychrono
0.5025,4,600.21993,-198.28291,0.00000,566.52260,pychrono
0.5050,4,600.08997,-198.23997,0.00000,566.39994,pychrono
0.5075,4,600.34989,-198.32584,-0.00000,566.64526,pychrono
0.5100,4,600.21993,-198.28291,0.00000,566.52260,pychrono
0.5125,4,600.21993,-198.28291,0.00000,566.52260,pychrono
0.5150,4,600.21993,-198.28291,-0.00000,566.52260,pychrono
0.5175,4,600.21993,-198.28291,-0.00000,566.52260,pychrono
0.5200,4,600.21993,-198.28291,0.00000,566.52260,pychrono
0.5225,4,600.21993,-198.28291,0.00000,566.52260,pychrono
0.5250,4,601.39549,-162.80848,0.00006,578.93863,pychrono
0.5275,4,626.37984,-0.00028,-0.00006,626.37984,pychrono
0.5300,4,560.92365,0.00000,0.00000,560.92365,pychrono
0.5325,4,569.41892,-0.00000,0.00000,569.41892,pychrono
0.5350,4,566.25213,0.00000,-0.00000,566.25213,pychrono
0.5375,4,566.67207,-0.00000,0.00000,566.67207,pychrono
0.5400,4,566.52062,0.00000,-0.00000,566.52062,pychrono
0.5425,4,566.52750,-0.00000,0.00000,566.52750,pychrono
0.5450,4,566.52750,0.00000,0.00000,566.52750,pychrono
0.5475,4,566.52750,0.00000,-0.00000,566.52750,pychrono
0.5500,4,566.52750,-0.00000,0.00000,566.52750,pychrono
0.5525,4,566.52750,0.00000,-0.00000,566.52750,pychrono
0.5550,4,566.52750,0.00000,-0.00000,566.52750,pychrono
0.5575,4,566.52750,0.00000,0.00000,566.52750,pychrono
0.5600,4,566.52750,-0.00000,0.00000,566.52750,pychrono
0.5625,4,566.52750,0.00000,0.00000,566.52750,pychrono
0.5650,4,566.52750,-0.00000,-0.00000,566.52750,pychrono
0.5675,4,566.52750,0.00000,0.00000,566.52750,pychrono
0.5700,4,566.52750,-0.00000,-0.00000,566.52750,pychrono
0.5725,4,566.52750,0.00000,0.00000,566.52750,pychrono
0.5750,4,566.52750,-0.00000,-0.00000,566.52750,pychrono
0.5775,4,566.52750,0.00000,-0.00000,566.52750,pychrono
0.5800,4,566.52750,0.00000,0.00000,566.52750,pychrono
0.5825,4,566.52750,0.00000,-0.00000,566.52750,pychrono
0.5850,4,566.52750,0.00000,0.00000,566.52750,pychrono
0.5875,4,566.52750,0.00000,0.00000,566.52750,pychrono
0.5900,4,566.52750,-0.00000,0.00000,566.52750,pychrono
0.5925,4,566.52750,0.00000,0.00000,566.52750,pychrono
0.5950,4,566.52750,-0.00000,-0.00000,566.52750,pychrono
0.5975,4,566.52750,0.00000,0.00000,566.52750,pychrono
0.6000,4,566.52750,0.00000,0.00000,566.52750,pychrono
0.6025,4,566.52750,-0.00000,-0.00000,566.52750,pychrono
0.6050,4,566.52750,0.00000,0.00000,566.52750,pychrono
0.6075,4,566.52750,-0.00000,-0.00000,566.52750,pychrono
0.6100,4,566.52750,0.00000,0.00000,566.52750,pychrono
0.6125,4,566.52750,0.00000,-0.00000,566.52750,pychrono
0.6150,4,566.52750,0.00000,0.00000,566.52750,pychrono
0.6175,4,566.52750,-0.00000,0.00000,566.52750,pychrono
0.6200,4,566.52750,0.00000,0.00000,566.52750,pychrono
0.6225,4,566.52750,0.00000,-0.00000,566.52750,pychrono
0.6250,4,566.52750,-0.00000,-0.00000,566.52750,pychrono
0.6275,4,566.52750,-0.00000,0.00000,566.52750,pychrono
0.6300,4,566.52750,0.00000,0.00000,566.52750,pychrono
0.6325,4,566.52750,-0.00000,-0.00000,566.52750,pychrono
0.6350,4,566.52750,0.00000,-0.00000,566.52750,pychrono
0.6375,4,566.52750,0.00000,0.00000,566.52750,pychrono
0.6400,4,566.52750,0.00000,0.00000,566.52750,pychrono
0.6425,4,566.52750,-0.00000,-0.00000,566.52750,pychrono
0.6450,4,566.52750,0.00000,0.00000,566.52750,pychrono
0.6475,4,566.52750,-0.00000,0.00000,566.52750,pychrono
0.6500,4,566.52750,-0.00000,-0.00000,566.52750,pychrono
0.6525,4,566.52750,-0.00000,-0.00000,566.52750,pychrono
0.6550,4,566.52750,0.00000,-0.00000,566.52750,pychrono
0.6575,4,566.52750,0.00000,0.00000,566.52750,pychrono
0.6600,4,566.52750,0.00000,0.00000,566.52750,pychrono
0.6625,4,566.52750,-0.00000,0.00000,566.52750,pychrono
0.6650,4,566.52750,0.00000,0.00000,566.52750,pychrono
0.6675,4,566.52750,0.00000,-0.00000,566.52750,pychrono
0.6700,4,566.52750,-0.00000,0.00000,566.52750,pychrono
0.6725,4,566.52750,0.00000,0.00000,566.52750,pychrono
0.6750,4,566.52750,-0.00000,0.00000,566.52750,pychrono
0.6775,4,566.52750,-0.00000,0.00000,566.52750,pychrono
0.6800,4,566.52750,-0.00000,-0.00000,566.52750,pychrono
0.6825,4,566.52750,0.00000,-0.00000,566.52750,pychrono
0.6850,4,566.52750,-0.00000,-0.00000,566.52750,pychrono
0.6875,4,566.52750,0.00000,-0.00000,566.52750,pychrono
0.6900,4,566.52750,0.00000,0.00000,566.52750,pychrono
0.6925,4,566.52750,0.00000,0.00000,566.52750,pychrono
0.6950,4,566.52750,0.00000,0.00000,566.52750,pychrono
0.6975,4,566.52750,-0.00000,0.00000,566.52750,pychrono
0.7000,4,566.52750,-0.00000,0.00000,566.52750,pychrono
0.7025,4,566.52750,0.00000,0.00000,566.52750,pychrono
0.7050,4,566.52750,0.00000,0.00000,566.52750,pychrono
0.7075,4,566.52750,-0.00000,-0.00000,566.52750,pychrono
0.7100,4,566.52750,-0.00000,0.00000,566.52750,pychrono
0.7125,4,566.52750,-0.00000,0.00000,566.52750,pychrono
0.7150,4,566.52750,-0.00000,0.00000,566.52750,pychrono
0.7175,4,566.52750,0.00000,-0.00000,566.52750,pychrono
0.7200,4,566.52750,-0.00000,-0.00000,566.52750,pychrono
0.7225,4,566.52750,0.00000,0.00000,566.52750,pychrono
0.7250,4,566.52750,-0.00000,-0.00000,566.52750,pychrono
0.7275,4,566.52750,0.00000,-0.00000,566.52750,pychrono
0.7300,4,566.52750,-0.00000,0.00000,566.52750,pychrono
0.7325,4,566.52750,-0.00000,-0.00000,566.52750,pychrono
0.7350,4,566.52750,-0.00000,0.00000,566.52750,pychrono
0.7375,4,566.52750,0.00000,0.00000,566.52750,pychrono
0.7400,4,566.52750,0.00000,0.00000,566.52750,pychrono
0.7425,4,566.52750,0.00000,0.00000,566.52750,pychrono
0.7450,4,566.52750,-0.00000,-0.00000,566.52750,pychrono
0.7475,4,566.52750,0.00000,0.00000,566.52750,pychrono
0.7500,4,566.52750,0.00000,0.00000,566.52750,pychrono
0.7525,4,566.52750,0.00000,0.00000,566.52750,pychrono
0.7550,4,566.52750,-0.00000,-0.00000,566.52750,pychrono
0.7575,4,566.52750,0.00000,-0.00000,566.52750,pychrono
0.7600,4,566.52750,0.00000,-0.00000,566.52750,pychrono
0.7625,4,566.52750,0.00000,0.00000,566.52750,pychrono
0.7650,4,566.52750,-0.00000,0.00000,566.52750,pychrono
0.7675,4,566.52750,-0.00000,-0.00000,566.52750,pychrono
0.7700,4,566.52750,-0.00000,0.00000,566.52750,pychrono
0.7725,4,566.52750,-0.00000,0.00000,566.52750,pychrono
0.7750,4,566.52750,0.00000,0.00000,566.52750,pychrono
0.7775,4,566.52750,-0.00000,0.00000,566.52750,pychrono
0.7800,4,566.52750,-0.00000,-0.00000,566.52750,pychrono
0.7825,4,566.52750,0.00000,0.00000,566.52750,pychrono
0.7850,4,566.52750,-0.00000,-0.00000,566.52750,pychrono
0.7875,4,566.52750,0.00000,0.00000,566.52750,pychrono
0.7900,4,566.52750,-0.00000,-0.00000,566.52750,pychrono
0.7925,4,566.52750,-0.00000,-0.00000,566.52750,pychrono
0.7950,4,566.52750,0.00000,0.00000,566.52750,pychrono
0.7975,4,566.52750,0.00000,-0.00000,566.52750,pychrono
0.8000,4,566.52750,-0.00000,-0.00000,566.52750,pychrono
0.8025,4,566.52750,-0.00000,0.00000,566.52750,pychrono
0.8050,4,566.52750,-0.00000,-0.00000,566.52750,pychrono
0.8075,4,566.52750,0.00000,0.00000,566.52750,pychrono
0.8100,4,566.52750,-0.00000,0.00000,566.52750,pychrono
0.8125,4,566.52750,-0.00000,-0.00000,566.52750,pychrono
0.8150,4,566.52750,0.00000,0.00000,566.52750,pychrono
0.8175,4,566.52750,0.00000,-0.00000,566.52750,pychrono
0.8200,4,566.52750,0.00000,0.00000,566.52750,pychrono
0.8225,4,566.52750,-0.00000,0.00000,566.52750,pychrono
0.8250,4,566.52750,-0.00000,-0.00000,566.52750,pychrono
0.8275,4,566.52750,0.00000,-0.00000,566.52750,pychrono
0.8300,4,566.52750,-0.00000,0.00000,566.52750,pychrono
0.8325,4,566.52750,-0.00000,0.00000,566.52750,pychrono
0.8350,4,566.52750,-0.00000,0.00000,566.52750,pychrono
0.8375,4,566.52750,0.00000,0.00000,566.52750,pychrono
0.8400,4,566.52750,0.00000,0.00000,566.52750,pychrono
0.8425,4,566.52750,-0.00000,-0.00000,566.52750,pychrono
0.8450,4,566.52750,0.00000,0.00000,566.52750,pychrono
0.8475,4,566.52750,-0.00000,-0.00000,566.52750,pychrono
0.8500,4,566.52750,-0.00000,0.00000,566.52750,pychrono
0.8525,4,566.52750,-0.00000,-0.00000,566.52750,pychrono
0.8550,4,566.52750,0.00000,0.00000,566.52750,pychrono
0.8575,4,566.52750,-0.00000,-0.00000,566.52750,pychrono
0.8600,4,566.52750,-0.00000,0.00000,566.52750,pychrono
0.8625,4,566.52750,0.00000,-0.00000,566.52750,pychrono
0.8650,4,566.52750,-0.00000,-0.00000,566.52750,pychrono
0.8675,4,566.52750,0.00000,-0.00000,566.52750,pychrono
0.8700,4,566.52750,0.00000,0.00000,566.52750,pychrono
0.8725,4,566.52750,0.00000,0.00000,566.52750,pychrono
0.8750,4,566.52750,0.00000,0.00000,566.52750,pychrono
0.8775,4,566.52750,-0.00000,-0.00000,566.52750,pychrono
0.8800,4,566.52750,0.00000,-0.00000,566.52750,pychrono
0.8825,4,566.52750,-0.00000,0.00000,566.52750,pychrono
0.8850,4,566.52750,0.00000,0.00000,566.52750,pychrono
0.8875,4,566.52750,-0.00000,0.00000,566.52750,pychrono
0.8900,4,566.52750,0.00000,-0.00000,566.52750,pychrono
0.8925,4,566.52750,-0.00000,0.00000,566.52750,pychrono
0.8950,4,566.52750,0.00000,0.00000,566.52750,pychrono
0.8975,4,566.52750,-0.00000,-0.00000,566.52750,pychrono
0.9000,4,566.52750,-0.00000,0.00000,566.52750,pychrono
0.9025,4,566.52750,-0.00000,0.00000,566.52750,pychrono
0.9050,4,566.52750,0.00000,0.00000,566.52750,pychrono
0.9075,4,566.52750,-0.00000,-0.00000,566.52750,pychrono
0.9100,4,566.52750,-0.00000,0.00000,566.52750,pychrono
0.9125,4,566.52750,-0.00000,0.00000,566.52750,pychrono
0.9150,4,566.52750,0.00000,0.00000,566.52750,pychrono
0.9175,4,566.52750,-0.00000,0.00000,566.52750,pychrono
0.9200,4,566.52750,0.00000,0.00000,566.52750,pychrono
0.9225,4,566.52750,-0.00000,0.00000,566.52750,pychrono
0.9250,4,566.52750,0.00000,0.00000,566.52750,pychrono
0.9275,4,566.52750,0.00000,0.00000,566.52750,pychrono
0.9300,4,566.52750,-0.00000,0.00000,566.52750,pychrono
0.9325,4,566.52750,-0.00000,0.00000,566.52750,pychrono
0.9350,4,566.52750,0.00000,-0.00000,566.52750,pychrono
0.9375,4,566.52750,-0.00000,0.00000,566.52750,pychrono
0.9400,4,566.52750,0.00000,0.00000,566.52750,pychrono
0.9425,4,566.52750,0.00000,0.00000,566.52750,pychrono
0.9450,4,566.52750,0.00000,0.00000,566.52750,pychrono
0.9475,4,566.52750,-0.00000,0.00000,566.52750,pychrono
0.9500,4,566.52750,0.00000,0.00000,566.52750,pychrono
0.9525,4,566.52750,-0.00000,-0.00000,566.52750,pychrono
0.9550,4,566.52750,0.00000,0.00000,566.52750,pychrono
0.9575,4,566.52750,-0.00000,0.00000,566.52750,pychrono
0.9600,4,566.52750,-0.00000,0.00000,566.52750,pychrono
0.9625,4,566.52750,-0.00000,0.00000,566.52750,pychrono
0.9650,4,566.52750,-0.00000,-0.00000,566.52750,pychrono
0.9675,4,566.52750,-0.00000,-0.00000,566.52750,pychrono
0.9700,4,566.52750,0.00000,-0.00000,566.52750,pychrono
0.9725,4,566.52750,0.00000,0.00000,566.52750,pychrono
0.9750,4,566.52750,-0.00000,-0.00000,566.52750,pychrono
0.9775,4,566.52750,-0.00000,-0.00000,566.52750,pychrono
0.9800,4,566.52750,-0.00000,0.00000,566.52750,pychrono
0.9825,4,566.52750,0.00000,0.00000,566.52750,pychrono
0.9850,4,566.52750,0.00000,-0.00000,566.52750,pychrono
0.9875,4,566.52750,-0.00000,0.00000,566.52750,pychrono
0.9900,4,566.52750,0.00000,-0.00000,566.52750,pychrono
0.9925,4,566.52750,-0.00000,0.00000,566.52750,pychrono
0.9950,4,566.52750,-0.00000,-0.00000,566.52750,pychrono
0.9975,4,566.52750,-0.00000,-0.00000,566.52750,pychrono
1.0000,4,566.52750,0.00000,-0.00000,566.52750,pychrono
1.0025,4,566.52750,0.00000,-0.00000,566.52750,pychrono
1.0050,4,566.52750,-0.00000,0.00000,566.52750,pychrono
1.0075,4,566.52750,-0.00000,-0.00000,566.52750,pychrono
1.0100,4,566.52750,0.00000,0.00000,566.52750,pychrono
1.0125,4,566.52750,0.00000,-0.00000,566.52750,pychrono
1.0150,4,566.52750,0.00000,0.00000,566.52750,pychrono
1.0175,4,566.52750,0.00000,0.00000,566.52750,pychrono
1.0200,4,566.52750,0.00000,0.00000,566.52750,pychrono
1.0225,4,566.52750,0.00000,-0.00000,566.52750,pychrono
1.0250,4,566.52750,0.00000,-0.00000,566.52750,pychrono
1.0275,4,566.52750,-0.00000,0.00000,566.52750,pychrono
1.0300,4,566.52750,0.00000,0.00000,566.52750,pychrono
1.0325,4,566.52750,0.00000,-0.00000,566.52750,pychrono
1.0350,4,566.52750,-0.00000,0.00000,566.52750,pychrono
1.0375,4,566.52750,-0.00000,0.00000,566.52750,pychrono
1.0400,4,566.52750,-0.00000,-0.00000,566.52750,pychrono
1.0425,4,566.52750,-0.00000,0.00000,566.52750,pychrono
1.0450,4,566.52750,-0.00000,-0.00000,566.52750,pychrono
1.0475,4,566.52750,0.00000,0.00000,566.52750,pychrono
1.0500,4,566.52750,0.00000,-0.00000,566.52750,pychrono
1.0525,4,566.52750,0.00000,0.00000,566.52750,pychrono
1.0550,4,566.52750,0.00000,0.00000,566.52750,pychrono
1.0575,4,566.52750,-0.00000,-0.00000,566.52750,pychrono
1.0600,4,566.52750,-0.00000,-0.00000,566.52750,pychrono
1.0625,4,566.52750,0.00000,0.00000,566.52750,pychrono
1.0650,4,566.52750,0.00000,0.00000,566.52750,pychrono
1.0675,4,566.52750,-0.00000,-0.00000,566.52750,pychrono
1.0700,4,566.52750,-0.00000,0.00000,566.52750,pychrono
1.0725,4,566.52750,-0.00000,-0.00000,566.52750,pychrono
1.0750,4,566.52750,0.00000,0.00000,566.52750,pychrono
1.0775,4,566.52750,-0.00000,0.00000,566.52750,pychrono
1.0800,4,566.52750,0.00000,-0.00000,566.52750,pychrono
1.0825,4,566.52750,-0.00000,-0.00000,566.52750,pychrono
1.0850,4,566.52750,-0.00000,-0.00000,566.52750,pychrono
1.0875,4,566.52750,0.00000,0.00000,566.52750,pychrono
1.0900,4,566.52750,0.00000,-0.00000,566.52750,pychrono
1.0925,4,566.52750,-0.00000,0.00000,566.52750,pychrono
1.0950,4,566.52750,0.00000,0.00000,566.52750,pychrono
1.0975,4,566.52750,-0.00000,0.00000,566.52750,pychrono
1.1000,4,566.52750,0.00000,0.00000,566.52750,pychrono
1.1025,4,566.52750,-0.00000,0.00000,566.52750,pychrono
1.1050,4,566.52750,0.00000,0.00000,566.52750,pychrono
1.1075,4,566.52750,-0.00000,-0.00000,566.52750,pychrono
1.1100,4,566.52750,0.00000,0.00000,566.52750,pychrono
1.1125,4,566.52750,0.00000,0.00000,566.52750,pychrono
1.1150,4,566.52750,-0.00000,-0.00000,566.52750,pychrono
1.1175,4,566.52750,0.00000,0.00000,566.52750,pychrono
1.1200,4,566.52750,0.00000,-0.00000,566.52750,pychrono
1.1225,4,566.52750,-0.00000,-0.00000,566.52750,pychrono
1.1250,4,566.52750,0.00000,0.00000,566.52750,pychrono
1.1275,4,566.52750,-0.00000,-0.00000,566.52750,pychrono
1.1300,4,566.52750,-0.00000,0.00000,566.52750,pychrono
1.1325,4,566.52750,0.00000,0.00000,566.52750,pychrono
1.1350,4,566.52750,-0.00000,0.00000,566.52750,pychrono
1.1375,4,566.52750,-0.00000,0.00000,566.52750,pychrono
1.1400,4,566.52750,0.00000,-0.00000,566.52750,pychrono
1.1425,4,566.52750,-0.00000,0.00000,566.52750,pychrono
1.1450,4,566.52750,0.00000,0.00000,566.52750,pychrono
1.1475,4,566.52750,0.00000,-0.00000,566.52750,pychrono
1.1500,4,566.52750,-0.00000,-0.00000,566.52750,pychrono
1.1525,4,566.52750,0.00000,0.00000,566.52750,pychrono
1.1550,4,566.52750,0.00000,-0.00000,566.52750,pychrono
1.1575,4,566.52750,-0.00000,0.00000,566.52750,pychrono
1.1600,4,566.52750,0.00000,-0.00000,566.52750,pychrono
1.1625,4,566.52750,0.00000,0.00000,566.52750,pychrono
1.1650,4,566.52750,0.00000,-0.00000,566.52750,pychrono
1.1675,4,566.52750,0.00000,0.00000,566.52750,pychrono
1.1700,4,566.52750,-0.00000,-0.00000,566.52750,pychrono
1.1725,4,566.52750,0.00000,-0.00000,566.52750,pychrono
1.1750,4,566.52750,-0.00000,-0.00000,566.52750,pychrono
1.1775,4,566.52750,0.00000,0.00000,566.52750,pychrono
1.1800,4,566.52750,0.00000,0.00000,566.52750,pychrono
1.1825,4,566.52750,-0.00000,-0.00000,566.52750,pychrono
1.1850,4,566.52750,-0.00000,-0.00000,566.52750,pychrono
1.1875,4,566.52750,-0.00000,-0.00000,566.52750,pychrono
1.1900,4,566.52750,-0.00000,-0.00000,566.52750,pychrono
1.1925,4,566.52750,0.00000,-0.00000,566.52750,pychrono
1.1950,4,566.52750,-0.00000,0.00000,566.52750,pychrono
1.1975,4,566.52750,-0.00000,0.00000,566.52750,pychrono
1.2000,4,566.52750,-0.00000,-0.00000,566.52750,pychrono
1.2025,4,566.52750,0.00000,0.00000,566.52750,pychrono
1.2050,4,566.52750,-0.00000,-0.00000,566.52750,pychrono
1.2075,4,566.52750,0.00000,0.00000,566.52750,pychrono
1.2100,4,566.52750,-0.00000,-0.00000,566.52750,pychrono
1.2125,4,566.52750,0.00000,0.00000,566.52750,pychrono
1.2150,4,566.52750,0.00000,0.00000,566.52750,pychrono
1.2175,4,566.52750,-0.00000,0.00000,566.52750,pychrono
1.2200,4,566.52750,-0.00000,0.00000,566.52750,pychrono
1.2225,4,566.52750,-0.00000,0.00000,566.52750,pychrono
1.2250,4,566.52750,-0.00000,-0.00000,566.52750,pychrono
1.2275,4,566.52750,0.00000,0.00000,566.52750,pychrono
1.2300,4,566.52750,0.00000,0.00000,566.52750,pychrono
1.2325,4,566.52750,-0.00000,0.00000,566.52750,pychrono
1.2350,4,566.52750,0.00000,-0.00000,566.52750,pychrono
1.2375,4,566.52750,-0.00000,0.00000,566.52750,pychrono
1.2400,4,566.52750,0.00000,0.00000,566.52750,pychrono
1.2425,4,566.52750,0.00000,0.00000,566.52750,pychrono
1.2450,4,566.52750,-0.00000,-0.00000,566.52750,pychrono
1.2475,4,566.52750,-0.00000,0.00000,566.52750,pychrono
1.2500,4,566.52750,-0.00000,-0.00000,566.52750,pychrono
1.2525,4,566.52750,0.00000,-0.00000,566.52750,pychrono
1.2550,4,566.52750,0.00000,0.00000,566.52750,pychrono
1.2575,4,566.52750,0.00000,-0.00000,566.52750,pychrono
1.2600,4,566.52750,0.00000,0.00000,566.52750,pychrono
1.2625,4,566.52750,0.00000,0.00000,566.52750,pychrono
1.2650,4,566.52750,0.00000,-0.00000,566.52750,pychrono
1.2675,4,566.52750,0.00000,0.00000,566.52750,pychrono
1.2700,4,566.52750,-0.00000,0.00000,566.52750,pychrono
1.2725,4,566.52750,0.00000,-0.00000,566.52750,pychrono
1.2750,4,566.52750,-0.00000,0.00000,566.52750,pychrono
1.2775,4,566.52750,-0.00000,0.00000,566.52750,pychrono
1.2800,4,566.52750,0.00000,0.00000,566.52750,pychrono
1.2825,4,566.52750,0.00000,0.00000,566.52750,pychrono
1.2850,4,566.52750,0.00000,0.00000,566.52750,pychrono
1.2875,4,566.52750,-0.00000,-0.00000,566.52750,pychrono
1.2900,4,566.52750,-0.00000,0.00000,566.52750,pychrono
1.2925,4,566.52750,-0.00000,-0.00000,566.52750,pychrono
1.2950,4,566.52750,0.00000,-0.00000,566.52750,pychrono
1.2975,4,566.52750,0.00000,0.00000,566.52750,pychrono
1.3000,4,566.52750,-0.00000,0.00000,566.52750,pychrono
1.3025,4,566.52750,-0.00000,-0.00000,566.52750,pychrono
1.3050,4,566.52750,0.00000,0.00000,566.52750,pychrono
1.3075,4,566.52750,-0.00000,0.00000,566.52750,pychrono
1.3100,4,566.52750,0.00000,-0.00000,566.52750,pychrono
1.3125,4,566.52750,0.00000,-0.00000,566.52750,pychrono
1.3150,4,566.52750,0.00000,0.00000,566.52750,pychrono
1.3175,4,566.52750,-0.00000,0.00000,566.52750,pychrono
1.3200,4,566.52750,-0.00000,0.00000,566.52750,pychrono
1.3225,4,566.52750,-0.00000,-0.00000,566.52750,pychrono
1.3250,4,566.52750,0.00000,-0.00000,566.52750,pychrono
1.3275,4,566.52750,0.00000,0.00000,566.52750,pychrono
1.3300,4,566.52750,0.00000,-0.00000,566.52750,pychrono
1.3325,4,566.52750,-0.00000,0.00000,566.52750,pychrono
1.3350,4,566.52750,0.00000,-0.00000,566.52750,pychrono
1.3375,4,566.52750,-0.00000,-0.00000,566.52750,pychrono
1.3400,4,566.52750,-0.00000,0.00000,566.52750,pychrono
1.3425,4,566.52750,0.00000,-0.00000,566.52750,pychrono
1.3450,4,566.52750,-0.00000,0.00000,566.52750,pychrono
1.3475,4,566.52750,0.00000,0.00000,566.52750,pychrono
1.3500,4,566.52750,-0.00000,0.00000,566.52750,pychrono
1.3525,4,566.52750,0.00000,-0.00000,566.52750,pychrono
1.3550,4,566.52750,-0.00000,-0.00000,566.52750,pychrono
1.3575,4,566.52750,-0.00000,0.00000,566.52750,pychrono
1.3600,4,566.52750,-0.00000,-0.00000,566.52750,pychrono
1.3625,4,566.52750,0.00000,0.00000,566.52750,pychrono
1.3650,4,566.52750,-0.00000,0.00000,566.52750,pychrono
1.3675,4,566.52750,0.00000,0.00000,566.52750,pychrono
1.3700,4,566.52750,-0.00000,0.00000,566.52750,pychrono
1.3725,4,566.52750,0.00000,-0.00000,566.52750,pychrono
1.3750,4,566.52750,-0.00000,0.00000,566.52750,pychrono
1.3775,4,566.52750,-0.00000,0.00000,566.52750,pychrono
1.3800,4,566.52750,0.00000,-0.00000,566.52750,pychrono
1.3825,4,566.52750,-0.00000,0.00000,566.52750,pychrono
1.3850,4,566.52750,-0.00000,-0.00000,566.52750,pychrono
1.3875,4,566.52750,-0.00000,0.00000,566.52750,pychrono
1.3900,4,566.52750,0.00000,-0.00000,566.52750,pychrono
1.3925,4,566.52750,0.00000,-0.00000,566.52750,pychrono
1.3950,4,566.52750,-0.00000,0.00000,566.52750,pychrono
1.3975,4,566.52750,-0.00000,-0.00000,566.52750,pychrono
1.4000,4,566.52750,0.00000,0.00000,566.52750,pychrono
1.4025,4,566.52750,-0.00000,0.00000,566.52750,pychrono
1.4050,4,566.52750,-0.00000,0.00000,566.52750,pychrono
1.4075,4,566.52750,-0.00000,-0.00000,566.52750,pychrono
1.4100,4,566.52750,0.00000,0.00000,566.52750,pychrono
1.4125,4,566.52750,0.00000,-0.00000,566.52750,pychrono
1.4150,4,566.52750,-0.00000,-0.00000,566.52750,pychrono
1.4175,4,566.52750,-0.00000,-0.00000,566.52750,pychrono
1.4200,4,566.52750,0.00000,0.00000,566.52750,pychrono
1.4225,4,566.52750,-0.00000,0.00000,566.52750,pychrono
1.4250,4,566.52750,0.00000,-0.00000,566.52750,pychrono
1.4275,4,566.52750,0.00000,0.00000,566.52750,pychrono
1.4300,4,566.52750,0.00000,0.00000,566.52750,pychrono
1.4325,4,566.52750,-0.00000,-0.00000,566.52750,pychrono
1.4350,4,566.52750,0.00000,-0.00000,566.52750,pychrono
1.4375,4,566.52750,-0.00000,0.00000,566.52750,pychrono
1.4400,4,566.52750,-0.00000,-0.00000,566.52750,pychrono
1.4425,4,566.52750,0.00000,0.00000,566.52750,pychrono
1.4450,4,566.52750,0.00000,-0.00000,566.52750,pychrono
1.4475,4,566.52750,-0.00000,0.00000,566.52750,pychrono
1.4500,4,566.52750,-0.00000,-0.00000,566.52750,pychrono
1.4525,4,566.52750,-0.00000,0.00000,566.52750,pychrono
1.4550,4,566.52750,-0.00000,0.00000,566.52750,pychrono
1.4575,4,566.52750,0.00000,0.00000,566.52750,pychrono
1.4600,4,566.52750,-0.00000,0.00000,566.52750,pychrono
1.4625,4,566.52750,0.00000,0.00000,566.52750,pychrono
1.4650,4,566.52750,-0.00000,0.00000,566.52750,pychrono
1.4675,4,566.52750,0.00000,0.00000,566.52750,pychrono
1.4700,4,566.52750,-0.00000,-0.00000,566.52750,pychrono
1.4725,4,566.52750,0.00000,0.00000,566.52750,pychrono
1.4750,4,566.52750,-0.00000,0.00000,566.52750,pychrono
1.4775,4,566.52750,0.00000,-0.00000,566.52750,pychrono
1.4800,4,566.52750,0.00000,-0.00000,566.52750,pychrono
1.4825,4,566.52750,0.00000,-0.00000,566.52750,pychrono
1.4850,4,566.52750,0.00000,0.00000,566.52750,pychrono
1.4875,4,566.52750,-0.00000,-0.00000,566.52750,pychrono
1.4900,4,566.52750,0.00000,-0.00000,566.52750,pychrono
1.4925,4,566.52750,-0.00000,0.00000,566.52750,pychrono
1.4950,4,566.52750,0.00000,0.00000,566.52750,pychrono
1.4975,4,566.52750,-0.00000,0.00000,566.52750,pychrono
1.5000,4,566.52750,-0.00000,-0.00000,566.52750,pychrono
1.5025,4,566.52750,-0.00000,-0.00000,566.52750,pychrono
1.5050,4,566.52750,0.00000,0.00000,566.52750,pychrono
1.5075,4,566.52750,-0.00000,-0.00000,566.52750,pychrono
1.5100,4,566.52750,0.00000,0.00000,566.52750,pychrono
1.5125,4,566.52750,-0.00000,0.00000,566.52750,pychrono
1.5150,4,566.52750,-0.00000,0.00000,566.52750,pychrono
1.5175,4,566.52750,0.00000,0.00000,566.52750,pychrono
1.5200,4,566.52750,-0.00000,-0.00000,566.52750,pychrono
1.5225,4,566.52750,0.00000,0.00000,566.52750,pychrono
1.5250,4,566.52750,-0.00000,0.00000,566.52750,pychrono
1.5275,4,566.52750,-0.00000,0.00000,566.52750,pychrono
1.5300,4,566.52750,0.00000,0.00000,566.52750,pychrono
1.5325,4,566.52750,0.00000,0.00000,566.52750,pychrono
1.5350,4,566.52750,-0.00000,0.00000,566.52750,pychrono
1.5375,4,566.52750,0.00000,0.00000,566.52750,pychrono
1.5400,4,566.52750,0.00000,-0.00000,566.52750,pychrono
1.5425,4,566.52750,-0.00000,0.00000,566.52750,pychrono
1.5450,4,566.52750,-0.00000,0.00000,566.52750,pychrono
1.5475,4,566.52750,0.00000,0.00000,566.52750,pychrono
1.5500,4,566.52750,-0.00000,-0.00000,566.52750,pychrono
1.5525,4,566.52750,0.00000,0.00000,566.52750,pychrono
1.5550,4,566.52750,-0.00000,-0.00000,566.52750,pychrono
1.5575,4,566.52750,0.00000,0.00000,566.52750,pychrono
1.5600,4,566.52750,0.00000,0.00000,566.52750,pychrono
1.5625,4,566.52750,0.00000,-0.00000,566.52750,pychrono
1.5650,4,566.52750,-0.00000,-0.00000,566.52750,pychrono
1.5675,4,566.52750,0.00000,-0.00000,566.52750,pychrono
1.5700,4,566.52750,-0.00000,-0.00000,566.52750,pychrono
1.5725,4,566.52750,0.00000,0.00000,566.52750,pychrono
1.5750,4,566.52750,-0.00000,0.00000,566.52750,pychrono
1.5775,4,566.52750,0.00000,-0.00000,566.52750,pychrono
1.5800,4,566.52750,-0.00000,0.00000,566.52750,pychrono
1.5825,4,566.52750,-0.00000,0.00000,566.52750,pychrono
1.5850,4,566.52750,0.00000,0.00000,566.52750,pychrono
1.5875,4,566.52750,-0.00000,0.00000,566.52750,pychrono
1.5900,4,566.52750,0.00000,-0.00000,566.52750,pychrono
1.5925,4,566.52750,0.00000,-0.00000,566.52750,pychrono
1.5950,4,566.52750,-0.00000,0.00000,566.52750,pychrono
1.5975,4,566.52750,0.00000,0.00000,566.52750,pychrono
1.6000,4,566.52750,0.00000,-0.00000,566.52750,pychrono
1.6025,4,566.52750,0.00000,-0.00000,566.52750,pychrono
1.6050,4,566.52750,-0.00000,0.00000,566.52750,pychrono
1.6075,4,566.52750,0.00000,-0.00000,566.52750,pychrono
1.6100,4,566.52750,-0.00000,0.00000,566.52750,pychrono
1.6125,4,566.52750,-0.00000,0.00000,566.52750,pychrono
1.6150,4,566.52750,-0.00000,-0.00000,566.52750,pychrono
1.6175,4,566.52750,-0.00000,0.00000,566.52750,pychrono
1.6200,4,566.52750,-0.00000,-0.00000,566.52750,pychrono
1.6225,4,566.52750,-0.00000,0.00000,566.52750,pychrono
1.6250,4,566.52750,0.00000,0.00000,566.52750,pychrono
1.6275,4,566.52750,-0.00000,-0.00000,566.52750,pychrono
1.6300,4,566.52750,-0.00000,-0.00000,566.52750,pychrono
1.6325,4,566.52750,0.00000,0.00000,566.52750,pychrono
1.6350,4,566.52750,-0.00000,0.00000,566.52750,pychrono
1.6375,4,566.52750,-0.00000,-0.00000,566.52750,pychrono
1.6400,4,566.52750,-0.00000,-0.00000,566.52750,pychrono
1.6425,4,566.52750,0.00000,0.00000,566.52750,pychrono
1.6450,4,566.52750,-0.00000,-0.00000,566.52750,pychrono
1.6475,4,566.52750,-0.00000,0.00000,566.52750,pychrono
1.6500,4,566.52750,0.00000,-0.00000,566.52750,pychrono
1.6525,4,566.52750,0.00000,-0.00000,566.52750,pychrono
1.6550,4,566.52750,-0.00000,0.00000,566.52750,pychrono
1.6575,4,566.52750,-0.00000,-0.00000,566.52750,pychrono
1.6600,4,566.52750,0.00000,-0.00000,566.52750,pychrono
1.6625,4,566.52750,0.00000,-0.00000,566.52750,pychrono
1.6650,4,566.52750,-0.00000,-0.00000,566.52750,pychrono
1.6675,4,566.52750,0.00000,0.00000,566.52750,pychrono
1.6700,4,566.52750,-0.00000,-0.00000,566.52750,pychrono
1.6725,4,566.52750,-0.00000,0.00000,566.52750,pychrono
1.6750,4,566.52750,0.00000,0.00000,566.52750,pychrono
1.6775,4,566.52750,0.00000,0.00000,566.52750,pychrono
1.6800,4,566.52750,-0.00000,0.00000,566.52750,pychrono
1.6825,4,566.52750,0.00000,0.00000,566.52750,pychrono
1.6850,4,566.52750,0.00000,0.00000,566.52750,pychrono
1.6875,4,566.52750,0.00000,-0.00000,566.52750,pychrono
1.6900,4,566.52750,-0.00000,0.00000,566.52750,pychrono
1.6925,4,566.52750,0.00000,0.00000,566.52750,pychrono
1.6950,4,566.52750,-0.00000,0.00000,566.52750,pychrono
1.6975,4,566.52750,0.00000,-0.00000,566.52750,pychrono
1.7000,4,566.52750,-0.00000,-0.00000,566.52750,pychrono
1.7025,4,566.52750,0.00000,0.00000,566.52750,pychrono
1.7050,4,566.52750,0.00000,0.00000,566.52750,pychrono
1.7075,4,566.52750,-0.00000,-0.00000,566.52750,pychrono
1.7100,4,566.52750,-0.00000,-0.00000,566.52750,pychrono
1.7125,4,566.52750,0.00000,0.00000,566.52750,pychrono
1.7150,4,566.52750,0.00000,0.00000,566.52750,pychrono
1.7175,4,566.52750,-0.00000,-0.00000,566.52750,pychrono
1.7200,4,566.52750,-0.00000,0.00000,566.52750,pychrono
1.7225,4,566.52750,0.00000,-0.00000,566.52750,pychrono
1.7250,4,566.52750,-0.00000,0.00000,566.52750,pychrono
1.7275,4,566.52750,0.00000,0.00000,566.52750,pychrono
1.7300,4,566.52750,-0.00000,-0.00000,566.52750,pychrono
1.7325,4,566.52750,0.00000,0.00000,566.52750,pychrono
1.7350,4,566.52750,-0.00000,0.00000,566.52750,pychrono
1.7375,4,566.52750,0.00000,0.00000,566.52750,pychrono
1.7400,4,566.52750,-0.00000,0.00000,566.52750,pychrono
1.7425,4,566.52750,-0.00000,-0.00000,566.52750,pychrono
1.7450,4,566.52750,0.00000,-0.00000,566.52750,pychrono
1.7475,4,566.52750,0.00000,0.00000,566.52750,pychrono
1.7500,4,566.52750,-0.00000,-0.00000,566.52750,pychrono
1.7525,4,566.52750,0.00000,-0.00000,566.52750,pychrono
1.7550,4,566.52750,-0.00000,0.00000,566.52750,pychrono
1.7575,4,566.52750,0.00000,0.00000,566.52750,pychrono
1.7600,4,566.52750,-0.00000,-0.00000,566.52750,pychrono
1.7625,4,566.52750,0.00000,0.00000,566.52750,pychrono
1.7650,4,566.52750,0.00000,0.00000,566.52750,pychrono
1.7675,4,566.52750,-0.00000,-0.00000,566.52750,pychrono
1.7700,4,566.52750,0.00000,0.00000,566.52750,pychrono
1.7725,4,566.52750,0.00000,0.00000,566.52750,pychrono
1.7750,4,566.52750,-0.00000,-0.00000,566.52750,pychrono
1.7775,4,566.52750,0.00000,0.00000,566.52750,pychrono
1.7800,4,566.52750,0.00000,0.00000,566.52750,pychrono
1.7825,4,566.52750,-0.00000,-0.00000,566.52750,pychrono
1.7850,4,566.52750,-0.00000,0.00000,566.52750,pychrono
1.7875,4,566.52750,-0.00000,0.00000,566.52750,pychrono
1.7900,4,566.52750,0.00000,0.00000,566.52750,pychrono
1.7925,4,566.52750,0.00000,-0.00000,566.52750,pychrono
1.7950,4,566.52750,-0.00000,0.00000,566.52750,pychrono
1.7975,4,566.52750,-0.00000,-0.00000,566.52750,pychrono
1.8000,4,566.52750,0.00000,0.00000,566.52750,pychrono
