time_s,throttle,brake,steering,drive_torque_Nm,source
0.000,0.45000,0.00000,0.00000,54.00000,pychrono
0.020,0.46100,0.00000,0.00784,55.31957,pychrono
0.040,0.47197,0.00000,0.01567,56.63659,pychrono
0.060,0.48290,0.00000,0.02349,57.94851,pychrono
0.080,0.49377,0.00000,0.03129,59.25278,pychrono
0.100,0.50456,0.00000,0.03907,60.54689,pychrono
0.120,0.51524,0.00000,0.04682,61.82832,pychrono
0.140,0.52579,0.00000,0.05453,63.09460,pychrono
0.160,0.53619,0.00000,0.06220,64.34328,pychrono
0.180,0.54643,0.00000,0.06982,65.57193,pychrono
0.200,0.55648,0.00000,0.07738,66.77818,pychrono
0.220,0.56633,0.00000,0.08488,67.95970,pychrono
0.240,0.57595,0.00000,0.09232,69.11420,pychrono
0.260,0.58533,0.00000,0.09968,70.23944,pychrono
0.280,0.59444,0.00000,0.10697,71.33325,pychrono
0.300,0.60328,0.00000,0.11417,72.39351,pychrono
0.320,0.61182,0.00000,0.12129,73.41816,pychrono
0.340,0.62004,0.00000,0.12830,74.40522,pychrono
0.360,0.62794,0.00000,0.13522,75.35279,pychrono
0.380,0.63549,0.00000,0.14203,76.25902,pychrono
0.400,0.64268,0.00000,0.14873,77.12217,pychrono
0.420,0.64950,0.00000,0.15532,77.94056,pychrono
0.440,0.65594,0.00000,0.16178,78.71260,pychrono
0.460,0.66197,0.00000,0.16811,79.43682,pychrono
0.480,0.66760,0.00000,0.17431,80.11179,pychrono
0.500,0.67280,0.00000,0.18038,80.73622,pychrono
0.520,0.67757,0.00000,0.18631,81.30890,pychrono
0.540,0.68191,0.00000,0.19208,81.82871,pychrono
0.560,0.68579,0.00000,0.19771,82.29466,pychrono
0.580,0.68922,0.00000,0.20319,82.70584,pychrono
0.600,0.69218,0.00000,0.20850,83.06145,pychrono
0.620,0.69467,0.00000,0.21365,83.36081,pychrono
0.640,0.69669,0.00000,0.21863,83.60334,pychrono
0.660,0.69824,0.00000,0.22345,83.78856,pychrono
0.680,0.69930,0.00000,0.22808,83.91612,pychrono
0.700,0.69988,0.00000,0.23254,83.98577,pychrono
0.720,0.69998,0.00000,0.23681,83.99738,pychrono
0.740,0.69959,0.00000,0.24090,83.95093,pychrono
0.760,0.69872,0.00000,0.24481,83.84650,pychrono
0.780,0.69737,0.00000,0.24851,83.68429,pychrono
0.800,0.69554,0.00000,0.25203,83.46463,pychrono
0.820,0.69323,0.00000,0.25534,83.18793,pychrono
0.840,0.69046,0.00000,0.25846,82.85473,pychrono
0.860,0.68721,0.00000,0.26137,82.46568,pychrono
0.880,0.68351,0.00000,0.26408,82.02153,pychrono
0.900,0.67936,0.00000,0.26659,81.52314,pychrono
0.920,0.67476,0.00000,0.26888,80.97147,pychrono
0.940,0.66973,0.00000,0.27096,80.36759,pychrono
0.960,0.66427,0.00000,0.27283,79.71268,pychrono
0.980,0.65840,0.00000,0.27449,79.00799,pychrono
1.000,0.65212,0.00000,0.27593,78.25489,pychrono
1.020,0.64546,0.00000,0.27715,77.45485,pychrono
1.040,0.63841,0.00000,0.27816,76.60940,pychrono
1.060,0.63100,0.00000,0.27895,75.72019,pychrono
1.080,0.62324,0.00000,0.27952,74.78893,pychrono
1.100,0.61515,0.00000,0.27987,73.81744,pychrono
1.120,0.60673,0.00000,0.28000,72.80758,pychrono
1.140,0.59801,0.00000,0.27991,71.76132,pychrono
1.160,0.58901,0.00000,0.27960,70.68067,pychrono
1.180,0.57973,0.00000,0.27908,69.56774,pychrono
1.200,0.57021,0.00000,0.27833,68.42468,pychrono
1.220,0.56045,0.00000,0.27737,67.25369,pychrono
1.240,0.55048,0.00000,0.27619,66.05705,pychrono
1.260,0.54031,0.00000,0.27479,64.83707,pychrono
1.280,0.52997,0.00000,0.27318,63.59611,pychrono
1.300,0.51947,0.00000,0.27135,62.33658,pychrono
1.320,0.50884,0.00000,0.26931,61.06091,pychrono
1.340,0.49810,0.00000,0.26706,59.77157,pychrono
1.360,0.48726,0.00000,0.26460,58.47106,pychrono
1.380,0.47635,0.00000,0.26193,57.16190,pychrono
1.400,0.46539,0.00000,0.25906,55.84661,pychrono
1.420,0.45440,0.00000,0.25598,54.52775,pychrono
1.440,0.44340,0.00000,0.25271,53.20787,pychrono
1.460,0.43241,0.00000,0.24923,51.88952,pychrono
1.480,0.42146,0.00000,0.24556,50.57526,pychrono
1.500,0.41056,0.00000,0.24170,49.26763,pychrono
1.520,0.39974,0.00000,0.23765,47.96916,pychrono
1.540,0.38902,0.00000,0.23341,46.68236,pychrono
1.560,0.37841,0.00000,0.22899,45.40972,pychrono
1.580,0.36795,0.00000,0.22439,44.15372,pychrono
1.600,0.35764,0.00000,0.21961,42.91677,pychrono
1.620,0.34751,0.00000,0.21466,41.70128,pychrono
1.640,0.33758,0.00000,0.20954,40.50959,pychrono
1.660,0.32787,0.00000,0.20426,39.34402,pychrono
1.680,0.31839,0.00000,0.19882,38.20681,pychrono
1.700,0.30917,0.00000,0.19322,37.10018,pychrono
1.720,0.30022,0.00000,0.18747,36.02626,pychrono
1.740,0.29156,0.00000,0.18158,34.98713,pychrono
1.760,0.28321,0.00000,0.17554,33.98481,pychrono
1.780,0.27518,0.00000,0.16936,33.02122,pychrono
1.800,0.26749,0.00000,0.16305,32.09825,pychrono
1.820,0.26015,0.00000,0.15662,31.21767,pychrono
1.840,0.25318,0.00000,0.15006,30.38119,pychrono
1.860,0.24659,0.00000,0.14338,29.59043,pychrono
1.880,0.24039,0.00000,0.13659,28.84692,pychrono
1.900,0.23460,0.00000,0.12969,28.15209,pychrono
1.920,0.22923,0.00000,0.12270,27.50730,pychrono
1.940,0.22428,0.00000,0.11560,26.91379,pychrono
1.960,0.21977,0.00000,0.10842,26.37272,pychrono
1.980,0.21571,0.00000,0.10115,25.88512,pychrono
2.000,0.21210,0.00000,0.09380,25.45194,pychrono
2.020,0.20895,0.00000,0.08637,25.07402,pychrono
2.040,0.20627,0.00000,0.07888,24.75209,pychrono
2.060,0.20406,0.00000,0.07133,24.48678,pychrono
2.080,0.20232,0.00000,0.06372,24.27860,pychrono
2.100,0.20107,0.00000,0.05606,24.12794,pychrono
2.120,0.20029,0.00000,0.04836,24.03512,pychrono
2.140,0.20000,0.00000,0.04062,24.00029,pychrono
2.160,0.20020,0.00000,0.03285,24.02353,pychrono
2.180,0.20087,0.00000,0.02505,24.10480,pychrono
2.200,0.20203,0.00000,0.01724,24.24394,pychrono
2.220,0.20367,0.00000,0.00940,24.44067,pychrono
2.240,0.20579,0.00000,0.00157,24.69462,pychrono
2.260,0.20838,0.00000,-0.00627,25.00530,pychrono
2.280,0.21143,0.00000,-0.01411,25.37211,pychrono
2.300,0.21495,0.00000,-0.02193,25.79432,pychrono
2.320,0.21893,0.00000,-0.02974,26.27114,pychrono
2.340,0.22335,0.00000,-0.03752,26.80163,pychrono
2.360,0.22821,0.00000,-0.04527,27.38477,pychrono
2.380,0.23350,0.00000,-0.05299,28.01942,pychrono
2.400,0.23920,0.00000,-0.06067,28.70437,pychrono
2.420,0.24532,0.00000,-0.06830,29.43828,pychrono
2.440,0.25183,0.00000,-0.07587,30.21973,pychrono
2.460,0.25873,0.00000,-0.08339,31.04722,pychrono
2.480,0.26599,0.00000,-0.09084,31.91913,pychrono
2.500,0.27361,0.00000,-0.09822,32.83379,pychrono
2.520,0.28158,0.00000,-0.10552,33.78942,pychrono
2.540,0.28987,0.00000,-0.11274,34.78417,pychrono
2.560,0.29847,0.00000,-0.11987,35.81611,pychrono
2.580,0.30736,0.00000,-0.12691,36.88326,pychrono
2.600,0.31653,0.00000,-0.13385,37.98353,pychrono
2.620,0.32596,0.00000,-0.14068,39.11481,pychrono
2.640,0.33562,0.00000,-0.14740,40.27490,pychrono
2.660,0.34551,0.00000,-0.15401,41.46156,pychrono
2.680,0.35560,0.00000,-0.16050,42.67249,pychrono
2.700,0.36588,0.00000,-0.16686,43.90535,pychrono
2.720,0.37631,0.00000,-0.17309,45.15775,pychrono
2.740,0.38689,0.00000,-0.17918,46.42726,pychrono
2.760,0.39760,0.00000,-0.18513,47.71143,pychrono
2.780,0.40840,0.00000,-0.19094,49.00777,pychrono
2.800,0.41928,0.00000,-0.19660,50.31378,pychrono
2.820,0.43022,0.00000,-0.20211,51.62692,pychrono
2.840,0.44121,0.00000,-0.20745,52.94466,pychrono
2.860,0.45220,0.00000,-0.21264,54.26444,pychrono
2.880,0.46320,0.00000,-0.21765,55.58370,pychrono
2.900,0.47417,0.00000,-0.22250,56.89991,pychrono
2.920,0.48509,0.00000,-0.22717,58.21049,pychrono
2.940,0.49594,0.00000,-0.23166,59.51293,pychrono
2.960,0.50671,0.00000,-0.23598,60.80470,pychrono
2.980,0.51736,0.00000,-0.24010,62.08329,pychrono
