time_s,x_m,y_m,z_m,speed_mps,source
0.000,-2.00000,0.00000,0.45000,1.30000,pychrono
0.020,-1.97400,0.00000,0.44608,1.31472,pychrono
0.040,-1.94800,0.00000,0.43823,1.35793,pychrono
0.060,-1.92200,0.00000,0.42646,1.42704,pychrono
0.080,-1.89600,0.00000,0.41076,1.51852,pychrono
0.100,-1.87000,0.00000,0.39114,1.62861,pychrono
0.120,-1.84400,0.00000,0.36760,1.75380,pychrono
0.140,-1.81800,0.00000,0.34013,1.89109,pychrono
0.160,-1.79200,0.00000,0.30874,2.03805,pychrono
0.180,-1.76600,0.00000,0.27342,2.19273,pychrono
0.200,-1.74000,0.00000,0.23418,2.35360,pychrono
0.220,-1.71400,0.00000,0.19102,2.51949,pychrono
0.240,-1.68800,0.00000,0.14393,2.68946,pychrono
0.260,-1.66200,0.00000,0.09292,2.86279,pychrono
0.280,-1.63600,0.00000,0.03798,3.03890,pychrono
0.300,-1.61000,0.00000,-0.02088,3.21734,pychrono
0.320,-1.58400,0.00000,-0.08366,3.39773,pychrono
0.340,-1.55800,0.00000,-0.15037,3.57979,pychrono
0.360,-1.53200,0.00000,-0.22100,3.76327,pychrono
0.380,-1.50600,0.00000,-0.29556,3.94797,pychrono
0.400,-1.48000,0.00000,-0.37404,4.13374,pychrono
0.420,-1.45400,0.00000,-0.45644,4.32042,pychrono
0.440,-1.42800,0.00000,-0.54277,4.50792,pychrono
0.460,-1.40200,0.00000,-0.63302,4.69612,pychrono
0.480,-1.37600,0.00000,-0.72720,4.88496,pychrono
0.500,-1.35000,0.00000,-0.82530,5.07435,pychrono
0.520,-1.32400,0.00000,-0.92732,5.26424,pychrono
0.540,-1.29800,0.00000,-1.03327,5.45458,pychrono
0.560,-1.27200,0.00000,-1.14314,5.64532,pychrono
0.580,-1.24600,0.00000,-1.25694,5.83642,pychrono
0.600,-1.22000,0.00000,-1.37466,6.02785,pychrono
0.620,-1.19400,0.00000,-1.49630,6.21958,pychrono
0.640,-1.16800,0.00000,-1.62187,6.41158,pychrono
0.660,-1.14200,0.00000,-1.75136,6.60382,pychrono
0.680,-1.11600,0.00000,-1.88478,6.79629,pychrono
0.700,-1.09000,0.00000,-2.02212,6.98897,pychrono
0.720,-1.06400,0.00000,-2.16338,7.18184,pychrono
0.740,-1.03800,0.00000,-2.30857,7.37488,pychrono
0.760,-1.01200,0.00000,-2.45768,7.56809,pychrono
0.780,-0.98600,0.00000,-2.61072,7.76145,pychrono
0.800,-0.96000,0.00000,-2.76768,7.95494,pychrono
0.820,-0.93400,0.00000,-2.92856,8.14857,pychrono
0.840,-0.90800,0.00000,-3.09337,8.34231,pychrono
0.860,-0.88200,0.00000,-3.26210,8.53617,pychrono
0.880,-0.85600,0.00000,-3.43476,8.73013,pychrono
0.900,-0.83000,0.00000,-3.61134,8.92419,pychrono
0.920,-0.80400,0.00000,-3.79184,9.11835,pychrono
0.940,-0.77800,0.00000,-3.97627,9.31258,pychrono
0.960,-0.75200,0.00000,-4.16462,9.50690,pychrono
0.980,-0.72600,0.00000,-4.35690,9.70130,pychrono
1.000,-0.70000,0.00000,-4.55310,9.89576,pychrono
1.020,-0.67400,0.00000,-4.75322,10.09029,pychrono
1.040,-0.64800,0.00000,-4.95727,10.28489,pychrono
1.060,-0.62200,0.00000,-5.16524,10.47955,pychrono
1.080,-0.59600,0.00000,-5.37714,10.67426,pychrono
1.100,-0.57000,0.00000,-5.59296,10.86902,pychrono
1.120,-0.54400,0.00000,-5.81270,11.06384,pychrono
1.140,-0.51800,0.00000,-6.03637,11.25870,pychrono
1.160,-0.49200,0.00000,-6.26396,11.45361,pychrono
1.180,-0.46600,0.00000,-6.49548,11.64857,pychrono
1.200,-0.44000,0.00000,-6.73092,11.84356,pychrono
1.220,-0.41400,0.00000,-6.97028,12.03860,pychrono
1.240,-0.38800,0.00000,-7.21357,12.23367,pychrono
1.260,-0.36200,0.00000,-7.46078,12.42877,pychrono
1.280,-0.33600,0.00000,-7.71192,12.62391,pychrono
1.300,-0.31000,0.00000,-7.96698,12.81909,pychrono
1.320,-0.28400,0.00000,-8.22596,13.01429,pychrono
1.340,-0.25800,0.00000,-8.48887,13.20952,pychrono
1.360,-0.23200,0.00000,-8.75570,13.40479,pychrono
1.380,-0.20600,0.00000,-9.02646,13.60007,pychrono
1.400,-0.18000,0.00000,-9.30114,13.79539,pychrono
1.420,-0.15400,0.00000,-9.57974,13.99073,pychrono
1.440,-0.12800,0.00000,-9.86227,14.18609,pychrono
1.460,-0.10200,0.00000,-10.14872,14.38148,pychrono
1.480,-0.07600,0.00000,-10.43910,14.57688,pychrono
1.500,-0.05000,0.00000,-10.73340,14.77231,pychrono
1.520,-0.02400,0.00000,-11.03162,14.96776,pychrono
1.540,0.00200,0.00000,-11.33377,15.16323,pychrono
1.560,0.02800,0.00000,-11.63984,15.35872,pychrono
1.580,0.05400,0.00000,-11.94984,15.55422,pychrono
1.600,0.08000,0.00000,-12.26376,15.74974,pychrono
1.620,0.10600,0.00000,-12.58160,15.94528,pychrono
1.640,0.13200,0.00000,-12.90337,16.14084,pychrono
1.660,0.15800,0.00000,-13.22906,16.33641,pychrono
1.680,0.18400,0.00000,-13.55868,16.53199,pychrono
1.700,0.21000,0.00000,-13.89222,16.72759,pychrono
1.720,0.23600,0.00000,-14.22968,16.92321,pychrono
1.740,0.26200,0.00000,-14.57107,17.11883,pychrono
1.760,0.28800,0.00000,-14.91638,17.31447,pychrono
1.780,0.31400,0.00000,-15.26562,17.51012,pychrono
1.800,0.34000,0.00000,-15.61878,17.70579,pychrono
1.820,0.36600,0.00000,-15.97586,17.90147,pychrono
1.840,0.39200,0.00000,-16.33687,18.09715,pychrono
1.860,0.41800,0.00000,-16.70180,18.29285,pychrono
1.880,0.44400,0.00000,-17.07066,18.48856,pychrono
1.900,0.47000,0.00000,-17.44344,18.68428,pychrono
1.920,0.49600,0.00000,-17.82014,18.88001,pychrono
1.940,0.52200,0.00000,-18.20077,19.07575,pychrono
1.960,0.54800,0.00000,-18.58532,19.27150,pychrono
1.980,0.57400,0.00000,-18.97380,19.46725,pychrono
2.000,0.60000,0.00000,-19.36620,19.66302,pychrono
2.020,0.62600,0.00000,-19.76252,19.85880,pychrono
2.040,0.65200,0.00000,-20.16277,20.05458,pychrono
2.060,0.67800,0.00000,-20.56694,20.25037,pychrono
2.080,0.70400,0.00000,-20.97504,20.44617,pychrono
2.100,0.73000,0.00000,-21.38706,20.64198,pychrono
2.120,0.75600,0.00000,-21.80300,20.83779,pychrono
2.140,0.78200,0.00000,-22.22287,21.03361,pychrono
2.160,0.80800,0.00000,-22.64666,21.22944,pychrono
2.180,0.83400,0.00000,-23.07438,21.42528,pychrono
2.200,0.86000,0.00000,-23.50602,21.62112,pychrono
2.220,0.88600,0.00000,-23.94158,21.81697,pychrono
2.240,0.91200,0.00000,-24.38107,22.01282,pychrono
2.260,0.93800,0.00000,-24.82448,22.20868,pychrono
2.280,0.96400,0.00000,-25.27182,22.40455,pychrono
2.300,0.99000,0.00000,-25.72308,22.60042,pychrono
2.320,1.01600,0.00000,-26.17826,22.79630,pychrono
2.340,1.04200,0.00000,-26.63737,22.99218,pychrono
2.360,1.06800,0.00000,-27.10040,23.18807,pychrono
2.380,1.09400,0.00000,-27.56736,23.38396,pychrono
2.400,1.12000,0.00000,-28.03824,23.57986,pychrono
