manifest_schema_id,run_id,artifact_path,artifact_type,producer_script,producer_hash,input_path,input_hash,artifact_hash,created_time,byte_size,schema_id,source,child_source_values,row_count,axis_units,smoothing_policy,event_markers,dpi,figsize,backend,evidence_level
component.artifact_manifest.v1,component_catalog_fallback_bundle,images/graphs/collision_contact_count_graph.png,graph_png,code/collision_contact/generate_collision_contact_count_graph.py,c1bd50bc6c24aa59c7ceccd1037279c3a0e5e0b5eb27dc0bd72980588f06c5b7,outputs/csv/collision_contact_probe.csv,768d4c553b67810bf912667758c459f210fc7ef55db313df7321a4f3ffba02d0,36110147a4540122bd078ebb40fd55fe3608d396e9aed64bbfba18672182d572,2026-06-01T11:41:50+00:00,33164,collision.contact_probe.v1,deterministic_contact_probe_pychrono_unavailable,,721,x=time_s [s]; y=contact_count [-],raw rows,none,180,see producer_script,matplotlib Agg,fallback_or_csv_derived_graph
component.artifact_manifest.v1,component_catalog_fallback_bundle,images/graphs/collision_contact_force_components_graph.png,graph_png,code/collision_contact/generate_collision_contact_force_components_graph.py,d5b2c017432af6c2ffd93f9aa5f984ccf10a1d7e5490b6a6379176daccc00d8d,outputs/csv/collision_contact_probe.csv,768d4c553b67810bf912667758c459f210fc7ef55db313df7321a4f3ffba02d0,6cfd6239a1432229ccf9bfe039ddfa55f26ffc7e1323c53ad5c9f1252c4e24a5,2026-06-01T11:41:51+00:00,55937,collision.contact_probe.v1,deterministic_contact_probe_pychrono_unavailable,,721,x=time_s [s]; y=contact_fx_N/contact_fy_N/contact_fz_N [N],raw rows,none,180,see producer_script,matplotlib Agg,fallback_or_csv_derived_graph
component.artifact_manifest.v1,component_catalog_fallback_bundle,images/graphs/collision_contact_force_graph.png,graph_png,code/collision_contact/generate_collision_contact_force_graph.py,4dc219135bb4b0b01c059899d5b9e2959f12eb333c963c100dae8278e876537f,outputs/csv/collision_contact_probe.csv,768d4c553b67810bf912667758c459f210fc7ef55db313df7321a4f3ffba02d0,b2f927a5655959ad613f28b8d4a315d9bc887d687b58ca9965e7943250667b6a,2026-06-01T11:41:50+00:00,48401,collision.contact_probe.v1,deterministic_contact_probe_pychrono_unavailable,,721,x=time_s [s]; y=contact_force_N [N],raw rows,none,180,see producer_script,matplotlib Agg,fallback_or_csv_derived_graph
component.artifact_manifest.v1,component_catalog_fallback_bundle,images/graphs/collision_contact_material_effect_graph.png,graph_png,code/collision_contact/generate_collision_contact_material_effect_graph.py,1d9c1fa2b21484c34591f7e41bb7bb0f1a2adefeda2df7aa6c0bb797f7b83ac6,outputs/csv/collision_contact_probe.csv,768d4c553b67810bf912667758c459f210fc7ef55db313df7321a4f3ffba02d0,4cd496d87666b02bdcca46d247af9747ab15b3d4f563165d54cb4bbec1c24d9f,2026-06-01T11:41:51+00:00,67625,collision.contact_probe.v1,deterministic_contact_probe_pychrono_unavailable,,721,x=time_s [s]; y=contact_force_N [N],raw rows grouped by material_id_a/material_id_b,none,180,see producer_script,matplotlib Agg,fallback_or_csv_derived_graph
component.artifact_manifest.v1,component_catalog_fallback_bundle,images/graphs/collision_event_timeline_graph.png,graph_png,code/collision_contact/generate_collision_event_timeline_graph.py,7da0d6f36cb05ab62a2e2e06e3e59443b35f86f89c790a9812830098966880d3,outputs/csv/collision_event_timeline.csv,a0d2db4b201729fbb92d9aaf5a10b3f0c6db0248b2882a6e8a9951540217eb47,5531bea6ba8169aacc907355444f7365a752e0df060f42610e5c4ca813dbdf85,2026-06-01T11:41:52+00:00,60116,collision.event_timeline.v1,deterministic_contact_probe_pychrono_unavailable,,1,x=time_s [s]; y=event/contact_count [-],raw event rows,collision.event_timeline.v1 event column,180,see producer_script,matplotlib Agg,fallback_or_csv_derived_graph
component.artifact_manifest.v1,component_catalog_fallback_bundle,images/graphs/data_visualization_control_inputs.png,graph_png,code/data_visualization/generate_data_visualization_control_inputs_graph.py,bbbe2bd0e2cd33d9267dd74ac7de2877d4b7b712957fba2478810223c9741aa5,outputs/csv/data_visualization_control_log.csv,23ca21d6df3c4f701943b564cbce37561b3a1ea2685ecbb3d7629ef5f5ecd44d,e4316014b7eb77e6fd7e4aa0bfe2f28e51108feb81ac0f3b390a6565a7662eb0,2026-06-01T11:52:56+00:00,81654,data.control_log.v1,fallback_pychrono_unavailable,,151,x=time_s [s]; y=throttle/brake/steering normalized [-],raw rows,none,180,see producer_script,matplotlib Agg,fallback_or_csv_derived_graph
component.artifact_manifest.v1,component_catalog_fallback_bundle,images/graphs/data_visualization_state_trajectory.png,graph_png,code/data_visualization/generate_data_visualization_state_trajectory_graph.py,fffba18a130202b99e3c09fc5dbb8957a8c77e014717fad0213bace0bb2338cc,outputs/csv/data_visualization_state_log.csv,3d4c53704cf7b0f2fa4e4ec0cbac9a462faabb0e95ade94a1cee62bd05e544a5,6a4502d31551ca9a89efef4fdbd965e1c3e517206490a452144105f1fa9f212a,2026-06-01T11:52:56+00:00,96724,data.state_log.v1,fallback_pychrono_unavailable,,151,"trajectory x=x_m [m], y=y_m [m]; speed x=time_s [s], y=speed [m/s]",raw rows,start/end row markers,180,see producer_script,matplotlib Agg,fallback_or_csv_derived_graph
component.artifact_manifest.v1,component_catalog_fallback_bundle,images/graphs/rover_vehicle_chassis_probe_graph.png,graph_png,code/rover_vehicle/generate_rover_vehicle_chassis_probe_graph.py,637d8a90fd9f0f40dc4fb834cf1c34d0addaa3dd24eb4b91ff23c05a8f746790,outputs/csv/rover_vehicle_chassis_probe.csv,6f6bf9785b9d05cb723512cffe519dba064f4bd19097e1ac97d99f0a7a6c295c,9328347c0beddef6cae937d5a758c74fdd4023dfe48f4aa5a4400a1a9b987ba0,2026-06-01T11:41:43+00:00,79531,rover.chassis_smoke_probe.v0,deterministic_chassis_probe_pychrono_unavailable,,201,"x=time_s [s]; y=z_m [m], vx_mps [m/s], motor_speed_radps [rad/s]",raw rows,none,180,see producer_script,matplotlib Agg,fallback_or_csv_derived_graph
component.artifact_manifest.v1,component_catalog_fallback_bundle,images/graphs/terrain_contact_force_probe.png,graph_png,code/environment_terrain/generate_terrain_contact_force_probe_graph.py,5c4028bc276a26fbaa0dc647c6e8ca4cd17b2db80cfe9b3bf45cf5c62fef566a,outputs/csv/environment_terrain_contact_probe.csv,b13fcf024b727d809b553687eaf5e2534eafb67612f2cea773e93315c082eeb3,1a3c8c5be1791782719d863b6a3c72f5a96836b5c03efe33397ba68cba84f2a4,2026-06-01T11:41:47+00:00,53348,terrain.contact_probe.v1,fallback_pychrono_unavailable,,201,x=time_s [s]; y=contact_force_N/contact_fx_N/contact_fy_N/contact_fz_N [N],raw rows,none,180,see producer_script,matplotlib Agg,fallback_or_csv_derived_graph
component.artifact_manifest.v1,component_catalog_fallback_bundle,images/graphs/terrain_contact_material_friction_map.png,graph_png,code/environment_terrain/generate_terrain_contact_material_friction_map_graph.py,3163c5d1f8de0fd9c9db0cfa8d11210ba17b8a61a0d9cde2c89b830c0ad48ee8,outputs/csv/environment_terrain_height_friction_sinkage.csv,c0c2172739b2c9abd4b62efeda40db798e42b14a2394d62f6c6e920b908dabc2,100a72235f34c2d7d0c45ea0388934d36684a256ae066eda24c01908d89b281e,2026-06-01T11:41:47+00:00,424497,terrain.surface_probe.v1,fallback_pychrono_unavailable,,2501,x=x_m [m]; y=y_m [m]; color=terrain_mu_query/contact_material_mu [-],raw sampled material map,none,180,see producer_script,matplotlib Agg,fallback_or_csv_derived_graph
component.artifact_manifest.v1,component_catalog_fallback_bundle,images/graphs/terrain_height_sinkage_profile.png,graph_png,code/environment_terrain/generate_terrain_height_sinkage_profile_graph.py,a8652760bf8ff1e82b2fbd3d16e9d90627e177e0f747f3f1d54ce8ee95f2dc7e,outputs/csv/environment_terrain_height_friction_sinkage.csv,c0c2172739b2c9abd4b62efeda40db798e42b14a2394d62f6c6e920b908dabc2,b40aa96b49d42e41cbf9de5e7c51abe5324b8ceab0b45974abd516d119cf2a9a,2026-06-01T11:41:46+00:00,89935,terrain.surface_probe.v1,fallback_pychrono_unavailable,,2501,"x=x_m [m]; y=height_m [m], sinkage_m [m]",raw sampled surface profile,none,180,see producer_script,matplotlib Agg,fallback_or_csv_derived_graph
component.artifact_manifest.v1,component_catalog_fallback_bundle,images/mermaid_rendered/2_2_mermaid_01.mmd,mermaid_source,,,,,98a931a8a470f9682cc56905cf43a7375eca708ab179257e4191ae0c5ec82f87,2026-05-31T12:36:14+00:00,614,,,,,,,,,,,rendered_mermaid
component.artifact_manifest.v1,component_catalog_fallback_bundle,images/mermaid_rendered/2_2_mermaid_01.png,mermaid_png,code/common/render_mermaid_01.py,1f2927666e7d4099931693431a61d88c99e62f4f57b8e162612ebde22d1a2f7f,code/common/render_mermaid_01.py,1f2927666e7d4099931693431a61d88c99e62f4f57b8e162612ebde22d1a2f7f,82fd53a87bc0398ee843f16c412feba2c3286b7183fb5c8f40219c23dc46df7a,2026-05-31T12:36:14+00:00,68092,,,,,,,,,,,rendered_mermaid
component.artifact_manifest.v1,component_catalog_fallback_bundle,images/mermaid_rendered/2_2_mermaid_02.mmd,mermaid_source,,,,,da9279a11e6e22fde81c67cb565885bda309505a22db708a7f496511ea7e2ed0,2026-06-01T06:27:59+00:00,644,,,,,,,,,,,rendered_mermaid
component.artifact_manifest.v1,component_catalog_fallback_bundle,images/mermaid_rendered/2_2_mermaid_02.png,mermaid_png,code/common/render_mermaid_02.py,67ad6d653c88a0d0a2f5542f87cfbf533514e624493746223e0ebf5ff533e36a,code/common/render_mermaid_02.py,67ad6d653c88a0d0a2f5542f87cfbf533514e624493746223e0ebf5ff533e36a,b40f91a459f6e7f1faf4aed8715d053403688834776fc78bed3a6c3afb7e9f86,2026-06-01T11:41:22+00:00,217250,,,,,,,,,,,rendered_mermaid
component.artifact_manifest.v1,component_catalog_fallback_bundle,images/mermaid_rendered/2_2_mermaid_03.mmd,mermaid_source,,,,,b71c2e00d440b2121c09db52f13ccddf9d09beffa78b1eca13aa797d99904335,2026-05-31T12:36:14+00:00,550,,,,,,,,,,,rendered_mermaid
component.artifact_manifest.v1,component_catalog_fallback_bundle,images/mermaid_rendered/2_2_mermaid_03.png,mermaid_png,code/common/render_mermaid_03.py,f9ebd7ec2bc750ec16a34ac21d804790ef4bdc4065a1cbf484801ab40127ca52,code/common/render_mermaid_03.py,f9ebd7ec2bc750ec16a34ac21d804790ef4bdc4065a1cbf484801ab40127ca52,bb9e5cf0ace9ca444807477c8882dc556ca1675ef06c108a1c066e1f2cdab376,2026-05-31T12:36:14+00:00,80359,,,,,,,,,,,rendered_mermaid
component.artifact_manifest.v1,component_catalog_fallback_bundle,images/mermaid_rendered/2_2_mermaid_04.mmd,mermaid_source,,,,,d295fa2d0d77344fb17b3f8e793ed88b1d1be5fdef221eddcf0241351733993a,2026-06-01T09:28:35+00:00,681,,,,,,,,,,,rendered_mermaid
component.artifact_manifest.v1,component_catalog_fallback_bundle,images/mermaid_rendered/2_2_mermaid_04.png,mermaid_png,code/common/render_mermaid_04.py,741f3b21a7865e1bb1d48590b0057eb072dfb1c6465648c0b433cbfd97106edc,code/common/render_mermaid_04.py,741f3b21a7865e1bb1d48590b0057eb072dfb1c6465648c0b433cbfd97106edc,f34b7d2546f7434cc9686ffd2984975fd3b4ab7993d836c524220a30feceb0be,2026-06-01T11:41:22+00:00,92680,,,,,,,,,,,rendered_mermaid
component.artifact_manifest.v1,component_catalog_fallback_bundle,images/mermaid_rendered/2_2_mermaid_05.mmd,mermaid_source,,,,,8586365e9c358771567d6f9b6deb45fb2a18fecc5bf943c938d0da38cc810fd7,2026-06-01T09:28:35+00:00,527,,,,,,,,,,,rendered_mermaid
component.artifact_manifest.v1,component_catalog_fallback_bundle,images/mermaid_rendered/2_2_mermaid_05.png,mermaid_png,code/common/render_mermaid_05.py,e37c5eade19f1642efbc773faa842c68ee0ccb6703ad306538cde0064743069f,code/common/render_mermaid_05.py,e37c5eade19f1642efbc773faa842c68ee0ccb6703ad306538cde0064743069f,71ee7107a8a1627a90be546f783d5ce6d2129a332ef0b8642884f0027c00771c,2026-06-01T11:41:22+00:00,54817,,,,,,,,,,,rendered_mermaid
component.artifact_manifest.v1,component_catalog_fallback_bundle,images/mermaid_rendered/2_2_mermaid_06.mmd,mermaid_source,,,,,0e900e0a7f1da5b344f8a445198c6ef718cdd84fa0e8890ffaf7819b87101e09,2026-06-01T04:17:00+00:00,620,,,,,,,,,,,rendered_mermaid
component.artifact_manifest.v1,component_catalog_fallback_bundle,images/mermaid_rendered/2_2_mermaid_06.png,mermaid_png,code/common/render_mermaid_06.py,74cfcae003d84f2d6d705530598382358d880eb2fca1d16d2e0d979033a47954,code/common/render_mermaid_06.py,74cfcae003d84f2d6d705530598382358d880eb2fca1d16d2e0d979033a47954,31d2310b24d3065d3fbfecd0124f18f02f1249e411b59d02369278462e311149,2026-06-01T11:41:23+00:00,132722,,,,,,,,,,,rendered_mermaid
component.artifact_manifest.v1,component_catalog_fallback_bundle,images/mermaid_rendered/mermaid_config.json,json,,,,,532d4582826bfdade29cda1395675184b9051ea0c61a38a84dfd6488c52eefb2,2026-05-31T12:36:14+00:00,276,,,,,,,,,,,rendered_mermaid
component.artifact_manifest.v1,component_catalog_fallback_bundle,images/renders/chrono_builtin_robot_rover_assets.png,render_png,code/common/generate_chrono_builtin_robot_rover_assets_render.py,8eb21f16abb7990a077de72c48380e6b20acc2646719b1c327e8b42dd6293bf5,code/common/generate_chrono_builtin_robot_rover_assets_render.py,8eb21f16abb7990a077de72c48380e6b20acc2646719b1c327e8b42dd6293bf5,0efb55ba2a39ba6fd9d0ab868d412756efc5230e93e7f74046643f376ed1afc9,2026-06-01T11:41:37+00:00,688721,visual.render_manifest.v1,pychrono_vsg_capture,,,,,,180,see producer_script,,pychrono_vsg_capture
component.artifact_manifest.v1,component_catalog_fallback_bundle,images/renders/chrono_builtin_tracked_vehicle_assets.png,render_png,code/common/generate_chrono_builtin_tracked_vehicle_assets_render.py,53355620f4b8440029f87fb703309f8b4d1862d0ff8b7286a8f5b2d710c33e2c,code/common/generate_chrono_builtin_tracked_vehicle_assets_render.py,53355620f4b8440029f87fb703309f8b4d1862d0ff8b7286a8f5b2d710c33e2c,4469f44d648be3060309d30bae437852094c1888c5e55049944fd2898a47e36d,2026-06-01T11:41:31+00:00,35015,visual.render_manifest.v1,pychrono_vsg_capture,,,,,,180,see producer_script,,pychrono_vsg_capture
component.artifact_manifest.v1,component_catalog_fallback_bundle,images/renders/chrono_builtin_wheeled_vehicle_assets.png,render_png,code/common/generate_chrono_builtin_wheeled_vehicle_assets_render.py,cd55a0dc9ade44c22954f25268d1557cfc2f3e3c83b3b6ec50be58d3fc09d99a,code/common/generate_chrono_builtin_wheeled_vehicle_assets_render.py,cd55a0dc9ade44c22954f25268d1557cfc2f3e3c83b3b6ec50be58d3fc09d99a,1bc082b30236b043d7cdefe01a87b2aba025c281f7eeecebc57f48ab0d64c8ff,2026-06-01T11:41:29+00:00,61869,visual.render_manifest.v1,pychrono_vsg_capture,,,,,,180,see producer_script,,pychrono_vsg_capture
component.artifact_manifest.v1,component_catalog_fallback_bundle,images/renders/chrono_curiosity_vsg_capture.png,render_png,code/common/generate_chrono_builtin_robot_rover_assets_render.py,8eb21f16abb7990a077de72c48380e6b20acc2646719b1c327e8b42dd6293bf5,code/common/generate_chrono_builtin_robot_rover_assets_render.py,8eb21f16abb7990a077de72c48380e6b20acc2646719b1c327e8b42dd6293bf5,8ce263fb6b6d0de4a7b461efcc55450944d80c6e89cb7142fa7af0533340cda6,2026-06-01T11:41:37+00:00,716585,visual.render_manifest.v1,pychrono_vsg_capture,,,,,,180,see producer_script,,pychrono_vsg_capture
component.artifact_manifest.v1,component_catalog_fallback_bundle,images/renders/chrono_default_shape_types.png,render_png,code/common/generate_chrono_default_shape_types_render.py,be7a866d822a1afd5f9baf0b96dc92994959cbaad939969b2ca1858daec8d6b8,code/common/generate_chrono_default_shape_types_render.py,be7a866d822a1afd5f9baf0b96dc92994959cbaad939969b2ca1858daec8d6b8,b41b1e0b6787a1a900a38645ff65f7b7a0bae04903e3caa46c6847fba2358bf3,2026-06-01T11:41:27+00:00,132756,,,,,,,,180,see producer_script,,concept_render
component.artifact_manifest.v1,component_catalog_fallback_bundle,images/renders/chrono_module_coverage_map.png,render_png,code/common/generate_chrono_module_coverage_map_render.py,d1c9fbb049c53d518439e817b71b66693a595499fef7631873bed98b3b06c470,code/common/generate_chrono_module_coverage_map_render.py,d1c9fbb049c53d518439e817b71b66693a595499fef7631873bed98b3b06c470,9df1e460f3212a6cbe150a18e970ee3b30ea7387227b4af4011a902a51f92665,2026-06-01T11:41:25+00:00,317739,,,,,,,,180,see producer_script,,concept_render
component.artifact_manifest.v1,component_catalog_fallback_bundle,images/renders/chrono_optional_module_dependency_ladder.png,render_png,code/common/generate_chrono_optional_module_dependency_ladder_render.py,d0ba6c8a187c3fad98dc14c453f3b94bd5a97d566674bc7703487e8812180c63,code/common/generate_chrono_optional_module_dependency_ladder_render.py,d0ba6c8a187c3fad98dc14c453f3b94bd5a97d566674bc7703487e8812180c63,719dc3aae8340f4707d0edd47992b68306d3ea8d0f0ee7e4c643d3747cfd672c,2026-06-01T11:41:26+00:00,294182,,,,,,,,180,see producer_script,,concept_render
component.artifact_manifest.v1,component_catalog_fallback_bundle,images/renders/chrono_viper_vsg_capture.png,render_png,code/common/generate_chrono_builtin_robot_rover_assets_render.py,8eb21f16abb7990a077de72c48380e6b20acc2646719b1c327e8b42dd6293bf5,code/common/generate_chrono_builtin_robot_rover_assets_render.py,8eb21f16abb7990a077de72c48380e6b20acc2646719b1c327e8b42dd6293bf5,01516e410baa3a4023e978b19cf8c71b0782af6722a98583b69c944f6601cce4,2026-06-01T11:41:34+00:00,611436,visual.render_manifest.v1,pychrono_vsg_capture,,,,,,180,see producer_script,,pychrono_vsg_capture
component.artifact_manifest.v1,component_catalog_fallback_bundle,images/renders/collision_contact_components.png,render_png,code/collision_contact/generate_collision_contact_components_render.py,eddf28d52355e7204a99acb40c194eb7729c99aab445f2ff0c718243a0f0b924,code/collision_contact/generate_collision_contact_components_render.py,eddf28d52355e7204a99acb40c194eb7729c99aab445f2ff0c718243a0f0b924,7434a0bb0534fd63e1a9f10c60dc2ff35aa3c779161b02b73f376ac9a52814bf,2026-06-01T11:41:48+00:00,95278,,,,,,,,180,see producer_script,,concept_render
component.artifact_manifest.v1,component_catalog_fallback_bundle,images/renders/collision_contact_debug_vectors.png,render_png,code/collision_contact/generate_collision_contact_debug_vectors_render.py,2d1007f5a9cd4610d8ad6543283f7b0f8268c82816e78bedb1cce35584aa87cf,code/collision_contact/generate_collision_contact_debug_vectors_render.py,2d1007f5a9cd4610d8ad6543283f7b0f8268c82816e78bedb1cce35584aa87cf,7237493e6348991b86a6b44a5dac3fe9fd97d1b1a2576def306f2b31ea57d55a,2026-06-01T11:41:49+00:00,89672,,,,,,,,180,see producer_script,,concept_render
component.artifact_manifest.v1,component_catalog_fallback_bundle,images/renders/collision_contact_measurement_catalog.png,render_png,code/collision_contact/generate_collision_contact_measurement_catalog_render.py,bb9737d531bfdd77a3b1354bbbb15677c77f10f07257ff5971f35694b08d1100,code/collision_contact/generate_collision_contact_measurement_catalog_render.py,bb9737d531bfdd77a3b1354bbbb15677c77f10f07257ff5971f35694b08d1100,503da368b3d496023ffc96236c943e31af22818da3b127ceb1b6c86b324725e4,2026-06-01T11:41:48+00:00,218964,,,,,,,,180,see producer_script,,concept_render
component.artifact_manifest.v1,component_catalog_fallback_bundle,images/renders/collision_contact_reporter_scope.png,render_png,code/collision_contact/generate_collision_contact_reporter_scope_render.py,7bf73393b640b4275553c150807e256ed6d2ffcd2d99383dae751408c5db05c0,code/collision_contact/generate_collision_contact_reporter_scope_render.py,7bf73393b640b4275553c150807e256ed6d2ffcd2d99383dae751408c5db05c0,78f2a84a90f52186c8eea0b3d528df902d52458abd43dc77e72bb92888779874,2026-06-01T11:41:49+00:00,132806,,,,,,,,180,see producer_script,,concept_render
component.artifact_manifest.v1,component_catalog_fallback_bundle,images/renders/collision_visual_vs_collision_shape.png,render_png,code/collision_contact/generate_collision_visual_vs_collision_shape_render.py,0d32efdb68f2f553b731cca7c3e901239bf6e69b68ba55b7770087b2c77780c2,code/collision_contact/generate_collision_visual_vs_collision_shape_render.py,0d32efdb68f2f553b731cca7c3e901239bf6e69b68ba55b7770087b2c77780c2,61e94927a4f38ae82da82330d8aaf781b5e271b3b10b33358837853ecdee48ad,2026-06-01T11:41:49+00:00,99896,,,,,,,,180,see producer_script,,concept_render
component.artifact_manifest.v1,component_catalog_fallback_bundle,images/renders/component_catalog_atlas.png,render_png,code/common/generate_component_catalog_atlas_render.py,4485eeb6f818f481489298a4f9c44659205a75aa0357aed7939d1c5d179e30e6,code/common/generate_component_catalog_atlas_render.py,4485eeb6f818f481489298a4f9c44659205a75aa0357aed7939d1c5d179e30e6,573d92b31284c1e6b8323b8e75dc7dcece421385de0c4f0cf5b753be84e0af3d,2026-06-01T11:41:26+00:00,241064,,,,,,,,180,see producer_script,,concept_render
component.artifact_manifest.v1,component_catalog_fallback_bundle,images/renders/core_physics_solver_constraint_catalog.png,render_png,code/common/generate_core_physics_solver_constraint_catalog_render.py,b0bbfb74f6218ff09069cdfac68be0ab7177392419a1afe2044881dec32c2802,code/common/generate_core_physics_solver_constraint_catalog_render.py,b0bbfb74f6218ff09069cdfac68be0ab7177392419a1afe2044881dec32c2802,ff7d81781c89420876632e72654b79e8120f502b45d37454d81f570c4ec90bc2,2026-06-01T11:41:24+00:00,259497,,,,,,,,180,see producer_script,,concept_render
component.artifact_manifest.v1,component_catalog_fallback_bundle,images/renders/data_visualization_artifact_catalog.png,render_png,code/data_visualization/generate_data_visualization_artifact_catalog_render.py,71c7e9fe9e5f33b8745554a1a30c36b7cffab46aecfe2c2bc8d59d3cdcac5d5c,code/data_visualization/generate_data_visualization_artifact_catalog_render.py,71c7e9fe9e5f33b8745554a1a30c36b7cffab46aecfe2c2bc8d59d3cdcac5d5c,94105b95fb3c2f1bd90edd4cdf11a4a941916d2a6a00b283aacdfc3a580a209b,2026-06-01T11:52:55+00:00,182218,,,,,,,,180,see producer_script,,concept_render
component.artifact_manifest.v1,component_catalog_fallback_bundle,images/renders/data_visualization_sensor_components.png,render_png,code/data_visualization/generate_data_visualization_sensor_components_render.py,aa0b0725c68cfe27e132b2d5756cf95284ef1760f6b0a9b33a775e8a00ecf9e6,code/data_visualization/generate_data_visualization_sensor_components_render.py,aa0b0725c68cfe27e132b2d5756cf95284ef1760f6b0a9b33a775e8a00ecf9e6,79998a4031cc88f484466b5a1a9870ba9dfccd4765e3052017b599781514ab63,2026-06-01T11:52:55+00:00,167460,,,,,,,,180,see producer_script,,concept_render
component.artifact_manifest.v1,component_catalog_fallback_bundle,images/renders/data_visualization_sensor_pipeline_catalog.png,render_png,code/data_visualization/generate_data_visualization_sensor_pipeline_catalog_render.py,b1d8ae9ef4770dd80981868e4bb35b574a259da0bdd200ffca198d6aff461ec4,code/data_visualization/generate_data_visualization_sensor_pipeline_catalog_render.py,b1d8ae9ef4770dd80981868e4bb35b574a259da0bdd200ffca198d6aff461ec4,7fe7129b4bdc6f69ceaef7b4f3f717dca8dd0bfb1a7ac86f27486a6ded942447,2026-06-01T11:52:56+00:00,278302,,,,,,,,180,see producer_script,,concept_render
component.artifact_manifest.v1,component_catalog_fallback_bundle,images/renders/external_integration_component_map.png,render_png,code/common/generate_external_integration_component_map_render.py,47e9e0036c3c6cfc795522550dc90ced9a1f23aa7563a0709a07474d5a983b02,code/common/generate_external_integration_component_map_render.py,47e9e0036c3c6cfc795522550dc90ced9a1f23aa7563a0709a07474d5a983b02,89d3bfad1479a605da7e4af822713b012c75df9a659615d0df060b0849fd4c7d,2026-06-01T11:41:27+00:00,260604,,,,,,,,180,see producer_script,,concept_render
component.artifact_manifest.v1,component_catalog_fallback_bundle,images/renders/flexible_body_fea_modal_component_catalog.png,render_png,code/common/generate_flexible_body_fea_modal_component_catalog_render.py,082d874d01bced4982470e6fa2a17d01a69f940ba711604dec59fd6357f8aa60,code/common/generate_flexible_body_fea_modal_component_catalog_render.py,082d874d01bced4982470e6fa2a17d01a69f940ba711604dec59fd6357f8aa60,b94816dd8ae512aaa0b001e29d9612367578e0d10305e939d6dba9744d6b1704,2026-06-01T11:41:24+00:00,299338,,,,,,,,180,see producer_script,,concept_render
component.artifact_manifest.v1,component_catalog_fallback_bundle,images/renders/manual_chrono/README.md,md,,,,,b55035e3275f757fded0399bc0166f01424674a6d26aac4610435a96d6849da0,2026-05-31T14:56:05+00:00,887,,,,,,,,,,,concept_render
component.artifact_manifest.v1,component_catalog_fallback_bundle,images/renders/rover_axle_joint_component.png,render_png,code/rover_vehicle/generate_rover_axle_joint_component_render.py,dc0960ac3d43aa8dbd01580cae835c8c682aa1d6965e9b8c54211ecda98bc142,code/rover_vehicle/generate_rover_axle_joint_component_render.py,dc0960ac3d43aa8dbd01580cae835c8c682aa1d6965e9b8c54211ecda98bc142,604c7669f3794a7aef47303df4aa854858012523034cfd3d32fdb595ce3efab4,2026-06-01T11:41:39+00:00,127657,,,,,,,,180,see producer_script,,concept_render
component.artifact_manifest.v1,component_catalog_fallback_bundle,images/renders/rover_driver_input_controller_component.png,render_png,code/rover_vehicle/generate_rover_driver_input_controller_component_render.py,ec8268e76ec6c1329dc0b28662c1747e1c4e7af93d9f8cccedf47da61f483ec4,code/rover_vehicle/generate_rover_driver_input_controller_component_render.py,ec8268e76ec6c1329dc0b28662c1747e1c4e7af93d9f8cccedf47da61f483ec4,9b206957dd38ef2c321be56df5c9b4bfb60033561fbc684c9f85eb953de26800,2026-06-01T11:41:40+00:00,231577,,,,,,,,180,see producer_script,,concept_render
component.artifact_manifest.v1,component_catalog_fallback_bundle,images/renders/rover_initial_state_component.png,render_png,code/rover_vehicle/generate_rover_initial_state_component_render.py,39d9fc95d256cc2ddbc0335fac6fba09ea2ed018375c53411589a2ed9ecaed30,code/rover_vehicle/generate_rover_initial_state_component_render.py,39d9fc95d256cc2ddbc0335fac6fba09ea2ed018375c53411589a2ed9ecaed30,f2fc322190ef5a6ec81096f6db34f0ce80c05270175084643fb051dec8a55e81,2026-06-01T11:41:42+00:00,140296,,,,,,,,180,see producer_script,,concept_render
component.artifact_manifest.v1,component_catalog_fallback_bundle,images/renders/rover_motor_drive_component.png,render_png,code/rover_vehicle/generate_rover_motor_drive_component_render.py,007a4fdd795b5d557dee0e39376d284f2fa0c2d77474988fabfa789ca18c1e9f,code/rover_vehicle/generate_rover_motor_drive_component_render.py,007a4fdd795b5d557dee0e39376d284f2fa0c2d77474988fabfa789ca18c1e9f,f0ec9fb81b75de25905216e4712e2af4981d4acfcf028c8900466df166d32970,2026-06-01T11:41:39+00:00,150506,,,,,,,,180,see producer_script,,concept_render
component.artifact_manifest.v1,component_catalog_fallback_bundle,images/renders/rover_payload_sensor_mount_component.png,render_png,code/rover_vehicle/generate_rover_payload_sensor_mount_component_render.py,65b618ef775d595f433f0019fabeefec4f6cc9ce76ed686d7e48fbee1a735a55,code/rover_vehicle/generate_rover_payload_sensor_mount_component_render.py,65b618ef775d595f433f0019fabeefec4f6cc9ce76ed686d7e48fbee1a735a55,812135343380099aefa3db2f0447a19f448104c459a4ecd13a7418357cc99053,2026-06-01T11:41:38+00:00,130297,,,,,,,,180,see producer_script,,concept_render
component.artifact_manifest.v1,component_catalog_fallback_bundle,images/renders/rover_powertrain_driveline_brake_tire_flow.png,render_png,code/rover_vehicle/generate_rover_powertrain_driveline_brake_tire_flow_render.py,026e64d059853a1c6d7c9af4eff44ada32c2aa02ddc04f0b209a2b6f98e5fa4b,code/rover_vehicle/generate_rover_powertrain_driveline_brake_tire_flow_render.py,026e64d059853a1c6d7c9af4eff44ada32c2aa02ddc04f0b209a2b6f98e5fa4b,0d914e0de49eba9cf2812d0ff558f5e6c461d62440678a98d47182d85efb7566,2026-06-01T11:41:40+00:00,234018,,,,,,,,180,see producer_script,,concept_render
component.artifact_manifest.v1,component_catalog_fallback_bundle,images/renders/rover_steering_component.png,render_png,code/rover_vehicle/generate_rover_steering_component_render.py,7e3367684b38f9a5244f05d31d0b8100b2e2c545829f70c3e2b271bfef1c2eea,code/rover_vehicle/generate_rover_steering_component_render.py,7e3367684b38f9a5244f05d31d0b8100b2e2c545829f70c3e2b271bfef1c2eea,631ac22150cdfb47be52b01d640cbde6aa2e8c587b08ebf93a2895f5d34726de,2026-06-01T11:41:41+00:00,128499,,,,,,,,180,see producer_script,,concept_render
component.artifact_manifest.v1,component_catalog_fallback_bundle,images/renders/rover_suspension_steering_components.png,render_png,code/rover_vehicle/generate_rover_suspension_steering_components_render.py,771108b3fb8bcc069a78e08e46be842c37d03943e49aae9e4c07e98b00750a69,code/rover_vehicle/generate_rover_suspension_steering_components_render.py,771108b3fb8bcc069a78e08e46be842c37d03943e49aae9e4c07e98b00750a69,7e8fb933dd2ee8b417a8bed98aa2a5e33e00314222867ecf6564748dba26cd0b,2026-06-01T11:41:41+00:00,121155,,,,,,,,180,see producer_script,,concept_render
component.artifact_manifest.v1,component_catalog_fallback_bundle,images/renders/rover_vehicle_component_overview.png,render_png,code/rover_vehicle/generate_rover_vehicle_component_overview_render.py,dd647147766cb59a08b452a06674bedf674efed8f7adbe38b64bdc20a0cc403e,code/rover_vehicle/generate_rover_vehicle_component_overview_render.py,dd647147766cb59a08b452a06674bedf674efed8f7adbe38b64bdc20a0cc403e,874725fc6d44b82a4afcacc328fb5c2d7935ef0c690099dc350e6ea751974ba0,2026-06-01T11:41:37+00:00,131028,,,,,,,,180,see producer_script,,concept_render
component.artifact_manifest.v1,component_catalog_fallback_bundle,images/renders/rover_vehicle_subsystem_ownership_map.png,render_png,code/rover_vehicle/generate_rover_vehicle_subsystem_ownership_map_render.py,b8e60875ac2fbb1545df4e321c6341a754bc3e5af0230daa16909de162d8d4d0,code/rover_vehicle/generate_rover_vehicle_subsystem_ownership_map_render.py,b8e60875ac2fbb1545df4e321c6341a754bc3e5af0230daa16909de162d8d4d0,4efc585a9b02320ca044d94f9d26e54751533bac810c3d1a541320ae061cc60d,2026-06-01T11:41:38+00:00,218113,,,,,,,,180,see producer_script,,concept_render
component.artifact_manifest.v1,component_catalog_fallback_bundle,images/renders/rover_visual_collision_shapes.png,render_png,code/rover_vehicle/generate_rover_visual_collision_shapes_render.py,6e210e713df3da5fe92447ca75b1cf19e743e525462fb77becb572d225e654fb,code/rover_vehicle/generate_rover_visual_collision_shapes_render.py,6e210e713df3da5fe92447ca75b1cf19e743e525462fb77becb572d225e654fb,b12b334eec2b2cc1ea9ca9974e0cf8d5ef7d6667b5f70d4d4e39567687182669,2026-06-01T11:41:42+00:00,204259,,,,,,,,180,see producer_script,,concept_render
component.artifact_manifest.v1,component_catalog_fallback_bundle,images/renders/rover_wheel_tire_component.png,render_png,code/rover_vehicle/generate_rover_wheel_tire_component_render.py,e4c8e8cab206e241b862335c33bf9866aa59334ed8a7f022e4cfb04c8ac8c53d,code/rover_vehicle/generate_rover_wheel_tire_component_render.py,e4c8e8cab206e241b862335c33bf9866aa59334ed8a7f022e4cfb04c8ac8c53d,9e731f0a5fbda5598306f03b31ba1f7cdd004546426d418d156991b7c4e9045a,2026-06-01T11:41:39+00:00,119420,,,,,,,,180,see producer_script,,concept_render
component.artifact_manifest.v1,component_catalog_fallback_bundle,images/renders/runtime_config_component_map.png,render_png,code/common/generate_runtime_config_component_map_render.py,f0b3d402a84f0e0042d8e26645250e89e409e2d9da94e76d6ff60ff84e0b08f2,code/common/generate_runtime_config_component_map_render.py,f0b3d402a84f0e0042d8e26645250e89e409e2d9da94e76d6ff60ff84e0b08f2,5c8e97ade16a896c220038220aa6d3b8978e4ec68a8b91b26b4519595c6f1888,2026-06-01T11:41:23+00:00,223651,,,,,,,,180,see producer_script,,concept_render
component.artifact_manifest.v1,component_catalog_fallback_bundle,images/renders/terrain_advanced_selection_catalog.png,render_png,code/environment_terrain/generate_terrain_advanced_selection_catalog_render.py,d7aaba23c8f76d1da3ca661e49f0bfc53325f4d0d3e63ae11a63647fcb1cb5cc,code/environment_terrain/generate_terrain_advanced_selection_catalog_render.py,d7aaba23c8f76d1da3ca661e49f0bfc53325f4d0d3e63ae11a63647fcb1cb5cc,21c6fe317531871cae7612825082e434ba23a64a193cc439840b2006446d0eff,2026-06-01T11:41:46+00:00,248677,,,,,,,,180,see producer_script,,concept_render
component.artifact_manifest.v1,component_catalog_fallback_bundle,images/renders/terrain_contact_material_regions.png,render_png,code/environment_terrain/generate_terrain_contact_material_regions_render.py,e483920be5db6d82e483bffada5a5aa85f17d73309e3be0808927bdb615ca404,code/environment_terrain/generate_terrain_contact_material_regions_render.py,e483920be5db6d82e483bffada5a5aa85f17d73309e3be0808927bdb615ca404,6db975288119b49193f9a79d9c0378c24c1b45d321add4c04a175bf87f47a98c,2026-06-01T11:41:44+00:00,158326,,,,,,,,180,see producer_script,,concept_render
component.artifact_manifest.v1,component_catalog_fallback_bundle,images/renders/terrain_environment_field_component.png,render_png,code/environment_terrain/generate_terrain_environment_field_component_render.py,af6597e3ea2aa4dc96314aab7b003f909712d5b91ee02aae8b8a152ee4243479,code/environment_terrain/generate_terrain_environment_field_component_render.py,af6597e3ea2aa4dc96314aab7b003f909712d5b91ee02aae8b8a152ee4243479,a87de3ccdbd0cff3e89a9d088c223a92afc13335872c5eed72d1fc54dfb80574,2026-06-01T11:41:45+00:00,69108,,,,,,,,180,see producer_script,,concept_render
component.artifact_manifest.v1,component_catalog_fallback_bundle,images/renders/terrain_ground_obstacle_components.png,render_png,code/environment_terrain/generate_terrain_ground_obstacle_components_render.py,c14999ffb3da90e6cd5d62ff93a435247e43f507cd503646397946ad2e890ea6,code/environment_terrain/generate_terrain_ground_obstacle_components_render.py,c14999ffb3da90e6cd5d62ff93a435247e43f507cd503646397946ad2e890ea6,5aa19acceb2aa86c3f0d43617a61c19bf44bdb49f212255c9f5edef2ebb1b09e,2026-06-01T11:41:43+00:00,114474,,,,,,,,180,see producer_script,,concept_render
component.artifact_manifest.v1,component_catalog_fallback_bundle,images/renders/terrain_heightmap_component.png,render_png,code/environment_terrain/generate_terrain_heightmap_component_render.py,1731c777e11484c8f5c3f3d0a56f5c05a3689c07993fe152290af93783916a56,code/environment_terrain/generate_terrain_heightmap_component_render.py,1731c777e11484c8f5c3f3d0a56f5c05a3689c07993fe152290af93783916a56,145019be7e7a5594924775d49541dc261fd64cbd8d61492a22a4bd42663e7990,2026-06-01T11:41:45+00:00,158816,,,,,,,,180,see producer_script,,concept_render
component.artifact_manifest.v1,component_catalog_fallback_bundle,images/renders/terrain_rigid_patch_component.png,render_png,code/environment_terrain/generate_terrain_rigid_patch_component_render.py,43efd7b97e6f8105fb70026299878f8533458ade3ff195214e1dd3947ae2e41e,code/environment_terrain/generate_terrain_rigid_patch_component_render.py,43efd7b97e6f8105fb70026299878f8533458ade3ff195214e1dd3947ae2e41e,511152474dccf03758abe788f2a3eb5cbc7cb654b786e9355641f98bcfde63da,2026-06-01T11:41:44+00:00,96320,,,,,,,,180,see producer_script,,concept_render
component.artifact_manifest.v1,component_catalog_fallback_bundle,images/renders/terrain_scm_deformation_component.png,render_png,code/environment_terrain/generate_terrain_scm_deformation_component_render.py,fb8ad81ab8508d2d875da2f85f3002acbc9c3c0f2a2172d85e419f6f0957f67c,code/environment_terrain/generate_terrain_scm_deformation_component_render.py,fb8ad81ab8508d2d875da2f85f3002acbc9c3c0f2a2172d85e419f6f0957f67c,c13c19147264b7dc3c1cccfc4eec77e2cfbd675c535be92a060c2cf616358e5c,2026-06-01T11:41:45+00:00,198631,,,,,,,,180,see producer_script,,concept_render
component.artifact_manifest.v1,component_catalog_fallback_bundle,images/renders/tracked_vehicle_components.png,render_png,code/rover_vehicle/generate_tracked_vehicle_components_render.py,d229abc37a6e3c947694e2a63592c8e862b3618ce05c8fab9a7a0b51d3afd1b2,code/rover_vehicle/generate_tracked_vehicle_components_render.py,d229abc37a6e3c947694e2a63592c8e862b3618ce05c8fab9a7a0b51d3afd1b2,aa9135285baef2201a3ab12a9c8599af8bd52974f854daf3773bc1e05831f4c4,2026-06-01T11:41:42+00:00,171460,,,,,,,,180,see producer_script,,concept_render
component.artifact_manifest.v1,component_catalog_fallback_bundle,outputs/csv/asset_manifest.csv,csv,code/common/generate_component_artifact_manifest.py,84d5bb9cf7099514bad02f1a9e8b11072b13d8a744d49963a2cb33b912254429,code/common/generate_component_artifact_manifest.py,84d5bb9cf7099514bad02f1a9e8b11072b13d8a744d49963a2cb33b912254429,d3bd50735a49274d993c3215df453903b33d15b303c5b7ab5d20c8f6d55496a5,2026-06-01T11:53:05+00:00,2818,model.asset_manifest.v1,generated_report_metadata,fallback_model_integration_schema_only;pychrono_vsg_capture,7,,,,,,,generated_report_artifact
component.artifact_manifest.v1,component_catalog_fallback_bundle,outputs/csv/boundary_condition_map.csv,csv,code/common/generate_component_artifact_manifest.py,84d5bb9cf7099514bad02f1a9e8b11072b13d8a744d49963a2cb33b912254429,code/common/generate_component_artifact_manifest.py,84d5bb9cf7099514bad02f1a9e8b11072b13d8a744d49963a2cb33b912254429,d51c1a5a916933329e2340c87d9a81b189c5585ab56dcf903c2679cc53a6122e,2026-06-01T11:53:05+00:00,848,flex.boundary_condition_map.v1,generated_report_metadata,fallback_flex_fea_schema_only,2,,,,,,,generated_report_artifact
component.artifact_manifest.v1,component_catalog_fallback_bundle,outputs/csv/cad_shape_manifest.csv,csv,code/common/generate_component_artifact_manifest.py,84d5bb9cf7099514bad02f1a9e8b11072b13d8a744d49963a2cb33b912254429,code/common/generate_component_artifact_manifest.py,84d5bb9cf7099514bad02f1a9e8b11072b13d8a744d49963a2cb33b912254429,d086e1c8d909ff8e2fdbe0f84b7c3c9801ba4806c57e41cb0155ac22fe8d2f0a,2026-06-01T11:53:05+00:00,556,asset.cad_shape_manifest.v1,generated_report_metadata,fallback_model_integration_schema_only,1,,,,,,,generated_report_artifact
component.artifact_manifest.v1,component_catalog_fallback_bundle,outputs/csv/checkpoint_manifest.csv,csv,code/common/generate_component_artifact_manifest.py,84d5bb9cf7099514bad02f1a9e8b11072b13d8a744d49963a2cb33b912254429,code/common/generate_component_artifact_manifest.py,84d5bb9cf7099514bad02f1a9e8b11072b13d8a744d49963a2cb33b912254429,e66b688a09e40efcf6a0884b1000b01be97f146967778567bfd23dd41e77406d,2026-06-01T11:53:05+00:00,1806,data.checkpoint_manifest.v1,generated_report_metadata,fallback_checkpoint_manifest_only,3,,,,,,,generated_report_artifact
component.artifact_manifest.v1,component_catalog_fallback_bundle,outputs/csv/collision_backend_comparison.csv,csv,code/collision_contact/generate_collision_contact_components.py,927ab18960348cb0c63aea7f6c3cbe801407f3320721239f72ee1971a6880fa9,code/collision_contact/generate_collision_contact_components.py,927ab18960348cb0c63aea7f6c3cbe801407f3320721239f72ee1971a6880fa9,a5ede606715ab4aa8d06493f437d1fa9cefb945ff77cb24e059fc3b9aaf8737a,2026-06-01T11:41:20+00:00,525,collision.backend_comparison.v1,deterministic_contact_probe_pychrono_unavailable,,1,,,,,,,fallback_schema_probe
component.artifact_manifest.v1,component_catalog_fallback_bundle,outputs/csv/collision_contact_probe.csv,csv,code/collision_contact/generate_collision_contact_components.py,927ab18960348cb0c63aea7f6c3cbe801407f3320721239f72ee1971a6880fa9,code/collision_contact/generate_collision_contact_components.py,927ab18960348cb0c63aea7f6c3cbe801407f3320721239f72ee1971a6880fa9,768d4c553b67810bf912667758c459f210fc7ef55db313df7321a4f3ffba02d0,2026-06-01T11:41:51+00:00,520826,collision.contact_probe.v1,deterministic_contact_probe_pychrono_unavailable,,721,,,,,,,fallback_schema_probe
component.artifact_manifest.v1,component_catalog_fallback_bundle,outputs/csv/collision_event_timeline.csv,csv,code/collision_contact/generate_collision_contact_components.py,927ab18960348cb0c63aea7f6c3cbe801407f3320721239f72ee1971a6880fa9,code/collision_contact/generate_collision_contact_components.py,927ab18960348cb0c63aea7f6c3cbe801407f3320721239f72ee1971a6880fa9,a0d2db4b201729fbb92d9aaf5a10b3f0c6db0248b2882a6e8a9951540217eb47,2026-06-01T11:41:51+00:00,350,collision.event_timeline.v1,deterministic_contact_probe_pychrono_unavailable,,1,,,,,,,fallback_schema_probe
component.artifact_manifest.v1,component_catalog_fallback_bundle,outputs/csv/collision_family_filter_map.csv,csv,code/collision_contact/generate_collision_contact_components.py,927ab18960348cb0c63aea7f6c3cbe801407f3320721239f72ee1971a6880fa9,code/collision_contact/generate_collision_contact_components.py,927ab18960348cb0c63aea7f6c3cbe801407f3320721239f72ee1971a6880fa9,ace4bb77e4ae9846f6ccb877abe0396fe9e46f2107da34d4916734aa9608d8bf,2026-06-01T11:41:20+00:00,1179,collision.family_filter_map.v1,deterministic_contact_probe_pychrono_unavailable,,2,,,,,,,fallback_schema_probe
component.artifact_manifest.v1,component_catalog_fallback_bundle,outputs/csv/collision_shape_manifest.csv,csv,code/collision_contact/generate_collision_contact_components.py,927ab18960348cb0c63aea7f6c3cbe801407f3320721239f72ee1971a6880fa9,code/collision_contact/generate_collision_contact_components.py,927ab18960348cb0c63aea7f6c3cbe801407f3320721239f72ee1971a6880fa9,21061492a37e194981f4978467f40d2927d1d9fd5cae85e85fd42ef4c89b9f95,2026-06-01T11:41:20+00:00,2006,collision.shape_manifest.v1,deterministic_contact_probe_pychrono_unavailable,,3,,,,,,,fallback_schema_probe
component.artifact_manifest.v1,component_catalog_fallback_bundle,outputs/csv/contact_callback_manifest.csv,csv,code/collision_contact/generate_collision_contact_components.py,927ab18960348cb0c63aea7f6c3cbe801407f3320721239f72ee1971a6880fa9,code/collision_contact/generate_collision_contact_components.py,927ab18960348cb0c63aea7f6c3cbe801407f3320721239f72ee1971a6880fa9,1f798f7e5f08bf6d4e3b2bc24be9ff369f942d5d42b8895732822e91f8cd7722,2026-06-01T11:41:20+00:00,1594,collision.contact_callback_manifest.v1,deterministic_contact_probe_pychrono_unavailable,,2,,,,,,,fallback_schema_probe
component.artifact_manifest.v1,component_catalog_fallback_bundle,outputs/csv/contact_container_manifest.csv,csv,code/collision_contact/generate_collision_contact_components.py,927ab18960348cb0c63aea7f6c3cbe801407f3320721239f72ee1971a6880fa9,code/collision_contact/generate_collision_contact_components.py,927ab18960348cb0c63aea7f6c3cbe801407f3320721239f72ee1971a6880fa9,f105086eae6051b2bebe417a353c11c504829b2c121ca21630c2e5e705e7c438,2026-06-01T11:41:20+00:00,692,collision.contact_container_manifest.v1,deterministic_contact_probe_pychrono_unavailable,,1,,,,,,,fallback_schema_probe
component.artifact_manifest.v1,component_catalog_fallback_bundle,outputs/csv/contact_frame_debug_manifest.csv,csv,code/collision_contact/generate_collision_contact_components.py,927ab18960348cb0c63aea7f6c3cbe801407f3320721239f72ee1971a6880fa9,code/collision_contact/generate_collision_contact_components.py,927ab18960348cb0c63aea7f6c3cbe801407f3320721239f72ee1971a6880fa9,864dd848516ec390d1a58c87dc208d7854fb076d608b76bd269c891d4cc53d18,2026-06-01T11:41:20+00:00,933,collision.contact_frame_debug_manifest.v1,deterministic_contact_probe_pychrono_unavailable,,1,,,,,,,fallback_schema_probe
component.artifact_manifest.v1,component_catalog_fallback_bundle,outputs/csv/contact_material_manifest.csv,csv,code/collision_contact/generate_collision_contact_components.py,927ab18960348cb0c63aea7f6c3cbe801407f3320721239f72ee1971a6880fa9,code/collision_contact/generate_collision_contact_components.py,927ab18960348cb0c63aea7f6c3cbe801407f3320721239f72ee1971a6880fa9,59cdd2eae7818a31b3aec80ec5f0d8abe93ae74ddaf6c7f553e7571894125d34,2026-06-01T11:41:20+00:00,624,collision.contact_material_manifest.v1,deterministic_contact_probe_pychrono_unavailable,,1,,,,,,,fallback_schema_probe
component.artifact_manifest.v1,component_catalog_fallback_bundle,outputs/csv/contact_pair_material_policy.csv,csv,code/collision_contact/generate_collision_contact_components.py,927ab18960348cb0c63aea7f6c3cbe801407f3320721239f72ee1971a6880fa9,code/collision_contact/generate_collision_contact_components.py,927ab18960348cb0c63aea7f6c3cbe801407f3320721239f72ee1971a6880fa9,5c1c82b5700c72f7f4fe534aeebbf8fe3e3cb348ca6dffcae6a5dae1a24d43a2,2026-06-01T11:41:20+00:00,740,collision.contact_pair_material_policy.v1,deterministic_contact_probe_pychrono_unavailable,,1,,,,,,,fallback_schema_probe
component.artifact_manifest.v1,component_catalog_fallback_bundle,outputs/csv/data_visualization_control_log.csv,csv,code/data_visualization/generate_data_visualization_components.py,682fd683bfe470cb7a96fe44475fe20c8cf0d512573010fe9f050b3f494d324a,code/data_visualization/generate_data_visualization_components.py,682fd683bfe470cb7a96fe44475fe20c8cf0d512573010fe9f050b3f494d324a,23ca21d6df3c4f701943b564cbce37561b3a1ea2685ecbb3d7629ef5f5ecd44d,2026-06-01T11:52:56+00:00,50694,data.control_log.v1,fallback_pychrono_unavailable,,151,,,,,,,fallback_schema_probe
component.artifact_manifest.v1,component_catalog_fallback_bundle,outputs/csv/data_visualization_state_log.csv,csv,code/data_visualization/generate_data_visualization_components.py,682fd683bfe470cb7a96fe44475fe20c8cf0d512573010fe9f050b3f494d324a,code/data_visualization/generate_data_visualization_components.py,682fd683bfe470cb7a96fe44475fe20c8cf0d512573010fe9f050b3f494d324a,3d4c53704cf7b0f2fa4e4ec0cbac9a462faabb0e95ade94a1cee62bd05e544a5,2026-06-01T11:52:56+00:00,36703,data.state_log.v1,fallback_pychrono_unavailable,,151,,,,,,,fallback_schema_probe
component.artifact_manifest.v1,component_catalog_fallback_bundle,outputs/csv/environment_terrain_contact_probe.csv,csv,code/environment_terrain/generate_environment_terrain_components.py,60266a93b4d65ae2029a3e7add0bbfc74bc23fe43c3c4571807f50b19cec6a64,code/environment_terrain/generate_environment_terrain_components.py,60266a93b4d65ae2029a3e7add0bbfc74bc23fe43c3c4571807f50b19cec6a64,b13fcf024b727d809b553687eaf5e2534eafb67612f2cea773e93315c082eeb3,2026-06-01T11:41:47+00:00,49131,terrain.contact_probe.v1,fallback_pychrono_unavailable,,201,,,,,,,fallback_schema_probe
component.artifact_manifest.v1,component_catalog_fallback_bundle,outputs/csv/environment_terrain_height_friction_sinkage.csv,csv,code/environment_terrain/generate_environment_terrain_components.py,60266a93b4d65ae2029a3e7add0bbfc74bc23fe43c3c4571807f50b19cec6a64,code/environment_terrain/generate_environment_terrain_components.py,60266a93b4d65ae2029a3e7add0bbfc74bc23fe43c3c4571807f50b19cec6a64,c0c2172739b2c9abd4b62efeda40db798e42b14a2394d62f6c6e920b908dabc2,2026-06-01T11:41:47+00:00,653014,terrain.surface_probe.v1,fallback_pychrono_unavailable,,2501,,,,,,,fallback_schema_probe
component.artifact_manifest.v1,component_catalog_fallback_bundle,outputs/csv/external_interface_map.csv,csv,code/common/generate_component_artifact_manifest.py,84d5bb9cf7099514bad02f1a9e8b11072b13d8a744d49963a2cb33b912254429,code/common/generate_component_artifact_manifest.py,84d5bb9cf7099514bad02f1a9e8b11072b13d8a744d49963a2cb33b912254429,97480ff3bf48e1ec57bf1fc049df53b3a6c85da1af002ef02e819713a2bbc23e,2026-06-01T11:53:05+00:00,1826,integration.external_interface_map.v1,generated_report_metadata,fallback_model_integration_schema_only,4,,,,,,,generated_report_artifact
component.artifact_manifest.v1,component_catalog_fallback_bundle,outputs/csv/fea_mesh_manifest.csv,csv,code/common/generate_component_artifact_manifest.py,84d5bb9cf7099514bad02f1a9e8b11072b13d8a744d49963a2cb33b912254429,code/common/generate_component_artifact_manifest.py,84d5bb9cf7099514bad02f1a9e8b11072b13d8a744d49963a2cb33b912254429,a1b4c05c9fbdcc6bb90455d5735ad9627513f25f176cce19915b45cbb6dd0405,2026-06-01T11:53:05+00:00,656,flex.fea_mesh_manifest.v1,generated_report_metadata,fallback_flex_fea_schema_only,1,,,,,,,generated_report_artifact
component.artifact_manifest.v1,component_catalog_fallback_bundle,outputs/csv/fea_node_element_count.csv,csv,code/common/generate_component_artifact_manifest.py,84d5bb9cf7099514bad02f1a9e8b11072b13d8a744d49963a2cb33b912254429,code/common/generate_component_artifact_manifest.py,84d5bb9cf7099514bad02f1a9e8b11072b13d8a744d49963a2cb33b912254429,d0c00a72c2b24d49a191ebb9f64d44cb0a9a55ab540c86135e6dd040f7e2853c,2026-06-01T11:53:05+00:00,266,flex.node_element_count.v1,generated_report_metadata,fallback_flex_fea_schema_only,1,,,,,,,generated_report_artifact
component.artifact_manifest.v1,component_catalog_fallback_bundle,outputs/csv/fmu_variable_map.csv,csv,code/common/generate_component_artifact_manifest.py,84d5bb9cf7099514bad02f1a9e8b11072b13d8a744d49963a2cb33b912254429,code/common/generate_component_artifact_manifest.py,84d5bb9cf7099514bad02f1a9e8b11072b13d8a744d49963a2cb33b912254429,715fedb83e3f2033dfa0b9d30faf8315abbe9c55fec4cc0ef924728272848f4f,2026-06-01T11:53:05+00:00,616,integration.fmu_variable_map.v1,generated_report_metadata,fallback_model_integration_schema_only,2,,,,,,,generated_report_artifact
component.artifact_manifest.v1,component_catalog_fallback_bundle,outputs/csv/gnuplot_plot_manifest.csv,csv,code/common/generate_component_artifact_manifest.py,84d5bb9cf7099514bad02f1a9e8b11072b13d8a744d49963a2cb33b912254429,code/common/generate_component_artifact_manifest.py,84d5bb9cf7099514bad02f1a9e8b11072b13d8a744d49963a2cb33b912254429,b2fc7e48a477571bacc1a80fee3fcc5758633d6e88c17a53d4e1fd660b636b42,2026-06-01T11:53:05+00:00,959,postprocess.gnuplot_plot_manifest.v1,generated_report_metadata,fallback_gnuplot_manifest_only,1,,,,,,,generated_report_artifact
component.artifact_manifest.v1,component_catalog_fallback_bundle,outputs/csv/logger_timebase_manifest.csv,csv,code/common/generate_component_artifact_manifest.py,84d5bb9cf7099514bad02f1a9e8b11072b13d8a744d49963a2cb33b912254429,code/common/generate_component_artifact_manifest.py,84d5bb9cf7099514bad02f1a9e8b11072b13d8a744d49963a2cb33b912254429,9d2a80d32bd87c058ef0fe41faf8f81ed75d9f1742130e3ecfddef5120e56752,2026-06-01T11:53:05+00:00,10219,data.logger_timebase_manifest.v1,generated_report_metadata,deterministic_chassis_probe_pychrono_unavailable;deterministic_contact_probe_pychrono_unavailable;fallback_pychrono_unavailable;fallback_sensor_schema_only_pychrono_sensor_unavailable;fallback_terrain_schema_only_pychrono_unavailable;fallback_vehicle_schema_only_pychrono_unavailable,26,,,,,,,generated_report_artifact
component.artifact_manifest.v1,component_catalog_fallback_bundle,outputs/csv/mode_frequency_table.csv,csv,code/common/generate_component_artifact_manifest.py,84d5bb9cf7099514bad02f1a9e8b11072b13d8a744d49963a2cb33b912254429,code/common/generate_component_artifact_manifest.py,84d5bb9cf7099514bad02f1a9e8b11072b13d8a744d49963a2cb33b912254429,15962ce165ead701f404931815fa0951e31f8eed45ba486db767af5178660c9c,2026-06-01T11:53:05+00:00,532,flex.mode_frequency_table.v1,generated_report_metadata,fallback_flex_fea_schema_only,2,,,,,,,generated_report_artifact
component.artifact_manifest.v1,component_catalog_fallback_bundle,outputs/csv/offline_visual_export_manifest.csv,csv,code/common/generate_component_artifact_manifest.py,84d5bb9cf7099514bad02f1a9e8b11072b13d8a744d49963a2cb33b912254429,code/common/generate_component_artifact_manifest.py,84d5bb9cf7099514bad02f1a9e8b11072b13d8a744d49963a2cb33b912254429,735e6db80e48f8ba415add8fd892ffad6e5e52f10c3633b42c26b7ea2e26d1cd,2026-06-01T11:53:05+00:00,2891,visual.offline_export_manifest.v1,generated_report_metadata,fallback_offline_visual_export_manifest_only,3,,,,,,,generated_report_artifact
component.artifact_manifest.v1,component_catalog_fallback_bundle,outputs/csv/render_manifest.csv,csv,code/common/generate_component_artifact_manifest.py,84d5bb9cf7099514bad02f1a9e8b11072b13d8a744d49963a2cb33b912254429,code/common/generate_component_artifact_manifest.py,84d5bb9cf7099514bad02f1a9e8b11072b13d8a744d49963a2cb33b912254429,ee6af0ded46fc41d80018b0e78bcd295df27f1176467384ff6423cb3da8f9564,2026-06-01T11:53:05+00:00,28468,visual.render_manifest.v1,generated_report_metadata,concept_render;deterministic_chassis_probe_pychrono_unavailable;deterministic_contact_probe_pychrono_unavailable;fallback_pychrono_unavailable;pychrono_vsg_capture;rendered_mermaid,58,,,,,,,generated_report_artifact
component.artifact_manifest.v1,component_catalog_fallback_bundle,outputs/csv/ros_topic_handler_manifest.csv,csv,code/common/generate_component_artifact_manifest.py,84d5bb9cf7099514bad02f1a9e8b11072b13d8a744d49963a2cb33b912254429,code/common/generate_component_artifact_manifest.py,84d5bb9cf7099514bad02f1a9e8b11072b13d8a744d49963a2cb33b912254429,333261b5a07299f283247f3712c6257e89e2ab4593d979dcb8cf72bb136cce33,2026-06-01T11:53:05+00:00,634,integration.ros_topic_handler_manifest.v1,generated_report_metadata,fallback_model_integration_schema_only,2,,,,,,,generated_report_artifact
component.artifact_manifest.v1,component_catalog_fallback_bundle,outputs/csv/rover_vehicle_chassis_probe.csv,csv,code/rover_vehicle/generate_rover_vehicle_components.py,b83dfa30b621b59abb9c9cdabdff43d6287fce0b5916bcd06d17d858afb51f0e,code/rover_vehicle/generate_rover_vehicle_components.py,b83dfa30b621b59abb9c9cdabdff43d6287fce0b5916bcd06d17d858afb51f0e,6f6bf9785b9d05cb723512cffe519dba064f4bd19097e1ac97d99f0a7a6c295c,2026-06-01T11:41:43+00:00,59599,rover.chassis_smoke_probe.v0,deterministic_chassis_probe_pychrono_unavailable,,201,,,,,,,fallback_schema_probe
component.artifact_manifest.v1,component_catalog_fallback_bundle,outputs/csv/scm_soil_profile_manifest.csv,csv,code/environment_terrain/generate_environment_terrain_components.py,60266a93b4d65ae2029a3e7add0bbfc74bc23fe43c3c4571807f50b19cec6a64,code/environment_terrain/generate_environment_terrain_components.py,60266a93b4d65ae2029a3e7add0bbfc74bc23fe43c3c4571807f50b19cec6a64,ef30fc7074acceb0f3a907090a34934f3693a3f8ceb5390185ca8e1805ea3e5d,2026-06-01T11:41:18+00:00,753,terrain.scm_soil_profile_manifest.v1,fallback_terrain_schema_only_pychrono_unavailable,,1,,,,,,,fallback_schema_probe
component.artifact_manifest.v1,component_catalog_fallback_bundle,outputs/csv/sensor_filter_catalog.csv,csv,code/data_visualization/generate_data_visualization_components.py,682fd683bfe470cb7a96fe44475fe20c8cf0d512573010fe9f050b3f494d324a,code/data_visualization/generate_data_visualization_components.py,682fd683bfe470cb7a96fe44475fe20c8cf0d512573010fe9f050b3f494d324a,63cf221f6359f0f169d5c527941233a738fb27582b1c307521435c33e710c1b9,2026-06-01T11:52:57+00:00,4849,sensor.filter_catalog.v1,fallback_sensor_schema_only_pychrono_sensor_unavailable,,11,,,,,,,fallback_schema_probe
component.artifact_manifest.v1,component_catalog_fallback_bundle,outputs/csv/sensor_manifest.csv,csv,code/data_visualization/generate_data_visualization_components.py,682fd683bfe470cb7a96fe44475fe20c8cf0d512573010fe9f050b3f494d324a,code/data_visualization/generate_data_visualization_components.py,682fd683bfe470cb7a96fe44475fe20c8cf0d512573010fe9f050b3f494d324a,0ad11b911feedf723b3c7310db0b9ad2acb0884b4bd8d35ffdcff8eecf17f754,2026-06-01T11:52:57+00:00,3004,sensor.output_manifest.v1,fallback_sensor_schema_only_pychrono_sensor_unavailable,,4,,,,,,,fallback_schema_probe
component.artifact_manifest.v1,component_catalog_fallback_bundle,outputs/csv/sensor_timing_schedule.csv,csv,code/data_visualization/generate_data_visualization_components.py,682fd683bfe470cb7a96fe44475fe20c8cf0d512573010fe9f050b3f494d324a,code/data_visualization/generate_data_visualization_components.py,682fd683bfe470cb7a96fe44475fe20c8cf0d512573010fe9f050b3f494d324a,f71fcceaf59565ff484897ba9b868ff6ab6ead99fbd4cf8a1f4148eb4e006286,2026-06-01T11:52:57+00:00,10938,sensor.timing_schedule.v1,fallback_sensor_schema_only_pychrono_sensor_unavailable,,24,,,,,,,fallback_schema_probe
component.artifact_manifest.v1,component_catalog_fallback_bundle,outputs/csv/sync_exchange_log.csv,csv,code/common/generate_component_artifact_manifest.py,84d5bb9cf7099514bad02f1a9e8b11072b13d8a744d49963a2cb33b912254429,code/common/generate_component_artifact_manifest.py,84d5bb9cf7099514bad02f1a9e8b11072b13d8a744d49963a2cb33b912254429,5095d8435dcae53b3d2a69b436a2ae01ae2ccfeda7b84cc37fa625c77f036cd2,2026-06-01T11:53:05+00:00,1176,integration.sync_exchange_log.v1,generated_report_metadata,fallback_model_integration_schema_only,4,,,,,,,generated_report_artifact
component.artifact_manifest.v1,component_catalog_fallback_bundle,outputs/csv/terrain_material_region_map.csv,csv,code/environment_terrain/generate_environment_terrain_components.py,60266a93b4d65ae2029a3e7add0bbfc74bc23fe43c3c4571807f50b19cec6a64,code/environment_terrain/generate_environment_terrain_components.py,60266a93b4d65ae2029a3e7add0bbfc74bc23fe43c3c4571807f50b19cec6a64,ba2bbf21ac20327d2c93b25a67a84211e14d5a56e499cd85ff761074727f123a,2026-06-01T11:41:18+00:00,1400,terrain.material_region_map.v1,fallback_terrain_schema_only_pychrono_unavailable,,3,,,,,,,fallback_schema_probe
component.artifact_manifest.v1,component_catalog_fallback_bundle,outputs/csv/terrain_patch_manifest.csv,csv,code/environment_terrain/generate_environment_terrain_components.py,60266a93b4d65ae2029a3e7add0bbfc74bc23fe43c3c4571807f50b19cec6a64,code/environment_terrain/generate_environment_terrain_components.py,60266a93b4d65ae2029a3e7add0bbfc74bc23fe43c3c4571807f50b19cec6a64,6a5e62baef01ad3209f5a66724675a30853f2e71b2c297cedbd74f469148c710,2026-06-01T11:41:18+00:00,1575,terrain.patch_manifest.v1,fallback_terrain_schema_only_pychrono_unavailable,,3,,,,,,,fallback_schema_probe
component.artifact_manifest.v1,component_catalog_fallback_bundle,outputs/csv/terrain_query_probe.csv,csv,code/environment_terrain/generate_environment_terrain_components.py,60266a93b4d65ae2029a3e7add0bbfc74bc23fe43c3c4571807f50b19cec6a64,code/environment_terrain/generate_environment_terrain_components.py,60266a93b4d65ae2029a3e7add0bbfc74bc23fe43c3c4571807f50b19cec6a64,a248090eaf36ec2f2df676d4b5c3db328e125085f3204ee689975adfc10ee322,2026-06-01T11:41:18+00:00,1093283,terrain.query_probe.v1,fallback_pychrono_unavailable,,2501,,,,,,,fallback_schema_probe
component.artifact_manifest.v1,component_catalog_fallback_bundle,outputs/csv/terrain_surface_probe.csv,csv,code/environment_terrain/generate_environment_terrain_components.py,60266a93b4d65ae2029a3e7add0bbfc74bc23fe43c3c4571807f50b19cec6a64,code/environment_terrain/generate_environment_terrain_components.py,60266a93b4d65ae2029a3e7add0bbfc74bc23fe43c3c4571807f50b19cec6a64,c0c2172739b2c9abd4b62efeda40db798e42b14a2394d62f6c6e920b908dabc2,2026-06-01T11:41:17+00:00,653014,terrain.surface_probe.v1,fallback_pychrono_unavailable,,2501,,,,,,,fallback_schema_probe
component.artifact_manifest.v1,component_catalog_fallback_bundle,outputs/csv/vehicle_axle_wheel_map.csv,csv,code/rover_vehicle/generate_rover_vehicle_components.py,b83dfa30b621b59abb9c9cdabdff43d6287fce0b5916bcd06d17d858afb51f0e,code/rover_vehicle/generate_rover_vehicle_components.py,b83dfa30b621b59abb9c9cdabdff43d6287fce0b5916bcd06d17d858afb51f0e,79c261f3d50ff6c7339023adfdba7f0ec3c380b4d68565e8eb1aafed692f482e,2026-06-01T11:41:17+00:00,1901,vehicle.axle_wheel_map.v1,fallback_vehicle_schema_only_pychrono_unavailable,,4,,,,,,,fallback_schema_probe
component.artifact_manifest.v1,component_catalog_fallback_bundle,outputs/csv/vehicle_frame_hardpoint_map.csv,csv,code/rover_vehicle/generate_rover_vehicle_components.py,b83dfa30b621b59abb9c9cdabdff43d6287fce0b5916bcd06d17d858afb51f0e,code/rover_vehicle/generate_rover_vehicle_components.py,b83dfa30b621b59abb9c9cdabdff43d6287fce0b5916bcd06d17d858afb51f0e,3d6ae2a822382ef01711df1784f6a874658899985fdb51b0f84cdfb4b7f68227,2026-06-01T11:41:17+00:00,2865,vehicle.frame_hardpoint_map.v1,fallback_vehicle_schema_only_pychrono_unavailable,,7,,,,,,,fallback_schema_probe
component.artifact_manifest.v1,component_catalog_fallback_bundle,outputs/csv/vehicle_subsystem_probe.csv,csv,code/rover_vehicle/generate_rover_vehicle_components.py,b83dfa30b621b59abb9c9cdabdff43d6287fce0b5916bcd06d17d858afb51f0e,code/rover_vehicle/generate_rover_vehicle_components.py,b83dfa30b621b59abb9c9cdabdff43d6287fce0b5916bcd06d17d858afb51f0e,2598936e022b9e18482353127b1e359c0cc4330f57a17f60bf5cb5e1f798ebed,2026-06-01T11:41:17+00:00,75040,vehicle.subsystem_probe.v1,fallback_vehicle_schema_only_pychrono_unavailable,,101,,,,,,,fallback_schema_probe
component.artifact_manifest.v1,component_catalog_fallback_bundle,outputs/csv/visual_asset_manifest.csv,csv,code/common/generate_component_artifact_manifest.py,84d5bb9cf7099514bad02f1a9e8b11072b13d8a744d49963a2cb33b912254429,code/common/generate_component_artifact_manifest.py,84d5bb9cf7099514bad02f1a9e8b11072b13d8a744d49963a2cb33b912254429,40e465ad958d1f749cf7b27a46f8e348c961adf032d389b7ff86685f6a2b4895,2026-06-01T11:53:05+00:00,24029,visual.asset_manifest.v1,generated_report_metadata,concept_render;pychrono_vsg_capture,41,,,,,,,generated_report_artifact
component.artifact_manifest.v1,component_catalog_fallback_bundle,outputs/csv/writer_backend_manifest.csv,csv,code/common/generate_component_artifact_manifest.py,84d5bb9cf7099514bad02f1a9e8b11072b13d8a744d49963a2cb33b912254429,code/common/generate_component_artifact_manifest.py,84d5bb9cf7099514bad02f1a9e8b11072b13d8a744d49963a2cb33b912254429,29b3ec02e8fec4dca7d452ae7e06566ff2d78dc03a1b2a53d09224c39011fee2,2026-06-01T11:53:05+00:00,22208,data.writer_backend_manifest.v1,generated_report_metadata,deterministic_chassis_probe_pychrono_unavailable;deterministic_contact_probe_pychrono_unavailable;fallback_pychrono_unavailable;fallback_sensor_schema_only_pychrono_sensor_unavailable;fallback_terrain_schema_only_pychrono_unavailable;fallback_vehicle_schema_only_pychrono_unavailable;pychrono_vsg_capture,54,,,,,,,generated_report_artifact
component.artifact_manifest.v1,component_catalog_fallback_bundle,outputs/json/asset_manifest.json,json,code/common/generate_component_artifact_manifest.py,84d5bb9cf7099514bad02f1a9e8b11072b13d8a744d49963a2cb33b912254429,code/common/generate_component_artifact_manifest.py,84d5bb9cf7099514bad02f1a9e8b11072b13d8a744d49963a2cb33b912254429,13b6d82753dcfc58c08fae28567c38e9c0dabc886f5f9c32dd149cc018ed4276,2026-06-01T11:53:05+00:00,5102,model.asset_manifest.v1,generated_report_metadata,fallback_model_integration_schema_only,7,,,,,,,generated_report_artifact
component.artifact_manifest.v1,component_catalog_fallback_bundle,outputs/json/boundary_condition_map.json,json,code/common/generate_component_artifact_manifest.py,84d5bb9cf7099514bad02f1a9e8b11072b13d8a744d49963a2cb33b912254429,code/common/generate_component_artifact_manifest.py,84d5bb9cf7099514bad02f1a9e8b11072b13d8a744d49963a2cb33b912254429,6bbff463f48f172fceee786b722ea1cefa7272f29a1275454247bbaa06de5ba8,2026-06-01T11:53:05+00:00,1548,flex.boundary_condition_map.v1,generated_report_metadata,fallback_flex_fea_schema_only,2,,,,,,,generated_report_artifact
component.artifact_manifest.v1,component_catalog_fallback_bundle,outputs/json/cad_shape_manifest.json,json,code/common/generate_component_artifact_manifest.py,84d5bb9cf7099514bad02f1a9e8b11072b13d8a744d49963a2cb33b912254429,code/common/generate_component_artifact_manifest.py,84d5bb9cf7099514bad02f1a9e8b11072b13d8a744d49963a2cb33b912254429,c12ad1cc07152f29cb9c80d86ba9e15d0571f8efd5ce16f64da84af3986fb795,2026-06-01T11:53:05+00:00,910,asset.cad_shape_manifest.v1,generated_report_metadata,fallback_model_integration_schema_only,1,,,,,,,generated_report_artifact
component.artifact_manifest.v1,component_catalog_fallback_bundle,outputs/json/checkpoint_manifest.json,json,code/common/generate_component_artifact_manifest.py,84d5bb9cf7099514bad02f1a9e8b11072b13d8a744d49963a2cb33b912254429,code/common/generate_component_artifact_manifest.py,84d5bb9cf7099514bad02f1a9e8b11072b13d8a744d49963a2cb33b912254429,84e8d47e0a1be97e73e7fbd630a926787d044bdc4c753accb5565e19a67b9b0c,2026-06-01T11:53:05+00:00,3382,data.checkpoint_manifest.v1,generated_report_metadata,fallback_checkpoint_manifest_only,3,,,,,,,generated_report_artifact
component.artifact_manifest.v1,component_catalog_fallback_bundle,outputs/json/chrono_output_database_manifest.json,json,code/common/generate_component_artifact_manifest.py,84d5bb9cf7099514bad02f1a9e8b11072b13d8a744d49963a2cb33b912254429,code/common/generate_component_artifact_manifest.py,84d5bb9cf7099514bad02f1a9e8b11072b13d8a744d49963a2cb33b912254429,5f9b058b9ff0b4af738524038a0d9b8c8ecadb84eb7fbbc72d10c1005a016b6c,2026-06-01T11:53:05+00:00,6459,data.chrono_output_database_manifest.v1,generated_report_metadata,fallback_chrono_native_output_not_executed,6,,,,,,,generated_report_artifact
component.artifact_manifest.v1,component_catalog_fallback_bundle,outputs/json/collision_backend_comparison.json,json,code/collision_contact/generate_collision_contact_components.py,927ab18960348cb0c63aea7f6c3cbe801407f3320721239f72ee1971a6880fa9,code/collision_contact/generate_collision_contact_components.py,927ab18960348cb0c63aea7f6c3cbe801407f3320721239f72ee1971a6880fa9,a9f6199de57534cafe82ae92fd267829ba67ec124ef70b9936fab26d01dd8434,2026-06-01T11:41:20+00:00,912,collision.backend_comparison.v1,deterministic_contact_probe_pychrono_unavailable,,1,,,,,,,fallback_schema_probe
component.artifact_manifest.v1,component_catalog_fallback_bundle,outputs/json/collision_family_filter_map.json,json,code/collision_contact/generate_collision_contact_components.py,927ab18960348cb0c63aea7f6c3cbe801407f3320721239f72ee1971a6880fa9,code/collision_contact/generate_collision_contact_components.py,927ab18960348cb0c63aea7f6c3cbe801407f3320721239f72ee1971a6880fa9,2ff7cad1faec2057bb879a70c149b4705eb63b1ee9eee69f873027c1fbc0d651,2026-06-01T11:41:20+00:00,2079,collision.family_filter_map.v1,deterministic_contact_probe_pychrono_unavailable,,2,,,,,,,fallback_schema_probe
component.artifact_manifest.v1,component_catalog_fallback_bundle,outputs/json/collision_model_registry.json,json,code/collision_contact/generate_collision_contact_components.py,927ab18960348cb0c63aea7f6c3cbe801407f3320721239f72ee1971a6880fa9,code/collision_contact/generate_collision_contact_components.py,927ab18960348cb0c63aea7f6c3cbe801407f3320721239f72ee1971a6880fa9,473a0a7dbe35ae2eb74b14f5593b7738270ca243a30d590957da9ddaae2f3481,2026-06-01T11:41:20+00:00,1577,collision.model_registry.v1,deterministic_contact_probe_pychrono_unavailable,,2,,,,,,,fallback_schema_probe
component.artifact_manifest.v1,component_catalog_fallback_bundle,outputs/json/collision_shape_manifest.json,json,code/collision_contact/generate_collision_contact_components.py,927ab18960348cb0c63aea7f6c3cbe801407f3320721239f72ee1971a6880fa9,code/collision_contact/generate_collision_contact_components.py,927ab18960348cb0c63aea7f6c3cbe801407f3320721239f72ee1971a6880fa9,07f7ec96ad872f2e15adb6b9134f9baa70b7582399b517c305a9992f56ef8d21,2026-06-01T11:41:20+00:00,4113,collision.shape_manifest.v1,deterministic_contact_probe_pychrono_unavailable,,3,,,,,,,fallback_schema_probe
component.artifact_manifest.v1,component_catalog_fallback_bundle,outputs/json/collision_system_manifest.json,json,code/collision_contact/generate_collision_contact_components.py,927ab18960348cb0c63aea7f6c3cbe801407f3320721239f72ee1971a6880fa9,code/collision_contact/generate_collision_contact_components.py,927ab18960348cb0c63aea7f6c3cbe801407f3320721239f72ee1971a6880fa9,9d4ae7a9360d6ab21202f951f4eb86d83e92617df631d7b792418e9791fae811,2026-06-01T11:41:20+00:00,1205,collision.system_manifest.v1,deterministic_contact_probe_pychrono_unavailable,,1,,,,,,,fallback_schema_probe
component.artifact_manifest.v1,component_catalog_fallback_bundle,outputs/json/contact_callback_manifest.json,json,code/collision_contact/generate_collision_contact_components.py,927ab18960348cb0c63aea7f6c3cbe801407f3320721239f72ee1971a6880fa9,code/collision_contact/generate_collision_contact_components.py,927ab18960348cb0c63aea7f6c3cbe801407f3320721239f72ee1971a6880fa9,2cfd1e336e3f45e2e4a814bda415a3a392eec49bfe838513c5fb5341189c8203,2026-06-01T11:41:20+00:00,2552,collision.contact_callback_manifest.v1,deterministic_contact_probe_pychrono_unavailable,,2,,,,,,,fallback_schema_probe
component.artifact_manifest.v1,component_catalog_fallback_bundle,outputs/json/contact_container_manifest.json,json,code/collision_contact/generate_collision_contact_components.py,927ab18960348cb0c63aea7f6c3cbe801407f3320721239f72ee1971a6880fa9,code/collision_contact/generate_collision_contact_components.py,927ab18960348cb0c63aea7f6c3cbe801407f3320721239f72ee1971a6880fa9,dbbfd99130a402ef8adf12fbcaa205116046b1ffed0e1aac68f3331fa02dfb49,2026-06-01T11:41:20+00:00,1115,collision.contact_container_manifest.v1,deterministic_contact_probe_pychrono_unavailable,,1,,,,,,,fallback_schema_probe
component.artifact_manifest.v1,component_catalog_fallback_bundle,outputs/json/contact_frame_debug_manifest.json,json,code/collision_contact/generate_collision_contact_components.py,927ab18960348cb0c63aea7f6c3cbe801407f3320721239f72ee1971a6880fa9,code/collision_contact/generate_collision_contact_components.py,927ab18960348cb0c63aea7f6c3cbe801407f3320721239f72ee1971a6880fa9,36b90728b0ac3568c397ee775e71cb71c40a9f211d65ffe08e4fd31e57204934,2026-06-01T11:41:20+00:00,1386,collision.contact_frame_debug_manifest.v1,deterministic_contact_probe_pychrono_unavailable,,1,,,,,,,fallback_schema_probe
component.artifact_manifest.v1,component_catalog_fallback_bundle,outputs/json/contact_material_manifest.json,json,code/collision_contact/generate_collision_contact_components.py,927ab18960348cb0c63aea7f6c3cbe801407f3320721239f72ee1971a6880fa9,code/collision_contact/generate_collision_contact_components.py,927ab18960348cb0c63aea7f6c3cbe801407f3320721239f72ee1971a6880fa9,1bc497dcee38a07554dd9a5de14dd5024b3edcba42b4877e6ef4c65c5e23e46e,2026-06-01T11:41:20+00:00,1057,collision.contact_material_manifest.v1,deterministic_contact_probe_pychrono_unavailable,,1,,,,,,,fallback_schema_probe
component.artifact_manifest.v1,component_catalog_fallback_bundle,outputs/json/contact_pair_material_policy.json,json,code/collision_contact/generate_collision_contact_components.py,927ab18960348cb0c63aea7f6c3cbe801407f3320721239f72ee1971a6880fa9,code/collision_contact/generate_collision_contact_components.py,927ab18960348cb0c63aea7f6c3cbe801407f3320721239f72ee1971a6880fa9,806273ff7156b80c74a7fbb7eabc549746bd8f638c823dc548a7cd5a48d4ce33,2026-06-01T11:41:20+00:00,1156,collision.contact_pair_material_policy.v1,deterministic_contact_probe_pychrono_unavailable,,1,,,,,,,fallback_schema_probe
component.artifact_manifest.v1,component_catalog_fallback_bundle,outputs/json/external_interface_map.json,json,code/common/generate_component_artifact_manifest.py,84d5bb9cf7099514bad02f1a9e8b11072b13d8a744d49963a2cb33b912254429,code/common/generate_component_artifact_manifest.py,84d5bb9cf7099514bad02f1a9e8b11072b13d8a744d49963a2cb33b912254429,633e7d606a92047724a2fc0041f41c6c3bc4de8d150b32d0ca6bf98043d0a385,2026-06-01T11:53:05+00:00,3528,integration.external_interface_map.v1,generated_report_metadata,fallback_model_integration_schema_only,4,,,,,,,generated_report_artifact
component.artifact_manifest.v1,component_catalog_fallback_bundle,outputs/json/fea_mesh_manifest.json,json,code/common/generate_component_artifact_manifest.py,84d5bb9cf7099514bad02f1a9e8b11072b13d8a744d49963a2cb33b912254429,code/common/generate_component_artifact_manifest.py,84d5bb9cf7099514bad02f1a9e8b11072b13d8a744d49963a2cb33b912254429,bb4d9bc7e984bd5ac0c6b5251e6418a0edb2fdff6a1bb83d32707a3187bf8c31,2026-06-01T11:53:05+00:00,1043,flex.fea_mesh_manifest.v1,generated_report_metadata,fallback_flex_fea_schema_only,1,,,,,,,generated_report_artifact
component.artifact_manifest.v1,component_catalog_fallback_bundle,outputs/json/fmu_variable_map.json,json,code/common/generate_component_artifact_manifest.py,84d5bb9cf7099514bad02f1a9e8b11072b13d8a744d49963a2cb33b912254429,code/common/generate_component_artifact_manifest.py,84d5bb9cf7099514bad02f1a9e8b11072b13d8a744d49963a2cb33b912254429,47320bf5a4566507f5883426125d3ac4e891a169dcc5382b6b8d94738ac3425d,2026-06-01T11:53:05+00:00,1285,integration.fmu_variable_map.v1,generated_report_metadata,fallback_model_integration_schema_only,2,,,,,,,generated_report_artifact
component.artifact_manifest.v1,component_catalog_fallback_bundle,outputs/json/gnuplot_plot_manifest.json,json,code/common/generate_component_artifact_manifest.py,84d5bb9cf7099514bad02f1a9e8b11072b13d8a744d49963a2cb33b912254429,code/common/generate_component_artifact_manifest.py,84d5bb9cf7099514bad02f1a9e8b11072b13d8a744d49963a2cb33b912254429,df77b7e3a2d61d0d5cd58a54200ae32fe93a15063fda962671a51bbfe9c58c9b,2026-06-01T11:53:05+00:00,1389,postprocess.gnuplot_plot_manifest.v1,generated_report_metadata,fallback_gnuplot_manifest_only,1,,,,,,,generated_report_artifact
component.artifact_manifest.v1,component_catalog_fallback_bundle,outputs/json/logger_timebase_manifest.json,json,code/common/generate_component_artifact_manifest.py,84d5bb9cf7099514bad02f1a9e8b11072b13d8a744d49963a2cb33b912254429,code/common/generate_component_artifact_manifest.py,84d5bb9cf7099514bad02f1a9e8b11072b13d8a744d49963a2cb33b912254429,5b96d100270cc5c112430bc30814324a3c6e0cdb61dc0269720d313da1a21a57,2026-06-01T11:53:05+00:00,21739,data.logger_timebase_manifest.v1,generated_report_metadata,generated_report_metadata,26,,,,,,,generated_report_artifact
component.artifact_manifest.v1,component_catalog_fallback_bundle,outputs/json/material_law_manifest.json,json,code/common/generate_component_artifact_manifest.py,84d5bb9cf7099514bad02f1a9e8b11072b13d8a744d49963a2cb33b912254429,code/common/generate_component_artifact_manifest.py,84d5bb9cf7099514bad02f1a9e8b11072b13d8a744d49963a2cb33b912254429,de892a52591ee6c97a47082fc3791976144510f339640fd9619d0268bd8f9392,2026-06-01T11:53:05+00:00,884,flex.material_law_manifest.v1,generated_report_metadata,fallback_flex_fea_schema_only,1,,,,,,,generated_report_artifact
component.artifact_manifest.v1,component_catalog_fallback_bundle,outputs/json/modal_basis_manifest.json,json,code/common/generate_component_artifact_manifest.py,84d5bb9cf7099514bad02f1a9e8b11072b13d8a744d49963a2cb33b912254429,code/common/generate_component_artifact_manifest.py,84d5bb9cf7099514bad02f1a9e8b11072b13d8a744d49963a2cb33b912254429,c7093cc10c72399c43aae7de3ae3385f300608e7ca4dd88527454adf497b38c2,2026-06-01T11:53:05+00:00,904,flex.modal_basis_manifest.v1,generated_report_metadata,fallback_flex_fea_schema_only,1,,,,,,,generated_report_artifact
component.artifact_manifest.v1,component_catalog_fallback_bundle,outputs/json/model_import_manifest.json,json,code/common/generate_component_artifact_manifest.py,84d5bb9cf7099514bad02f1a9e8b11072b13d8a744d49963a2cb33b912254429,code/common/generate_component_artifact_manifest.py,84d5bb9cf7099514bad02f1a9e8b11072b13d8a744d49963a2cb33b912254429,5cd2f5766f7b17af75f4ad491c95c3adfb73ae6cc001cb1a6f26d366d7b93118,2026-06-01T11:53:05+00:00,3599,model.import_manifest.v1,generated_report_metadata,fallback_model_integration_schema_only,3,,,,,,,generated_report_artifact
component.artifact_manifest.v1,component_catalog_fallback_bundle,outputs/json/offline_visual_export_manifest.json,json,code/common/generate_component_artifact_manifest.py,84d5bb9cf7099514bad02f1a9e8b11072b13d8a744d49963a2cb33b912254429,code/common/generate_component_artifact_manifest.py,84d5bb9cf7099514bad02f1a9e8b11072b13d8a744d49963a2cb33b912254429,865fb5194913a2a8605342c44ef96376cc0d8fe53e4f546aaf13f7c2be6fa343,2026-06-01T11:53:05+00:00,4494,visual.offline_export_manifest.v1,generated_report_metadata,fallback_offline_visual_export_manifest_only,3,,,,,,,generated_report_artifact
component.artifact_manifest.v1,component_catalog_fallback_bundle,outputs/json/render_manifest.json,json,code/common/generate_component_artifact_manifest.py,84d5bb9cf7099514bad02f1a9e8b11072b13d8a744d49963a2cb33b912254429,code/common/generate_component_artifact_manifest.py,84d5bb9cf7099514bad02f1a9e8b11072b13d8a744d49963a2cb33b912254429,bf23cd64efa10d65e9008c1725f23a6b73553b70f15c2bd00e871231514d3981,2026-06-01T11:53:05+00:00,54588,visual.render_manifest.v1,generated_report_metadata,generated_report_metadata,58,,,,,,,generated_report_artifact
component.artifact_manifest.v1,component_catalog_fallback_bundle,outputs/json/robot_vsg_capture_manifest.json,json,code/common/generate_chrono_builtin_component_assets.py,c7a5c41a0ceb37db9b094aa8b43995a9a02ccd45dc6d3945696818d0f9db23f4,code/common/generate_chrono_builtin_component_assets.py,c7a5c41a0ceb37db9b094aa8b43995a9a02ccd45dc6d3945696818d0f9db23f4,f2801ce19c235c4cd4ab02cd9a18705b7b1c1b2978510fff3895c7298f20fe31,2026-06-01T11:41:37+00:00,3068,visual.vsg_robot_capture_manifest.v1,pychrono_vsg_capture,,2,,,,,,,pychrono_vsg_capture
component.artifact_manifest.v1,component_catalog_fallback_bundle,outputs/json/ros_topic_handler_manifest.json,json,code/common/generate_component_artifact_manifest.py,84d5bb9cf7099514bad02f1a9e8b11072b13d8a744d49963a2cb33b912254429,code/common/generate_component_artifact_manifest.py,84d5bb9cf7099514bad02f1a9e8b11072b13d8a744d49963a2cb33b912254429,c017f12ac71ec24bb857675d66036abd03aff8b373f9566eb17c8eb7284bf786,2026-06-01T11:53:05+00:00,1279,integration.ros_topic_handler_manifest.v1,generated_report_metadata,fallback_model_integration_schema_only,2,,,,,,,generated_report_artifact
component.artifact_manifest.v1,component_catalog_fallback_bundle,outputs/json/scm_soil_profile_manifest.json,json,code/environment_terrain/generate_environment_terrain_components.py,60266a93b4d65ae2029a3e7add0bbfc74bc23fe43c3c4571807f50b19cec6a64,code/environment_terrain/generate_environment_terrain_components.py,60266a93b4d65ae2029a3e7add0bbfc74bc23fe43c3c4571807f50b19cec6a64,60d55bae71d77e16945fd15cd7b4ce6292142cc54ed02d91ffee2c52626bf0b8,2026-06-01T11:41:18+00:00,1215,terrain.scm_soil_profile_manifest.v1,fallback_terrain_schema_only_pychrono_unavailable,,1,,,,,,,fallback_schema_probe
component.artifact_manifest.v1,component_catalog_fallback_bundle,outputs/json/sensor_filter_catalog.json,json,code/data_visualization/generate_data_visualization_components.py,682fd683bfe470cb7a96fe44475fe20c8cf0d512573010fe9f050b3f494d324a,code/data_visualization/generate_data_visualization_components.py,682fd683bfe470cb7a96fe44475fe20c8cf0d512573010fe9f050b3f494d324a,91d263db5052fe22df1e4e154513ed75ec35c92674b0d57013f6896a299bf973,2026-06-01T11:52:57+00:00,11422,sensor.filter_catalog.v1,fallback_sensor_schema_only_pychrono_sensor_unavailable,,11,,,,,,,fallback_schema_probe
component.artifact_manifest.v1,component_catalog_fallback_bundle,outputs/json/sensor_manifest.json,json,code/data_visualization/generate_data_visualization_components.py,682fd683bfe470cb7a96fe44475fe20c8cf0d512573010fe9f050b3f494d324a,code/data_visualization/generate_data_visualization_components.py,682fd683bfe470cb7a96fe44475fe20c8cf0d512573010fe9f050b3f494d324a,8d7f6cb97b4895d15f43399aa37ec7ecf57b6e0a7d8aeb907c93d14d7874b296,2026-06-01T11:52:57+00:00,6848,sensor.output_manifest.v1,fallback_sensor_schema_only_pychrono_sensor_unavailable,,4,,,,,,,fallback_schema_probe
component.artifact_manifest.v1,component_catalog_fallback_bundle,outputs/json/sensor_module_capability_manifest.json,json,code/data_visualization/generate_data_visualization_components.py,682fd683bfe470cb7a96fe44475fe20c8cf0d512573010fe9f050b3f494d324a,code/data_visualization/generate_data_visualization_components.py,682fd683bfe470cb7a96fe44475fe20c8cf0d512573010fe9f050b3f494d324a,57c643cc4dc2ff170d8519af307cd156904708214869bf3a310b8c20ee9330e9,2026-06-01T11:52:57+00:00,3649,sensor.module_capability_manifest.v1,fallback_sensor_schema_only_pychrono_sensor_unavailable,,4,,,,,,,fallback_schema_probe
component.artifact_manifest.v1,component_catalog_fallback_bundle,outputs/json/sensor_scene_manifest.json,json,code/data_visualization/generate_data_visualization_components.py,682fd683bfe470cb7a96fe44475fe20c8cf0d512573010fe9f050b3f494d324a,code/data_visualization/generate_data_visualization_components.py,682fd683bfe470cb7a96fe44475fe20c8cf0d512573010fe9f050b3f494d324a,5c634e235033acab2994264de78444997fbc9f5fdd94f63e49ec47b823e35009,2026-06-01T11:52:57+00:00,6235,sensor.scene_manifest.v1,fallback_sensor_schema_only_pychrono_sensor_unavailable,,1,,,,,,,fallback_schema_probe
component.artifact_manifest.v1,component_catalog_fallback_bundle,outputs/json/sensor_timing_schedule.json,json,code/data_visualization/generate_data_visualization_components.py,682fd683bfe470cb7a96fe44475fe20c8cf0d512573010fe9f050b3f494d324a,code/data_visualization/generate_data_visualization_components.py,682fd683bfe470cb7a96fe44475fe20c8cf0d512573010fe9f050b3f494d324a,397d39a45cc7ec2b000252abe4d5475a5f829db4bd99f6cfb61f45290e1bd7ab,2026-06-01T11:52:57+00:00,29369,sensor.timing_schedule.v1,fallback_sensor_schema_only_pychrono_sensor_unavailable,,24,,,,,,,fallback_schema_probe
component.artifact_manifest.v1,component_catalog_fallback_bundle,outputs/json/sync_contract.json,json,code/common/generate_component_artifact_manifest.py,84d5bb9cf7099514bad02f1a9e8b11072b13d8a744d49963a2cb33b912254429,code/common/generate_component_artifact_manifest.py,84d5bb9cf7099514bad02f1a9e8b11072b13d8a744d49963a2cb33b912254429,b40c9f15061d15aaded662225598c561a517852509c117c60722aff305d7eabc,2026-06-01T11:53:05+00:00,3910,integration.sync_contract.v1,generated_report_metadata,fallback_model_integration_schema_only,4,,,,,,,generated_report_artifact
component.artifact_manifest.v1,component_catalog_fallback_bundle,outputs/json/synchrono_agent_manifest.json,json,code/common/generate_component_artifact_manifest.py,84d5bb9cf7099514bad02f1a9e8b11072b13d8a744d49963a2cb33b912254429,code/common/generate_component_artifact_manifest.py,84d5bb9cf7099514bad02f1a9e8b11072b13d8a744d49963a2cb33b912254429,91b002b0dec44d5431de8bb36fe884f6030d4305b8dc586aac8c84e893a02ee0,2026-06-01T11:53:05+00:00,890,integration.synchrono_agent_manifest.v1,generated_report_metadata,fallback_model_integration_schema_only,1,,,,,,,generated_report_artifact
component.artifact_manifest.v1,component_catalog_fallback_bundle,outputs/json/terrain_component_manifest.json,json,code/environment_terrain/generate_environment_terrain_components.py,60266a93b4d65ae2029a3e7add0bbfc74bc23fe43c3c4571807f50b19cec6a64,code/environment_terrain/generate_environment_terrain_components.py,60266a93b4d65ae2029a3e7add0bbfc74bc23fe43c3c4571807f50b19cec6a64,66e11b08b263aa166e64dcc7883bf8d02532220359a158639cbaa7fa63a5fd5d,2026-06-01T11:41:18+00:00,5042,terrain.component_manifest.v1,fallback_pychrono_unavailable,,7,,,,,,,fallback_schema_probe
component.artifact_manifest.v1,component_catalog_fallback_bundle,outputs/json/terrain_deformable_domain_manifest.json,json,code/environment_terrain/generate_environment_terrain_components.py,60266a93b4d65ae2029a3e7add0bbfc74bc23fe43c3c4571807f50b19cec6a64,code/environment_terrain/generate_environment_terrain_components.py,60266a93b4d65ae2029a3e7add0bbfc74bc23fe43c3c4571807f50b19cec6a64,9d77807343c8fcbc0c61c7d7e3e6cd37c98628c18ffabed9d3776db97b0ca449,2026-06-01T11:41:18+00:00,6692,terrain.deformable_domain_manifest.v1,fallback_terrain_schema_only_pychrono_unavailable,,4,,,,,,,fallback_schema_probe
component.artifact_manifest.v1,component_catalog_fallback_bundle,outputs/json/terrain_material_region_map.json,json,code/environment_terrain/generate_environment_terrain_components.py,60266a93b4d65ae2029a3e7add0bbfc74bc23fe43c3c4571807f50b19cec6a64,code/environment_terrain/generate_environment_terrain_components.py,60266a93b4d65ae2029a3e7add0bbfc74bc23fe43c3c4571807f50b19cec6a64,20b1f2c2854f8ed634245ff0dd0a329b49a224be2dc3ca3df2cca503c9fbca9d,2026-06-01T11:41:18+00:00,2667,terrain.material_region_map.v1,fallback_terrain_schema_only_pychrono_unavailable,,3,,,,,,,fallback_schema_probe
component.artifact_manifest.v1,component_catalog_fallback_bundle,outputs/json/terrain_patch_manifest.json,json,code/environment_terrain/generate_environment_terrain_components.py,60266a93b4d65ae2029a3e7add0bbfc74bc23fe43c3c4571807f50b19cec6a64,code/environment_terrain/generate_environment_terrain_components.py,60266a93b4d65ae2029a3e7add0bbfc74bc23fe43c3c4571807f50b19cec6a64,7f3d3bb529600bd82affb89bd5675a0f9777fc3a4ab1964dc752dae9ddd2210c,2026-06-01T11:41:18+00:00,3176,terrain.patch_manifest.v1,fallback_terrain_schema_only_pychrono_unavailable,,3,,,,,,,fallback_schema_probe
component.artifact_manifest.v1,component_catalog_fallback_bundle,outputs/json/vehicle_axle_wheel_map.json,json,code/rover_vehicle/generate_rover_vehicle_components.py,b83dfa30b621b59abb9c9cdabdff43d6287fce0b5916bcd06d17d858afb51f0e,code/rover_vehicle/generate_rover_vehicle_components.py,b83dfa30b621b59abb9c9cdabdff43d6287fce0b5916bcd06d17d858afb51f0e,da6ffb03c86acbf2ceee1cfd20b3ce62961068e06f3f37125d67ad6be4efcf84,2026-06-01T11:41:17+00:00,3876,vehicle.axle_wheel_map.v1,fallback_vehicle_schema_only_pychrono_unavailable,,4,,,,,,,fallback_schema_probe
component.artifact_manifest.v1,component_catalog_fallback_bundle,outputs/json/vehicle_component_list.json,json,code/rover_vehicle/generate_rover_vehicle_components.py,b83dfa30b621b59abb9c9cdabdff43d6287fce0b5916bcd06d17d858afb51f0e,code/rover_vehicle/generate_rover_vehicle_components.py,b83dfa30b621b59abb9c9cdabdff43d6287fce0b5916bcd06d17d858afb51f0e,edf51045ba74a432a70b17fe2d9f921642052277ceb4fb02a87f7b29ead92285,2026-06-01T11:41:17+00:00,6870,vehicle.component_list.v1,fallback_vehicle_schema_only_pychrono_unavailable,,16,,,,,,,fallback_schema_probe
component.artifact_manifest.v1,component_catalog_fallback_bundle,outputs/json/vehicle_cosim_node_manifest.json,json,code/common/generate_component_artifact_manifest.py,84d5bb9cf7099514bad02f1a9e8b11072b13d8a744d49963a2cb33b912254429,code/common/generate_component_artifact_manifest.py,84d5bb9cf7099514bad02f1a9e8b11072b13d8a744d49963a2cb33b912254429,441ec4f7a172844982e44cde56c18765fcdb0d1aa6ba8a1246957717ffd91303,2026-06-01T11:53:05+00:00,1249,integration.vehicle_cosim_node_manifest.v1,generated_report_metadata,fallback_model_integration_schema_only,2,,,,,,,generated_report_artifact
component.artifact_manifest.v1,component_catalog_fallback_bundle,outputs/json/vehicle_frame_hardpoint_map.json,json,code/rover_vehicle/generate_rover_vehicle_components.py,b83dfa30b621b59abb9c9cdabdff43d6287fce0b5916bcd06d17d858afb51f0e,code/rover_vehicle/generate_rover_vehicle_components.py,b83dfa30b621b59abb9c9cdabdff43d6287fce0b5916bcd06d17d858afb51f0e,e643bbf124911f568def569467ccc14f80b797a277b08a283df80b6c596a831a,2026-06-01T11:41:17+00:00,5280,vehicle.frame_hardpoint_map.v1,fallback_vehicle_schema_only_pychrono_unavailable,,7,,,,,,,fallback_schema_probe
component.artifact_manifest.v1,component_catalog_fallback_bundle,outputs/json/vehicle_model_spec_manifest.json,json,code/rover_vehicle/generate_rover_vehicle_components.py,b83dfa30b621b59abb9c9cdabdff43d6287fce0b5916bcd06d17d858afb51f0e,code/rover_vehicle/generate_rover_vehicle_components.py,b83dfa30b621b59abb9c9cdabdff43d6287fce0b5916bcd06d17d858afb51f0e,8d272a55392ecd71ad6b343de5497b353b78e51654b87e26449c23f84deafcfe,2026-06-01T11:41:17+00:00,1604,vehicle.model_spec_manifest.v1,fallback_vehicle_schema_only_pychrono_unavailable,,1,,,,,,,fallback_schema_probe
component.artifact_manifest.v1,component_catalog_fallback_bundle,outputs/json/vehicle_subsystem_output_policy.json,json,code/rover_vehicle/generate_rover_vehicle_components.py,b83dfa30b621b59abb9c9cdabdff43d6287fce0b5916bcd06d17d858afb51f0e,code/rover_vehicle/generate_rover_vehicle_components.py,b83dfa30b621b59abb9c9cdabdff43d6287fce0b5916bcd06d17d858afb51f0e,841ebaba6c8e04e268e63a2d3fb782b1cfe4241929c24a2c4680a03ff6f1bf04,2026-06-01T11:41:17+00:00,3041,vehicle.subsystem_output_policy.v1,fallback_vehicle_schema_only_pychrono_unavailable,,16,,,,,,,fallback_schema_probe
component.artifact_manifest.v1,component_catalog_fallback_bundle,outputs/json/vehicle_subsystem_types.json,json,code/rover_vehicle/generate_rover_vehicle_components.py,b83dfa30b621b59abb9c9cdabdff43d6287fce0b5916bcd06d17d858afb51f0e,code/rover_vehicle/generate_rover_vehicle_components.py,b83dfa30b621b59abb9c9cdabdff43d6287fce0b5916bcd06d17d858afb51f0e,04ec1a32a7c62bce00fc1d56b939612058c6d534b2c5845d06f224a2a641d838,2026-06-01T11:41:17+00:00,982,vehicle.subsystem_types.v1,fallback_vehicle_schema_only_pychrono_unavailable,,12,,,,,,,fallback_schema_probe
component.artifact_manifest.v1,component_catalog_fallback_bundle,outputs/json/vehicle_vsg_capture_manifest.json,json,code/common/generate_chrono_builtin_component_assets.py,c7a5c41a0ceb37db9b094aa8b43995a9a02ccd45dc6d3945696818d0f9db23f4,code/common/generate_chrono_builtin_component_assets.py,c7a5c41a0ceb37db9b094aa8b43995a9a02ccd45dc6d3945696818d0f9db23f4,fc92a01eb5ada5fbe9d46fb8278f25b95f786a0f2fe94e05084e24d5690eac9f,2026-06-01T11:41:31+00:00,2957,visual.vsg_vehicle_capture_manifest.v1,pychrono_vsg_capture,,2,,,,,,,pychrono_vsg_capture
component.artifact_manifest.v1,component_catalog_fallback_bundle,outputs/json/visual_asset_manifest.json,json,code/common/generate_component_artifact_manifest.py,84d5bb9cf7099514bad02f1a9e8b11072b13d8a744d49963a2cb33b912254429,code/common/generate_component_artifact_manifest.py,84d5bb9cf7099514bad02f1a9e8b11072b13d8a744d49963a2cb33b912254429,2b689819ab4f00f8de5f7dc6db8990a356a6bc1f07fb7231b28095c3fd3af614,2026-06-01T11:53:05+00:00,56458,visual.asset_manifest.v1,generated_report_metadata,generated_report_metadata,41,,,,,,,generated_report_artifact
component.artifact_manifest.v1,component_catalog_fallback_bundle,outputs/json/writer_backend_manifest.json,json,code/common/generate_component_artifact_manifest.py,84d5bb9cf7099514bad02f1a9e8b11072b13d8a744d49963a2cb33b912254429,code/common/generate_component_artifact_manifest.py,84d5bb9cf7099514bad02f1a9e8b11072b13d8a744d49963a2cb33b912254429,829fc9c2c587d547a165daad2849ade1645ccdbeaee02dc876e0a442e1f7584c,2026-06-01T11:53:05+00:00,40081,data.writer_backend_manifest.v1,generated_report_metadata,generated_report_metadata,54,,,,,,,generated_report_artifact
component.artifact_manifest.v1,component_catalog_fallback_bundle,outputs/raw/gnuplot/data_visualization_control_inputs.dat,raw_debug,code/common/generate_component_artifact_manifest.py,84d5bb9cf7099514bad02f1a9e8b11072b13d8a744d49963a2cb33b912254429,code/common/generate_component_artifact_manifest.py,84d5bb9cf7099514bad02f1a9e8b11072b13d8a744d49963a2cb33b912254429,3182f161094cd7a4760b5c22f4f846b80f2091ead2c8786a8358c30d8a30be9b,2026-06-01T11:53:05+00:00,4601,,,,,,,,,,,raw_debug_artifact
component.artifact_manifest.v1,component_catalog_fallback_bundle,outputs/raw/gnuplot/data_visualization_control_inputs.gpl,raw_debug,code/common/generate_component_artifact_manifest.py,84d5bb9cf7099514bad02f1a9e8b11072b13d8a744d49963a2cb33b912254429,code/common/generate_component_artifact_manifest.py,84d5bb9cf7099514bad02f1a9e8b11072b13d8a744d49963a2cb33b912254429,2df65bf2c1e22f3b894701ead0cb0c94014bfb58fbe25999b24807b4b2c3e2b8,2026-06-01T11:53:05+00:00,516,,,,,,,,,,,raw_debug_artifact
component.artifact_manifest.v1,component_catalog_fallback_bundle,outputs/raw/rover_vehicle_render_status.log,raw_debug,,,,,a2a1c8e8140746d34c9d5dbef22752e711822ac813134b0ba66b459469c8c0a3,2026-06-01T11:41:17+00:00,1600,,,,,,,,,,,raw_debug_artifact
component.artifact_manifest.v1,component_catalog_fallback_bundle,outputs/raw/vsg_probe2.png,raw_debug,,,,,37bf0a984d02fe75db917309c0c516210d65e01e72342f832ed60ae6dcd86d0b,2026-05-31T12:36:14+00:00,7383,,,,,,,,,,,raw_debug_artifact
component.artifact_manifest.v1,component_catalog_fallback_bundle,outputs/raw/vsg_smoke_test.png,raw_debug,,,,,baf5cc30c5876dc2cbe8d5bf58a38e787b4ddcb0be4cbbedee53b0ec9e569f12,2026-05-31T12:36:14+00:00,7694,,,,,,,,,,,raw_debug_artifact
