run_id,schema_id,scenario_id,time_s,step_index,terrain_component_id,wheel_id,tire_model,x_m,y_m,contact_fx_N,contact_fy_N,contact_fz_N,contact_force_N,slip_ratio,drawbar_pull_N,contact_patch,source
environment_terrain_component_demo,terrain.contact_probe.v1,contact_probe_schema_v1,0.000,0,terrain.core_ground,sphere_probe,none_sphere_contact_probe,0.000,0.000,0.00000,0.00000,0.00000,0.00000,,,sphere_ground,fallback_pychrono_unavailable
environment_terrain_component_demo,terrain.contact_probe.v1,contact_probe_schema_v1,0.005,1,terrain.core_ground,sphere_probe,none_sphere_contact_probe,0.000,0.000,0.00000,0.00000,0.00000,0.00000,,,sphere_ground,fallback_pychrono_unavailable
environment_terrain_component_demo,terrain.contact_probe.v1,contact_probe_schema_v1,0.010,2,terrain.core_ground,sphere_probe,none_sphere_contact_probe,0.000,0.000,0.00000,0.00000,0.00000,0.00000,,,sphere_ground,fallback_pychrono_unavailable
environment_terrain_component_demo,terrain.contact_probe.v1,contact_probe_schema_v1,0.015,3,terrain.core_ground,sphere_probe,none_sphere_contact_probe,0.000,0.000,0.00000,0.00000,0.00000,0.00000,,,sphere_ground,fallback_pychrono_unavailable
environment_terrain_component_demo,terrain.contact_probe.v1,contact_probe_schema_v1,0.020,4,terrain.core_ground,sphere_probe,none_sphere_contact_probe,0.000,0.000,0.00000,0.00000,0.00000,0.00000,,,sphere_ground,fallback_pychrono_unavailable
environment_terrain_component_demo,terrain.contact_probe.v1,contact_probe_schema_v1,0.025,5,terrain.core_ground,sphere_probe,none_sphere_contact_probe,0.000,0.000,0.00000,0.00000,0.00000,0.00000,,,sphere_ground,fallback_pychrono_unavailable
environment_terrain_component_demo,terrain.contact_probe.v1,contact_probe_schema_v1,0.030,6,terrain.core_ground,sphere_probe,none_sphere_contact_probe,0.000,0.000,0.00000,0.00000,0.00000,0.00000,,,sphere_ground,fallback_pychrono_unavailable
environment_terrain_component_demo,terrain.contact_probe.v1,contact_probe_schema_v1,0.035,7,terrain.core_ground,sphere_probe,none_sphere_contact_probe,0.000,0.000,0.00000,0.00000,0.00000,0.00000,,,sphere_ground,fallback_pychrono_unavailable
environment_terrain_component_demo,terrain.contact_probe.v1,contact_probe_schema_v1,0.040,8,terrain.core_ground,sphere_probe,none_sphere_contact_probe,0.000,0.000,0.00000,0.00000,0.00000,0.00000,,,sphere_ground,fallback_pychrono_unavailable
environment_terrain_component_demo,terrain.contact_probe.v1,contact_probe_schema_v1,0.045,9,terrain.core_ground,sphere_probe,none_sphere_contact_probe,0.000,0.000,0.00000,0.00000,0.00000,0.00000,,,sphere_ground,fallback_pychrono_unavailable
environment_terrain_component_demo,terrain.contact_probe.v1,contact_probe_schema_v1,0.050,10,terrain.core_ground,sphere_probe,none_sphere_contact_probe,0.000,0.000,0.00000,0.00000,0.00000,0.00000,,,sphere_ground,fallback_pychrono_unavailable
environment_terrain_component_demo,terrain.contact_probe.v1,contact_probe_schema_v1,0.055,11,terrain.core_ground,sphere_probe,none_sphere_contact_probe,0.000,0.000,0.00000,0.00000,0.00000,0.00000,,,sphere_ground,fallback_pychrono_unavailable
environment_terrain_component_demo,terrain.contact_probe.v1,contact_probe_schema_v1,0.060,12,terrain.core_ground,sphere_probe,none_sphere_contact_probe,0.000,0.000,0.00000,0.00000,0.00000,0.00000,,,sphere_ground,fallback_pychrono_unavailable
environment_terrain_component_demo,terrain.contact_probe.v1,contact_probe_schema_v1,0.065,13,terrain.core_ground,sphere_probe,none_sphere_contact_probe,0.000,0.000,0.00000,0.00000,0.00000,0.00000,,,sphere_ground,fallback_pychrono_unavailable
environment_terrain_component_demo,terrain.contact_probe.v1,contact_probe_schema_v1,0.070,14,terrain.core_ground,sphere_probe,none_sphere_contact_probe,0.000,0.000,0.00000,0.00000,0.00000,0.00000,,,sphere_ground,fallback_pychrono_unavailable
environment_terrain_component_demo,terrain.contact_probe.v1,contact_probe_schema_v1,0.075,15,terrain.core_ground,sphere_probe,none_sphere_contact_probe,0.000,0.000,0.00000,0.00000,0.00000,0.00000,,,sphere_ground,fallback_pychrono_unavailable
environment_terrain_component_demo,terrain.contact_probe.v1,contact_probe_schema_v1,0.080,16,terrain.core_ground,sphere_probe,none_sphere_contact_probe,0.000,0.000,0.00000,0.00000,0.00000,0.00000,,,sphere_ground,fallback_pychrono_unavailable
environment_terrain_component_demo,terrain.contact_probe.v1,contact_probe_schema_v1,0.085,17,terrain.core_ground,sphere_probe,none_sphere_contact_probe,0.000,0.000,0.00000,0.00000,0.00000,0.00000,,,sphere_ground,fallback_pychrono_unavailable
environment_terrain_component_demo,terrain.contact_probe.v1,contact_probe_schema_v1,0.090,18,terrain.core_ground,sphere_probe,none_sphere_contact_probe,0.000,0.000,0.00000,0.00000,0.00000,0.00000,,,sphere_ground,fallback_pychrono_unavailable
environment_terrain_component_demo,terrain.contact_probe.v1,contact_probe_schema_v1,0.095,19,terrain.core_ground,sphere_probe,none_sphere_contact_probe,0.000,0.000,0.00000,0.00000,0.00000,0.00000,,,sphere_ground,fallback_pychrono_unavailable
environment_terrain_component_demo,terrain.contact_probe.v1,contact_probe_schema_v1,0.100,20,terrain.core_ground,sphere_probe,none_sphere_contact_probe,0.000,0.000,0.00000,0.00000,0.00000,0.00000,,,sphere_ground,fallback_pychrono_unavailable
environment_terrain_component_demo,terrain.contact_probe.v1,contact_probe_schema_v1,0.105,21,terrain.core_ground,sphere_probe,none_sphere_contact_probe,0.000,0.000,0.00000,0.00000,0.00000,0.00000,,,sphere_ground,fallback_pychrono_unavailable
environment_terrain_component_demo,terrain.contact_probe.v1,contact_probe_schema_v1,0.110,22,terrain.core_ground,sphere_probe,none_sphere_contact_probe,0.000,0.000,0.00000,0.00000,0.00000,0.00000,,,sphere_ground,fallback_pychrono_unavailable
environment_terrain_component_demo,terrain.contact_probe.v1,contact_probe_schema_v1,0.115,23,terrain.core_ground,sphere_probe,none_sphere_contact_probe,0.000,0.000,0.00000,0.00000,0.00000,0.00000,,,sphere_ground,fallback_pychrono_unavailable
environment_terrain_component_demo,terrain.contact_probe.v1,contact_probe_schema_v1,0.120,24,terrain.core_ground,sphere_probe,none_sphere_contact_probe,0.000,0.000,0.00000,0.00000,0.00000,0.00000,,,sphere_ground,fallback_pychrono_unavailable
environment_terrain_component_demo,terrain.contact_probe.v1,contact_probe_schema_v1,0.125,25,terrain.core_ground,sphere_probe,none_sphere_contact_probe,0.000,0.000,0.00000,0.00000,0.00000,0.00000,,,sphere_ground,fallback_pychrono_unavailable
environment_terrain_component_demo,terrain.contact_probe.v1,contact_probe_schema_v1,0.130,26,terrain.core_ground,sphere_probe,none_sphere_contact_probe,0.000,0.000,0.00000,0.00000,0.00000,0.00000,,,sphere_ground,fallback_pychrono_unavailable
environment_terrain_component_demo,terrain.contact_probe.v1,contact_probe_schema_v1,0.135,27,terrain.core_ground,sphere_probe,none_sphere_contact_probe,0.000,0.000,0.00000,0.00000,0.00000,0.00000,,,sphere_ground,fallback_pychrono_unavailable
environment_terrain_component_demo,terrain.contact_probe.v1,contact_probe_schema_v1,0.140,28,terrain.core_ground,sphere_probe,none_sphere_contact_probe,0.000,0.000,0.00000,0.00000,0.00000,0.00000,,,sphere_ground,fallback_pychrono_unavailable
environment_terrain_component_demo,terrain.contact_probe.v1,contact_probe_schema_v1,0.145,29,terrain.core_ground,sphere_probe,none_sphere_contact_probe,0.000,0.000,0.00000,0.00000,0.00000,0.00000,,,sphere_ground,fallback_pychrono_unavailable
environment_terrain_component_demo,terrain.contact_probe.v1,contact_probe_schema_v1,0.150,30,terrain.core_ground,sphere_probe,none_sphere_contact_probe,0.000,0.000,0.00000,0.00000,0.00000,0.00000,,,sphere_ground,fallback_pychrono_unavailable
environment_terrain_component_demo,terrain.contact_probe.v1,contact_probe_schema_v1,0.155,31,terrain.core_ground,sphere_probe,none_sphere_contact_probe,0.000,0.000,0.00000,0.00000,0.00000,0.00000,,,sphere_ground,fallback_pychrono_unavailable
environment_terrain_component_demo,terrain.contact_probe.v1,contact_probe_schema_v1,0.160,32,terrain.core_ground,sphere_probe,none_sphere_contact_probe,0.000,0.000,0.00000,0.00000,0.00000,0.00000,,,sphere_ground,fallback_pychrono_unavailable
environment_terrain_component_demo,terrain.contact_probe.v1,contact_probe_schema_v1,0.165,33,terrain.core_ground,sphere_probe,none_sphere_contact_probe,0.000,0.000,0.00000,0.00000,0.00000,0.00000,,,sphere_ground,fallback_pychrono_unavailable
environment_terrain_component_demo,terrain.contact_probe.v1,contact_probe_schema_v1,0.170,34,terrain.core_ground,sphere_probe,none_sphere_contact_probe,0.000,0.000,0.00000,0.00000,0.00000,0.00000,,,sphere_ground,fallback_pychrono_unavailable
environment_terrain_component_demo,terrain.contact_probe.v1,contact_probe_schema_v1,0.175,35,terrain.core_ground,sphere_probe,none_sphere_contact_probe,0.000,0.000,0.00000,0.00000,0.00000,0.00000,,,sphere_ground,fallback_pychrono_unavailable
environment_terrain_component_demo,terrain.contact_probe.v1,contact_probe_schema_v1,0.180,36,terrain.core_ground,sphere_probe,none_sphere_contact_probe,0.000,0.000,0.00000,0.00000,0.00000,0.00000,,,sphere_ground,fallback_pychrono_unavailable
environment_terrain_component_demo,terrain.contact_probe.v1,contact_probe_schema_v1,0.185,37,terrain.core_ground,sphere_probe,none_sphere_contact_probe,0.000,0.000,0.00000,0.00000,0.00000,0.00000,,,sphere_ground,fallback_pychrono_unavailable
environment_terrain_component_demo,terrain.contact_probe.v1,contact_probe_schema_v1,0.190,38,terrain.core_ground,sphere_probe,none_sphere_contact_probe,0.000,0.000,0.00000,0.00000,0.00000,0.00000,,,sphere_ground,fallback_pychrono_unavailable
environment_terrain_component_demo,terrain.contact_probe.v1,contact_probe_schema_v1,0.195,39,terrain.core_ground,sphere_probe,none_sphere_contact_probe,0.000,0.000,0.00000,0.00000,0.00000,0.00000,,,sphere_ground,fallback_pychrono_unavailable
environment_terrain_component_demo,terrain.contact_probe.v1,contact_probe_schema_v1,0.200,40,terrain.core_ground,sphere_probe,none_sphere_contact_probe,0.000,0.000,0.00000,0.00000,0.00000,0.00000,,,sphere_ground,fallback_pychrono_unavailable
environment_terrain_component_demo,terrain.contact_probe.v1,contact_probe_schema_v1,0.205,41,terrain.core_ground,sphere_probe,none_sphere_contact_probe,0.000,0.000,0.00000,0.00000,0.00000,0.00000,,,sphere_ground,fallback_pychrono_unavailable
environment_terrain_component_demo,terrain.contact_probe.v1,contact_probe_schema_v1,0.210,42,terrain.core_ground,sphere_probe,none_sphere_contact_probe,0.000,0.000,0.00000,0.00000,0.00000,0.00000,,,sphere_ground,fallback_pychrono_unavailable
environment_terrain_component_demo,terrain.contact_probe.v1,contact_probe_schema_v1,0.215,43,terrain.core_ground,sphere_probe,none_sphere_contact_probe,0.000,0.000,0.00000,0.00000,0.00000,0.00000,,,sphere_ground,fallback_pychrono_unavailable
environment_terrain_component_demo,terrain.contact_probe.v1,contact_probe_schema_v1,0.220,44,terrain.core_ground,sphere_probe,none_sphere_contact_probe,0.000,0.000,0.00000,0.00000,0.00000,0.00000,,,sphere_ground,fallback_pychrono_unavailable
environment_terrain_component_demo,terrain.contact_probe.v1,contact_probe_schema_v1,0.225,45,terrain.core_ground,sphere_probe,none_sphere_contact_probe,0.000,0.000,0.00000,0.00000,0.00000,0.00000,,,sphere_ground,fallback_pychrono_unavailable
environment_terrain_component_demo,terrain.contact_probe.v1,contact_probe_schema_v1,0.230,46,terrain.core_ground,sphere_probe,none_sphere_contact_probe,0.000,0.000,0.00000,0.00000,0.00000,0.00000,,,sphere_ground,fallback_pychrono_unavailable
environment_terrain_component_demo,terrain.contact_probe.v1,contact_probe_schema_v1,0.235,47,terrain.core_ground,sphere_probe,none_sphere_contact_probe,0.000,0.000,0.00000,0.00000,0.00000,0.00000,,,sphere_ground,fallback_pychrono_unavailable
environment_terrain_component_demo,terrain.contact_probe.v1,contact_probe_schema_v1,0.240,48,terrain.core_ground,sphere_probe,none_sphere_contact_probe,0.000,0.000,0.00000,0.00000,0.00000,0.00000,,,sphere_ground,fallback_pychrono_unavailable
environment_terrain_component_demo,terrain.contact_probe.v1,contact_probe_schema_v1,0.245,49,terrain.core_ground,sphere_probe,none_sphere_contact_probe,0.000,0.000,0.00000,0.00000,0.00000,0.00000,,,sphere_ground,fallback_pychrono_unavailable
environment_terrain_component_demo,terrain.contact_probe.v1,contact_probe_schema_v1,0.250,50,terrain.core_ground,sphere_probe,none_sphere_contact_probe,0.000,0.000,0.00000,0.00000,0.00000,0.00000,,,sphere_ground,fallback_pychrono_unavailable
environment_terrain_component_demo,terrain.contact_probe.v1,contact_probe_schema_v1,0.255,51,terrain.core_ground,sphere_probe,none_sphere_contact_probe,0.000,0.000,0.00000,0.00000,0.00000,0.00000,,,sphere_ground,fallback_pychrono_unavailable
environment_terrain_component_demo,terrain.contact_probe.v1,contact_probe_schema_v1,0.260,52,terrain.core_ground,sphere_probe,none_sphere_contact_probe,0.000,0.000,0.00000,0.00000,0.00000,0.00000,,,sphere_ground,fallback_pychrono_unavailable
environment_terrain_component_demo,terrain.contact_probe.v1,contact_probe_schema_v1,0.265,53,terrain.core_ground,sphere_probe,none_sphere_contact_probe,0.000,0.000,0.00000,0.00000,0.00000,0.00000,,,sphere_ground,fallback_pychrono_unavailable
environment_terrain_component_demo,terrain.contact_probe.v1,contact_probe_schema_v1,0.270,54,terrain.core_ground,sphere_probe,none_sphere_contact_probe,0.000,0.000,0.00000,0.00000,0.00000,0.00000,,,sphere_ground,fallback_pychrono_unavailable
environment_terrain_component_demo,terrain.contact_probe.v1,contact_probe_schema_v1,0.275,55,terrain.core_ground,sphere_probe,none_sphere_contact_probe,0.000,0.000,0.00000,0.00000,0.00000,0.00000,,,sphere_ground,fallback_pychrono_unavailable
environment_terrain_component_demo,terrain.contact_probe.v1,contact_probe_schema_v1,0.280,56,terrain.core_ground,sphere_probe,none_sphere_contact_probe,0.000,0.000,0.00000,0.00000,0.00000,0.00000,,,sphere_ground,fallback_pychrono_unavailable
environment_terrain_component_demo,terrain.contact_probe.v1,contact_probe_schema_v1,0.285,57,terrain.core_ground,sphere_probe,none_sphere_contact_probe,0.000,0.000,0.00000,0.00000,0.00000,0.00000,,,sphere_ground,fallback_pychrono_unavailable
environment_terrain_component_demo,terrain.contact_probe.v1,contact_probe_schema_v1,0.290,58,terrain.core_ground,sphere_probe,none_sphere_contact_probe,0.000,0.000,0.00000,0.00000,0.00000,0.00000,,,sphere_ground,fallback_pychrono_unavailable
environment_terrain_component_demo,terrain.contact_probe.v1,contact_probe_schema_v1,0.295,59,terrain.core_ground,sphere_probe,none_sphere_contact_probe,0.000,0.000,0.00000,0.00000,0.00000,0.00000,,,sphere_ground,fallback_pychrono_unavailable
environment_terrain_component_demo,terrain.contact_probe.v1,contact_probe_schema_v1,0.300,60,terrain.core_ground,sphere_probe,none_sphere_contact_probe,0.000,0.000,0.00000,0.00000,0.00000,0.00000,,,sphere_ground,fallback_pychrono_unavailable
environment_terrain_component_demo,terrain.contact_probe.v1,contact_probe_schema_v1,0.305,61,terrain.core_ground,sphere_probe,none_sphere_contact_probe,0.000,0.000,0.00000,0.00000,0.00000,0.00000,,,sphere_ground,fallback_pychrono_unavailable
environment_terrain_component_demo,terrain.contact_probe.v1,contact_probe_schema_v1,0.310,62,terrain.core_ground,sphere_probe,none_sphere_contact_probe,0.000,0.000,0.00000,0.00000,0.00000,0.00000,,,sphere_ground,fallback_pychrono_unavailable
environment_terrain_component_demo,terrain.contact_probe.v1,contact_probe_schema_v1,0.315,63,terrain.core_ground,sphere_probe,none_sphere_contact_probe,0.000,0.000,0.00000,0.00000,0.00000,0.00000,,,sphere_ground,fallback_pychrono_unavailable
environment_terrain_component_demo,terrain.contact_probe.v1,contact_probe_schema_v1,0.320,64,terrain.core_ground,sphere_probe,none_sphere_contact_probe,0.000,0.000,0.00000,0.00000,0.00000,0.00000,,,sphere_ground,fallback_pychrono_unavailable
environment_terrain_component_demo,terrain.contact_probe.v1,contact_probe_schema_v1,0.325,65,terrain.core_ground,sphere_probe,none_sphere_contact_probe,0.000,0.000,0.00000,0.00000,0.00000,0.00000,,,sphere_ground,fallback_pychrono_unavailable
environment_terrain_component_demo,terrain.contact_probe.v1,contact_probe_schema_v1,0.330,66,terrain.core_ground,sphere_probe,none_sphere_contact_probe,0.000,0.000,0.00000,0.00000,0.00000,0.00000,,,sphere_ground,fallback_pychrono_unavailable
environment_terrain_component_demo,terrain.contact_probe.v1,contact_probe_schema_v1,0.335,67,terrain.core_ground,sphere_probe,none_sphere_contact_probe,0.000,0.000,0.00000,0.00000,0.00000,0.00000,,,sphere_ground,fallback_pychrono_unavailable
environment_terrain_component_demo,terrain.contact_probe.v1,contact_probe_schema_v1,0.340,68,terrain.core_ground,sphere_probe,none_sphere_contact_probe,0.000,0.000,0.00000,0.00000,0.00000,0.00000,,,sphere_ground,fallback_pychrono_unavailable
environment_terrain_component_demo,terrain.contact_probe.v1,contact_probe_schema_v1,0.345,69,terrain.core_ground,sphere_probe,none_sphere_contact_probe,0.000,0.000,0.00000,0.00000,0.00000,0.00000,,,sphere_ground,fallback_pychrono_unavailable
environment_terrain_component_demo,terrain.contact_probe.v1,contact_probe_schema_v1,0.350,70,terrain.core_ground,sphere_probe,none_sphere_contact_probe,0.000,0.000,0.00000,0.00000,0.00000,0.00000,,,sphere_ground,fallback_pychrono_unavailable
environment_terrain_component_demo,terrain.contact_probe.v1,contact_probe_schema_v1,0.355,71,terrain.core_ground,sphere_probe,none_sphere_contact_probe,0.000,0.000,0.00000,0.00000,0.00000,0.00000,,,sphere_ground,fallback_pychrono_unavailable
environment_terrain_component_demo,terrain.contact_probe.v1,contact_probe_schema_v1,0.360,72,terrain.core_ground,sphere_probe,none_sphere_contact_probe,0.000,0.000,0.00000,0.00000,0.00000,0.00000,,,sphere_ground,fallback_pychrono_unavailable
environment_terrain_component_demo,terrain.contact_probe.v1,contact_probe_schema_v1,0.365,73,terrain.core_ground,sphere_probe,none_sphere_contact_probe,0.000,0.000,0.00000,0.00000,0.00000,0.00000,,,sphere_ground,fallback_pychrono_unavailable
environment_terrain_component_demo,terrain.contact_probe.v1,contact_probe_schema_v1,0.370,74,terrain.core_ground,sphere_probe,none_sphere_contact_probe,0.000,0.000,0.00000,0.00000,0.00000,0.00000,,,sphere_ground,fallback_pychrono_unavailable
environment_terrain_component_demo,terrain.contact_probe.v1,contact_probe_schema_v1,0.375,75,terrain.core_ground,sphere_probe,none_sphere_contact_probe,0.000,0.000,0.00000,0.00000,0.00000,0.00000,,,sphere_ground,fallback_pychrono_unavailable
environment_terrain_component_demo,terrain.contact_probe.v1,contact_probe_schema_v1,0.380,76,terrain.core_ground,sphere_probe,none_sphere_contact_probe,0.000,0.000,0.00000,0.00000,0.00000,0.00000,,,sphere_ground,fallback_pychrono_unavailable
environment_terrain_component_demo,terrain.contact_probe.v1,contact_probe_schema_v1,0.385,77,terrain.core_ground,sphere_probe,none_sphere_contact_probe,0.000,0.000,0.00000,0.00000,0.00000,0.00000,,,sphere_ground,fallback_pychrono_unavailable
environment_terrain_component_demo,terrain.contact_probe.v1,contact_probe_schema_v1,0.390,78,terrain.core_ground,sphere_probe,none_sphere_contact_probe,0.000,0.000,0.00000,0.00000,0.00000,0.00000,,,sphere_ground,fallback_pychrono_unavailable
environment_terrain_component_demo,terrain.contact_probe.v1,contact_probe_schema_v1,0.395,79,terrain.core_ground,sphere_probe,none_sphere_contact_probe,0.000,0.000,0.00000,0.00000,0.00000,0.00000,,,sphere_ground,fallback_pychrono_unavailable
environment_terrain_component_demo,terrain.contact_probe.v1,contact_probe_schema_v1,0.400,80,terrain.core_ground,sphere_probe,none_sphere_contact_probe,0.000,0.000,0.00000,0.00000,0.00000,0.00000,,,sphere_ground,fallback_pychrono_unavailable
environment_terrain_component_demo,terrain.contact_probe.v1,contact_probe_schema_v1,0.405,81,terrain.core_ground,sphere_probe,none_sphere_contact_probe,0.000,0.000,0.00000,0.00000,0.00000,0.00000,,,sphere_ground,fallback_pychrono_unavailable
environment_terrain_component_demo,terrain.contact_probe.v1,contact_probe_schema_v1,0.410,82,terrain.core_ground,sphere_probe,none_sphere_contact_probe,0.000,0.000,0.00000,0.00000,0.00000,0.00000,,,sphere_ground,fallback_pychrono_unavailable
environment_terrain_component_demo,terrain.contact_probe.v1,contact_probe_schema_v1,0.415,83,terrain.core_ground,sphere_probe,none_sphere_contact_probe,0.000,0.000,0.00000,0.00000,0.00000,0.00000,,,sphere_ground,fallback_pychrono_unavailable
environment_terrain_component_demo,terrain.contact_probe.v1,contact_probe_schema_v1,0.420,84,terrain.core_ground,sphere_probe,none_sphere_contact_probe,0.000,0.000,0.00000,0.00000,35.14006,35.14006,,,sphere_ground,fallback_pychrono_unavailable
environment_terrain_component_demo,terrain.contact_probe.v1,contact_probe_schema_v1,0.425,85,terrain.core_ground,sphere_probe,none_sphere_contact_probe,0.000,0.000,0.00000,0.00000,44.78631,44.78631,,,sphere_ground,fallback_pychrono_unavailable
environment_terrain_component_demo,terrain.contact_probe.v1,contact_probe_schema_v1,0.430,86,terrain.core_ground,sphere_probe,none_sphere_contact_probe,0.000,0.000,0.00000,0.00000,57.11213,57.11213,,,sphere_ground,fallback_pychrono_unavailable
environment_terrain_component_demo,terrain.contact_probe.v1,contact_probe_schema_v1,0.435,87,terrain.core_ground,sphere_probe,none_sphere_contact_probe,0.000,0.000,0.00000,0.00000,72.49346,72.49346,,,sphere_ground,fallback_pychrono_unavailable
environment_terrain_component_demo,terrain.contact_probe.v1,contact_probe_schema_v1,0.440,88,terrain.core_ground,sphere_probe,none_sphere_contact_probe,0.000,0.000,0.00000,0.00000,91.16815,91.16815,,,sphere_ground,fallback_pychrono_unavailable
environment_terrain_component_demo,terrain.contact_probe.v1,contact_probe_schema_v1,0.445,89,terrain.core_ground,sphere_probe,none_sphere_contact_probe,0.000,0.000,0.00000,0.00000,113.15450,113.15450,,,sphere_ground,fallback_pychrono_unavailable
environment_terrain_component_demo,terrain.contact_probe.v1,contact_probe_schema_v1,0.450,90,terrain.core_ground,sphere_probe,none_sphere_contact_probe,0.000,0.000,0.00000,0.00000,138.17552,138.17552,,,sphere_ground,fallback_pychrono_unavailable
environment_terrain_component_demo,terrain.contact_probe.v1,contact_probe_schema_v1,0.455,91,terrain.core_ground,sphere_probe,none_sphere_contact_probe,0.000,0.000,0.00000,0.00000,165.60530,165.60530,,,sphere_ground,fallback_pychrono_unavailable
environment_terrain_component_demo,terrain.contact_probe.v1,contact_probe_schema_v1,0.460,92,terrain.core_ground,sphere_probe,none_sphere_contact_probe,0.000,0.000,0.00000,0.00000,194.45363,194.45363,,,sphere_ground,fallback_pychrono_unavailable
environment_terrain_component_demo,terrain.contact_probe.v1,contact_probe_schema_v1,0.465,93,terrain.core_ground,sphere_probe,none_sphere_contact_probe,0.000,0.000,0.00000,0.00000,223.40196,223.40196,,,sphere_ground,fallback_pychrono_unavailable
environment_terrain_component_demo,terrain.contact_probe.v1,contact_probe_schema_v1,0.470,94,terrain.core_ground,sphere_probe,none_sphere_contact_probe,0.000,0.000,0.00000,0.00000,250.89571,250.89571,,,sphere_ground,fallback_pychrono_unavailable
environment_terrain_component_demo,terrain.contact_probe.v1,contact_probe_schema_v1,0.475,95,terrain.core_ground,sphere_probe,none_sphere_contact_probe,0.000,0.000,0.00000,0.00000,275.28775,275.28775,,,sphere_ground,fallback_pychrono_unavailable
environment_terrain_component_demo,terrain.contact_probe.v1,contact_probe_schema_v1,0.480,96,terrain.core_ground,sphere_probe,none_sphere_contact_probe,0.000,0.000,0.00000,0.00000,295.01618,295.01618,,,sphere_ground,fallback_pychrono_unavailable
environment_terrain_component_demo,terrain.contact_probe.v1,contact_probe_schema_v1,0.485,97,terrain.core_ground,sphere_probe,none_sphere_contact_probe,0.000,0.000,0.00000,0.00000,308.79039,308.79039,,,sphere_ground,fallback_pychrono_unavailable
environment_terrain_component_demo,terrain.contact_probe.v1,contact_probe_schema_v1,0.490,98,terrain.core_ground,sphere_probe,none_sphere_contact_probe,0.000,0.000,0.00000,0.00000,315.75454,315.75454,,,sphere_ground,fallback_pychrono_unavailable
environment_terrain_component_demo,terrain.contact_probe.v1,contact_probe_schema_v1,0.495,99,terrain.core_ground,sphere_probe,none_sphere_contact_probe,0.000,0.000,0.00000,0.00000,315.59962,315.59962,,,sphere_ground,fallback_pychrono_unavailable
environment_terrain_component_demo,terrain.contact_probe.v1,contact_probe_schema_v1,0.500,100,terrain.core_ground,sphere_probe,none_sphere_contact_probe,0.000,0.000,0.00000,0.00000,308.60334,308.60334,,,sphere_ground,fallback_pychrono_unavailable
environment_terrain_component_demo,terrain.contact_probe.v1,contact_probe_schema_v1,0.505,101,terrain.core_ground,sphere_probe,none_sphere_contact_probe,0.000,0.000,0.00000,0.00000,295.59042,295.59042,,,sphere_ground,fallback_pychrono_unavailable
environment_terrain_component_demo,terrain.contact_probe.v1,contact_probe_schema_v1,0.510,102,terrain.core_ground,sphere_probe,none_sphere_contact_probe,0.000,0.000,0.00000,0.00000,277.82072,277.82072,,,sphere_ground,fallback_pychrono_unavailable
environment_terrain_component_demo,terrain.contact_probe.v1,contact_probe_schema_v1,0.515,103,terrain.core_ground,sphere_probe,none_sphere_contact_probe,0.000,0.000,0.00000,0.00000,256.82591,256.82591,,,sphere_ground,fallback_pychrono_unavailable
environment_terrain_component_demo,terrain.contact_probe.v1,contact_probe_schema_v1,0.520,104,terrain.core_ground,sphere_probe,none_sphere_contact_probe,0.000,0.000,0.00000,0.00000,234.22359,234.22359,,,sphere_ground,fallback_pychrono_unavailable
environment_terrain_component_demo,terrain.contact_probe.v1,contact_probe_schema_v1,0.525,105,terrain.core_ground,sphere_probe,none_sphere_contact_probe,0.000,0.000,0.00000,0.00000,211.53969,211.53969,,,sphere_ground,fallback_pychrono_unavailable
environment_terrain_component_demo,terrain.contact_probe.v1,contact_probe_schema_v1,0.530,106,terrain.core_ground,sphere_probe,none_sphere_contact_probe,0.000,0.000,0.00000,0.00000,190.06520,190.06520,,,sphere_ground,fallback_pychrono_unavailable
environment_terrain_component_demo,terrain.contact_probe.v1,contact_probe_schema_v1,0.535,107,terrain.core_ground,sphere_probe,none_sphere_contact_probe,0.000,0.000,0.00000,0.00000,170.76396,170.76396,,,sphere_ground,fallback_pychrono_unavailable
environment_terrain_component_demo,terrain.contact_probe.v1,contact_probe_schema_v1,0.540,108,terrain.core_ground,sphere_probe,none_sphere_contact_probe,0.000,0.000,0.00000,0.00000,154.23697,154.23697,,,sphere_ground,fallback_pychrono_unavailable
environment_terrain_component_demo,terrain.contact_probe.v1,contact_probe_schema_v1,0.545,109,terrain.core_ground,sphere_probe,none_sphere_contact_probe,0.000,0.000,0.00000,0.00000,140.73783,140.73783,,,sphere_ground,fallback_pychrono_unavailable
environment_terrain_component_demo,terrain.contact_probe.v1,contact_probe_schema_v1,0.550,110,terrain.core_ground,sphere_probe,none_sphere_contact_probe,0.000,0.000,0.00000,0.00000,130.22663,130.22663,,,sphere_ground,fallback_pychrono_unavailable
environment_terrain_component_demo,terrain.contact_probe.v1,contact_probe_schema_v1,0.555,111,terrain.core_ground,sphere_probe,none_sphere_contact_probe,0.000,0.000,0.00000,0.00000,122.44579,122.44579,,,sphere_ground,fallback_pychrono_unavailable
environment_terrain_component_demo,terrain.contact_probe.v1,contact_probe_schema_v1,0.560,112,terrain.core_ground,sphere_probe,none_sphere_contact_probe,0.000,0.000,0.00000,0.00000,117.00165,117.00165,,,sphere_ground,fallback_pychrono_unavailable
environment_terrain_component_demo,terrain.contact_probe.v1,contact_probe_schema_v1,0.565,113,terrain.core_ground,sphere_probe,none_sphere_contact_probe,0.000,0.000,0.00000,0.00000,113.43918,113.43918,,,sphere_ground,fallback_pychrono_unavailable
environment_terrain_component_demo,terrain.contact_probe.v1,contact_probe_schema_v1,0.570,114,terrain.core_ground,sphere_probe,none_sphere_contact_probe,0.000,0.000,0.00000,0.00000,111.30128,111.30128,,,sphere_ground,fallback_pychrono_unavailable
environment_terrain_component_demo,terrain.contact_probe.v1,contact_probe_schema_v1,0.575,115,terrain.core_ground,sphere_probe,none_sphere_contact_probe,0.000,0.000,0.00000,0.00000,110.16979,110.16979,,,sphere_ground,fallback_pychrono_unavailable
environment_terrain_component_demo,terrain.contact_probe.v1,contact_probe_schema_v1,0.580,116,terrain.core_ground,sphere_probe,none_sphere_contact_probe,0.000,0.000,0.00000,0.00000,109.68844,109.68844,,,sphere_ground,fallback_pychrono_unavailable
environment_terrain_component_demo,terrain.contact_probe.v1,contact_probe_schema_v1,0.585,117,terrain.core_ground,sphere_probe,none_sphere_contact_probe,0.000,0.000,0.00000,0.00000,109.57120,109.57120,,,sphere_ground,fallback_pychrono_unavailable
environment_terrain_component_demo,terrain.contact_probe.v1,contact_probe_schema_v1,0.590,118,terrain.core_ground,sphere_probe,none_sphere_contact_probe,0.000,0.000,0.00000,0.00000,109.60015,109.60015,,,sphere_ground,fallback_pychrono_unavailable
environment_terrain_component_demo,terrain.contact_probe.v1,contact_probe_schema_v1,0.595,119,terrain.core_ground,sphere_probe,none_sphere_contact_probe,0.000,0.000,0.00000,0.00000,109.61719,109.61719,,,sphere_ground,fallback_pychrono_unavailable
environment_terrain_component_demo,terrain.contact_probe.v1,contact_probe_schema_v1,0.600,120,terrain.core_ground,sphere_probe,none_sphere_contact_probe,0.000,0.000,0.00000,0.00000,109.51300,109.51300,,,sphere_ground,fallback_pychrono_unavailable
environment_terrain_component_demo,terrain.contact_probe.v1,contact_probe_schema_v1,0.605,121,terrain.core_ground,sphere_probe,none_sphere_contact_probe,0.000,0.000,0.00000,0.00000,109.21598,109.21598,,,sphere_ground,fallback_pychrono_unavailable
environment_terrain_component_demo,terrain.contact_probe.v1,contact_probe_schema_v1,0.610,122,terrain.core_ground,sphere_probe,none_sphere_contact_probe,0.000,0.000,0.00000,0.00000,108.68224,108.68224,,,sphere_ground,fallback_pychrono_unavailable
environment_terrain_component_demo,terrain.contact_probe.v1,contact_probe_schema_v1,0.615,123,terrain.core_ground,sphere_probe,none_sphere_contact_probe,0.000,0.000,0.00000,0.00000,107.88766,107.88766,,,sphere_ground,fallback_pychrono_unavailable
environment_terrain_component_demo,terrain.contact_probe.v1,contact_probe_schema_v1,0.620,124,terrain.core_ground,sphere_probe,none_sphere_contact_probe,0.000,0.000,0.00000,0.00000,106.82185,106.82185,,,sphere_ground,fallback_pychrono_unavailable
environment_terrain_component_demo,terrain.contact_probe.v1,contact_probe_schema_v1,0.625,125,terrain.core_ground,sphere_probe,none_sphere_contact_probe,0.000,0.000,0.00000,0.00000,105.48382,105.48382,,,sphere_ground,fallback_pychrono_unavailable
environment_terrain_component_demo,terrain.contact_probe.v1,contact_probe_schema_v1,0.630,126,terrain.core_ground,sphere_probe,none_sphere_contact_probe,0.000,0.000,0.00000,0.00000,103.87911,103.87911,,,sphere_ground,fallback_pychrono_unavailable
environment_terrain_component_demo,terrain.contact_probe.v1,contact_probe_schema_v1,0.635,127,terrain.core_ground,sphere_probe,none_sphere_contact_probe,0.000,0.000,0.00000,0.00000,102.01777,102.01777,,,sphere_ground,fallback_pychrono_unavailable
environment_terrain_component_demo,terrain.contact_probe.v1,contact_probe_schema_v1,0.640,128,terrain.core_ground,sphere_probe,none_sphere_contact_probe,0.000,0.000,0.00000,0.00000,99.91321,99.91321,,,sphere_ground,fallback_pychrono_unavailable
environment_terrain_component_demo,terrain.contact_probe.v1,contact_probe_schema_v1,0.645,129,terrain.core_ground,sphere_probe,none_sphere_contact_probe,0.000,0.000,0.00000,0.00000,97.58125,97.58125,,,sphere_ground,fallback_pychrono_unavailable
environment_terrain_component_demo,terrain.contact_probe.v1,contact_probe_schema_v1,0.650,130,terrain.core_ground,sphere_probe,none_sphere_contact_probe,0.000,0.000,0.00000,0.00000,95.03963,95.03963,,,sphere_ground,fallback_pychrono_unavailable
environment_terrain_component_demo,terrain.contact_probe.v1,contact_probe_schema_v1,0.655,131,terrain.core_ground,sphere_probe,none_sphere_contact_probe,0.000,0.000,0.00000,0.00000,92.30758,92.30758,,,sphere_ground,fallback_pychrono_unavailable
environment_terrain_component_demo,terrain.contact_probe.v1,contact_probe_schema_v1,0.660,132,terrain.core_ground,sphere_probe,none_sphere_contact_probe,0.000,0.000,0.00000,0.00000,89.40543,89.40543,,,sphere_ground,fallback_pychrono_unavailable
environment_terrain_component_demo,terrain.contact_probe.v1,contact_probe_schema_v1,0.665,133,terrain.core_ground,sphere_probe,none_sphere_contact_probe,0.000,0.000,0.00000,0.00000,86.35433,86.35433,,,sphere_ground,fallback_pychrono_unavailable
environment_terrain_component_demo,terrain.contact_probe.v1,contact_probe_schema_v1,0.670,134,terrain.core_ground,sphere_probe,none_sphere_contact_probe,0.000,0.000,0.00000,0.00000,83.17600,83.17600,,,sphere_ground,fallback_pychrono_unavailable
environment_terrain_component_demo,terrain.contact_probe.v1,contact_probe_schema_v1,0.675,135,terrain.core_ground,sphere_probe,none_sphere_contact_probe,0.000,0.000,0.00000,0.00000,79.89243,79.89243,,,sphere_ground,fallback_pychrono_unavailable
environment_terrain_component_demo,terrain.contact_probe.v1,contact_probe_schema_v1,0.680,136,terrain.core_ground,sphere_probe,none_sphere_contact_probe,0.000,0.000,0.00000,0.00000,76.52561,76.52561,,,sphere_ground,fallback_pychrono_unavailable
environment_terrain_component_demo,terrain.contact_probe.v1,contact_probe_schema_v1,0.685,137,terrain.core_ground,sphere_probe,none_sphere_contact_probe,0.000,0.000,0.00000,0.00000,73.09735,73.09735,,,sphere_ground,fallback_pychrono_unavailable
environment_terrain_component_demo,terrain.contact_probe.v1,contact_probe_schema_v1,0.690,138,terrain.core_ground,sphere_probe,none_sphere_contact_probe,0.000,0.000,0.00000,0.00000,69.62899,69.62899,,,sphere_ground,fallback_pychrono_unavailable
environment_terrain_component_demo,terrain.contact_probe.v1,contact_probe_schema_v1,0.695,139,terrain.core_ground,sphere_probe,none_sphere_contact_probe,0.000,0.000,0.00000,0.00000,66.14122,66.14122,,,sphere_ground,fallback_pychrono_unavailable
environment_terrain_component_demo,terrain.contact_probe.v1,contact_probe_schema_v1,0.700,140,terrain.core_ground,sphere_probe,none_sphere_contact_probe,0.000,0.000,0.00000,0.00000,62.65387,62.65387,,,sphere_ground,fallback_pychrono_unavailable
environment_terrain_component_demo,terrain.contact_probe.v1,contact_probe_schema_v1,0.705,141,terrain.core_ground,sphere_probe,none_sphere_contact_probe,0.000,0.000,0.00000,0.00000,59.18577,59.18577,,,sphere_ground,fallback_pychrono_unavailable
environment_terrain_component_demo,terrain.contact_probe.v1,contact_probe_schema_v1,0.710,142,terrain.core_ground,sphere_probe,none_sphere_contact_probe,0.000,0.000,0.00000,0.00000,55.75454,55.75454,,,sphere_ground,fallback_pychrono_unavailable
environment_terrain_component_demo,terrain.contact_probe.v1,contact_probe_schema_v1,0.715,143,terrain.core_ground,sphere_probe,none_sphere_contact_probe,0.000,0.000,0.00000,0.00000,52.37654,52.37654,,,sphere_ground,fallback_pychrono_unavailable
environment_terrain_component_demo,terrain.contact_probe.v1,contact_probe_schema_v1,0.720,144,terrain.core_ground,sphere_probe,none_sphere_contact_probe,0.000,0.000,0.00000,0.00000,49.06672,49.06672,,,sphere_ground,fallback_pychrono_unavailable
environment_terrain_component_demo,terrain.contact_probe.v1,contact_probe_schema_v1,0.725,145,terrain.core_ground,sphere_probe,none_sphere_contact_probe,0.000,0.000,0.00000,0.00000,0.00000,0.00000,,,sphere_ground,fallback_pychrono_unavailable
environment_terrain_component_demo,terrain.contact_probe.v1,contact_probe_schema_v1,0.730,146,terrain.core_ground,sphere_probe,none_sphere_contact_probe,0.000,0.000,0.00000,0.00000,0.00000,0.00000,,,sphere_ground,fallback_pychrono_unavailable
environment_terrain_component_demo,terrain.contact_probe.v1,contact_probe_schema_v1,0.735,147,terrain.core_ground,sphere_probe,none_sphere_contact_probe,0.000,0.000,0.00000,0.00000,0.00000,0.00000,,,sphere_ground,fallback_pychrono_unavailable
environment_terrain_component_demo,terrain.contact_probe.v1,contact_probe_schema_v1,0.740,148,terrain.core_ground,sphere_probe,none_sphere_contact_probe,0.000,0.000,0.00000,0.00000,0.00000,0.00000,,,sphere_ground,fallback_pychrono_unavailable
environment_terrain_component_demo,terrain.contact_probe.v1,contact_probe_schema_v1,0.745,149,terrain.core_ground,sphere_probe,none_sphere_contact_probe,0.000,0.000,0.00000,0.00000,0.00000,0.00000,,,sphere_ground,fallback_pychrono_unavailable
environment_terrain_component_demo,terrain.contact_probe.v1,contact_probe_schema_v1,0.750,150,terrain.core_ground,sphere_probe,none_sphere_contact_probe,0.000,0.000,0.00000,0.00000,0.00000,0.00000,,,sphere_ground,fallback_pychrono_unavailable
environment_terrain_component_demo,terrain.contact_probe.v1,contact_probe_schema_v1,0.755,151,terrain.core_ground,sphere_probe,none_sphere_contact_probe,0.000,0.000,0.00000,0.00000,0.00000,0.00000,,,sphere_ground,fallback_pychrono_unavailable
environment_terrain_component_demo,terrain.contact_probe.v1,contact_probe_schema_v1,0.760,152,terrain.core_ground,sphere_probe,none_sphere_contact_probe,0.000,0.000,0.00000,0.00000,0.00000,0.00000,,,sphere_ground,fallback_pychrono_unavailable
environment_terrain_component_demo,terrain.contact_probe.v1,contact_probe_schema_v1,0.765,153,terrain.core_ground,sphere_probe,none_sphere_contact_probe,0.000,0.000,0.00000,0.00000,0.00000,0.00000,,,sphere_ground,fallback_pychrono_unavailable
environment_terrain_component_demo,terrain.contact_probe.v1,contact_probe_schema_v1,0.770,154,terrain.core_ground,sphere_probe,none_sphere_contact_probe,0.000,0.000,0.00000,0.00000,0.00000,0.00000,,,sphere_ground,fallback_pychrono_unavailable
environment_terrain_component_demo,terrain.contact_probe.v1,contact_probe_schema_v1,0.775,155,terrain.core_ground,sphere_probe,none_sphere_contact_probe,0.000,0.000,0.00000,0.00000,0.00000,0.00000,,,sphere_ground,fallback_pychrono_unavailable
environment_terrain_component_demo,terrain.contact_probe.v1,contact_probe_schema_v1,0.780,156,terrain.core_ground,sphere_probe,none_sphere_contact_probe,0.000,0.000,0.00000,0.00000,0.00000,0.00000,,,sphere_ground,fallback_pychrono_unavailable
environment_terrain_component_demo,terrain.contact_probe.v1,contact_probe_schema_v1,0.785,157,terrain.core_ground,sphere_probe,none_sphere_contact_probe,0.000,0.000,0.00000,0.00000,0.00000,0.00000,,,sphere_ground,fallback_pychrono_unavailable
environment_terrain_component_demo,terrain.contact_probe.v1,contact_probe_schema_v1,0.790,158,terrain.core_ground,sphere_probe,none_sphere_contact_probe,0.000,0.000,0.00000,0.00000,0.00000,0.00000,,,sphere_ground,fallback_pychrono_unavailable
environment_terrain_component_demo,terrain.contact_probe.v1,contact_probe_schema_v1,0.795,159,terrain.core_ground,sphere_probe,none_sphere_contact_probe,0.000,0.000,0.00000,0.00000,0.00000,0.00000,,,sphere_ground,fallback_pychrono_unavailable
environment_terrain_component_demo,terrain.contact_probe.v1,contact_probe_schema_v1,0.800,160,terrain.core_ground,sphere_probe,none_sphere_contact_probe,0.000,0.000,0.00000,0.00000,0.00000,0.00000,,,sphere_ground,fallback_pychrono_unavailable
environment_terrain_component_demo,terrain.contact_probe.v1,contact_probe_schema_v1,0.805,161,terrain.core_ground,sphere_probe,none_sphere_contact_probe,0.000,0.000,0.00000,0.00000,0.00000,0.00000,,,sphere_ground,fallback_pychrono_unavailable
environment_terrain_component_demo,terrain.contact_probe.v1,contact_probe_schema_v1,0.810,162,terrain.core_ground,sphere_probe,none_sphere_contact_probe,0.000,0.000,0.00000,0.00000,0.00000,0.00000,,,sphere_ground,fallback_pychrono_unavailable
environment_terrain_component_demo,terrain.contact_probe.v1,contact_probe_schema_v1,0.815,163,terrain.core_ground,sphere_probe,none_sphere_contact_probe,0.000,0.000,0.00000,0.00000,0.00000,0.00000,,,sphere_ground,fallback_pychrono_unavailable
environment_terrain_component_demo,terrain.contact_probe.v1,contact_probe_schema_v1,0.820,164,terrain.core_ground,sphere_probe,none_sphere_contact_probe,0.000,0.000,0.00000,0.00000,0.00000,0.00000,,,sphere_ground,fallback_pychrono_unavailable
environment_terrain_component_demo,terrain.contact_probe.v1,contact_probe_schema_v1,0.825,165,terrain.core_ground,sphere_probe,none_sphere_contact_probe,0.000,0.000,0.00000,0.00000,0.00000,0.00000,,,sphere_ground,fallback_pychrono_unavailable
environment_terrain_component_demo,terrain.contact_probe.v1,contact_probe_schema_v1,0.830,166,terrain.core_ground,sphere_probe,none_sphere_contact_probe,0.000,0.000,0.00000,0.00000,0.00000,0.00000,,,sphere_ground,fallback_pychrono_unavailable
environment_terrain_component_demo,terrain.contact_probe.v1,contact_probe_schema_v1,0.835,167,terrain.core_ground,sphere_probe,none_sphere_contact_probe,0.000,0.000,0.00000,0.00000,0.00000,0.00000,,,sphere_ground,fallback_pychrono_unavailable
environment_terrain_component_demo,terrain.contact_probe.v1,contact_probe_schema_v1,0.840,168,terrain.core_ground,sphere_probe,none_sphere_contact_probe,0.000,0.000,0.00000,0.00000,0.00000,0.00000,,,sphere_ground,fallback_pychrono_unavailable
environment_terrain_component_demo,terrain.contact_probe.v1,contact_probe_schema_v1,0.845,169,terrain.core_ground,sphere_probe,none_sphere_contact_probe,0.000,0.000,0.00000,0.00000,0.00000,0.00000,,,sphere_ground,fallback_pychrono_unavailable
environment_terrain_component_demo,terrain.contact_probe.v1,contact_probe_schema_v1,0.850,170,terrain.core_ground,sphere_probe,none_sphere_contact_probe,0.000,0.000,0.00000,0.00000,0.00000,0.00000,,,sphere_ground,fallback_pychrono_unavailable
environment_terrain_component_demo,terrain.contact_probe.v1,contact_probe_schema_v1,0.855,171,terrain.core_ground,sphere_probe,none_sphere_contact_probe,0.000,0.000,0.00000,0.00000,0.00000,0.00000,,,sphere_ground,fallback_pychrono_unavailable
environment_terrain_component_demo,terrain.contact_probe.v1,contact_probe_schema_v1,0.860,172,terrain.core_ground,sphere_probe,none_sphere_contact_probe,0.000,0.000,0.00000,0.00000,0.00000,0.00000,,,sphere_ground,fallback_pychrono_unavailable
environment_terrain_component_demo,terrain.contact_probe.v1,contact_probe_schema_v1,0.865,173,terrain.core_ground,sphere_probe,none_sphere_contact_probe,0.000,0.000,0.00000,0.00000,0.00000,0.00000,,,sphere_ground,fallback_pychrono_unavailable
environment_terrain_component_demo,terrain.contact_probe.v1,contact_probe_schema_v1,0.870,174,terrain.core_ground,sphere_probe,none_sphere_contact_probe,0.000,0.000,0.00000,0.00000,0.00000,0.00000,,,sphere_ground,fallback_pychrono_unavailable
environment_terrain_component_demo,terrain.contact_probe.v1,contact_probe_schema_v1,0.875,175,terrain.core_ground,sphere_probe,none_sphere_contact_probe,0.000,0.000,0.00000,0.00000,0.00000,0.00000,,,sphere_ground,fallback_pychrono_unavailable
environment_terrain_component_demo,terrain.contact_probe.v1,contact_probe_schema_v1,0.880,176,terrain.core_ground,sphere_probe,none_sphere_contact_probe,0.000,0.000,0.00000,0.00000,0.00000,0.00000,,,sphere_ground,fallback_pychrono_unavailable
environment_terrain_component_demo,terrain.contact_probe.v1,contact_probe_schema_v1,0.885,177,terrain.core_ground,sphere_probe,none_sphere_contact_probe,0.000,0.000,0.00000,0.00000,0.00000,0.00000,,,sphere_ground,fallback_pychrono_unavailable
environment_terrain_component_demo,terrain.contact_probe.v1,contact_probe_schema_v1,0.890,178,terrain.core_ground,sphere_probe,none_sphere_contact_probe,0.000,0.000,0.00000,0.00000,0.00000,0.00000,,,sphere_ground,fallback_pychrono_unavailable
environment_terrain_component_demo,terrain.contact_probe.v1,contact_probe_schema_v1,0.895,179,terrain.core_ground,sphere_probe,none_sphere_contact_probe,0.000,0.000,0.00000,0.00000,0.00000,0.00000,,,sphere_ground,fallback_pychrono_unavailable
environment_terrain_component_demo,terrain.contact_probe.v1,contact_probe_schema_v1,0.900,180,terrain.core_ground,sphere_probe,none_sphere_contact_probe,0.000,0.000,0.00000,0.00000,0.00000,0.00000,,,sphere_ground,fallback_pychrono_unavailable
environment_terrain_component_demo,terrain.contact_probe.v1,contact_probe_schema_v1,0.905,181,terrain.core_ground,sphere_probe,none_sphere_contact_probe,0.000,0.000,0.00000,0.00000,0.00000,0.00000,,,sphere_ground,fallback_pychrono_unavailable
environment_terrain_component_demo,terrain.contact_probe.v1,contact_probe_schema_v1,0.910,182,terrain.core_ground,sphere_probe,none_sphere_contact_probe,0.000,0.000,0.00000,0.00000,0.00000,0.00000,,,sphere_ground,fallback_pychrono_unavailable
environment_terrain_component_demo,terrain.contact_probe.v1,contact_probe_schema_v1,0.915,183,terrain.core_ground,sphere_probe,none_sphere_contact_probe,0.000,0.000,0.00000,0.00000,0.00000,0.00000,,,sphere_ground,fallback_pychrono_unavailable
environment_terrain_component_demo,terrain.contact_probe.v1,contact_probe_schema_v1,0.920,184,terrain.core_ground,sphere_probe,none_sphere_contact_probe,0.000,0.000,0.00000,0.00000,0.00000,0.00000,,,sphere_ground,fallback_pychrono_unavailable
environment_terrain_component_demo,terrain.contact_probe.v1,contact_probe_schema_v1,0.925,185,terrain.core_ground,sphere_probe,none_sphere_contact_probe,0.000,0.000,0.00000,0.00000,0.00000,0.00000,,,sphere_ground,fallback_pychrono_unavailable
environment_terrain_component_demo,terrain.contact_probe.v1,contact_probe_schema_v1,0.930,186,terrain.core_ground,sphere_probe,none_sphere_contact_probe,0.000,0.000,0.00000,0.00000,0.00000,0.00000,,,sphere_ground,fallback_pychrono_unavailable
environment_terrain_component_demo,terrain.contact_probe.v1,contact_probe_schema_v1,0.935,187,terrain.core_ground,sphere_probe,none_sphere_contact_probe,0.000,0.000,0.00000,0.00000,0.00000,0.00000,,,sphere_ground,fallback_pychrono_unavailable
environment_terrain_component_demo,terrain.contact_probe.v1,contact_probe_schema_v1,0.940,188,terrain.core_ground,sphere_probe,none_sphere_contact_probe,0.000,0.000,0.00000,0.00000,0.00000,0.00000,,,sphere_ground,fallback_pychrono_unavailable
environment_terrain_component_demo,terrain.contact_probe.v1,contact_probe_schema_v1,0.945,189,terrain.core_ground,sphere_probe,none_sphere_contact_probe,0.000,0.000,0.00000,0.00000,0.00000,0.00000,,,sphere_ground,fallback_pychrono_unavailable
environment_terrain_component_demo,terrain.contact_probe.v1,contact_probe_schema_v1,0.950,190,terrain.core_ground,sphere_probe,none_sphere_contact_probe,0.000,0.000,0.00000,0.00000,0.00000,0.00000,,,sphere_ground,fallback_pychrono_unavailable
environment_terrain_component_demo,terrain.contact_probe.v1,contact_probe_schema_v1,0.955,191,terrain.core_ground,sphere_probe,none_sphere_contact_probe,0.000,0.000,0.00000,0.00000,0.00000,0.00000,,,sphere_ground,fallback_pychrono_unavailable
environment_terrain_component_demo,terrain.contact_probe.v1,contact_probe_schema_v1,0.960,192,terrain.core_ground,sphere_probe,none_sphere_contact_probe,0.000,0.000,0.00000,0.00000,0.00000,0.00000,,,sphere_ground,fallback_pychrono_unavailable
environment_terrain_component_demo,terrain.contact_probe.v1,contact_probe_schema_v1,0.965,193,terrain.core_ground,sphere_probe,none_sphere_contact_probe,0.000,0.000,0.00000,0.00000,0.00000,0.00000,,,sphere_ground,fallback_pychrono_unavailable
environment_terrain_component_demo,terrain.contact_probe.v1,contact_probe_schema_v1,0.970,194,terrain.core_ground,sphere_probe,none_sphere_contact_probe,0.000,0.000,0.00000,0.00000,0.00000,0.00000,,,sphere_ground,fallback_pychrono_unavailable
environment_terrain_component_demo,terrain.contact_probe.v1,contact_probe_schema_v1,0.975,195,terrain.core_ground,sphere_probe,none_sphere_contact_probe,0.000,0.000,0.00000,0.00000,0.00000,0.00000,,,sphere_ground,fallback_pychrono_unavailable
environment_terrain_component_demo,terrain.contact_probe.v1,contact_probe_schema_v1,0.980,196,terrain.core_ground,sphere_probe,none_sphere_contact_probe,0.000,0.000,0.00000,0.00000,0.00000,0.00000,,,sphere_ground,fallback_pychrono_unavailable
environment_terrain_component_demo,terrain.contact_probe.v1,contact_probe_schema_v1,0.985,197,terrain.core_ground,sphere_probe,none_sphere_contact_probe,0.000,0.000,0.00000,0.00000,0.00000,0.00000,,,sphere_ground,fallback_pychrono_unavailable
environment_terrain_component_demo,terrain.contact_probe.v1,contact_probe_schema_v1,0.990,198,terrain.core_ground,sphere_probe,none_sphere_contact_probe,0.000,0.000,0.00000,0.00000,0.00000,0.00000,,,sphere_ground,fallback_pychrono_unavailable
environment_terrain_component_demo,terrain.contact_probe.v1,contact_probe_schema_v1,0.995,199,terrain.core_ground,sphere_probe,none_sphere_contact_probe,0.000,0.000,0.00000,0.00000,0.00000,0.00000,,,sphere_ground,fallback_pychrono_unavailable
environment_terrain_component_demo,terrain.contact_probe.v1,contact_probe_schema_v1,1.000,200,terrain.core_ground,sphere_probe,none_sphere_contact_probe,0.000,0.000,0.00000,0.00000,0.00000,0.00000,,,sphere_ground,fallback_pychrono_unavailable
