schema_id,run_id,artifact_path,artifact_type,producer_script,producer_hash,artifact_hash,image_width_px,image_height_px,render_backend,camera_or_layout,camera_eye,camera_target,camera_fov_deg,visible_component_ids,source,evidence_level
visual.render_manifest.v1,component_catalog_fallback_bundle,images/graphs/collision_contact_count_graph.png,graph_png,code/collision_contact/generate_collision_contact_count_graph.py,c1bd50bc6c24aa59c7ceccd1037279c3a0e5e0b5eb27dc0bd72980588f06c5b7,36110147a4540122bd078ebb40fd55fe3608d396e9aed64bbfba18672182d572,1427,816,matplotlib Agg graph,see producer script,,,,collision.system_lifecycle;collision.shape_manifest;contact.container_reporter,deterministic_contact_probe_pychrono_unavailable,fallback_or_csv_derived_graph
visual.render_manifest.v1,component_catalog_fallback_bundle,images/graphs/collision_contact_force_components_graph.png,graph_png,code/collision_contact/generate_collision_contact_force_components_graph.py,d5b2c017432af6c2ffd93f9aa5f984ccf10a1d7e5490b6a6379176daccc00d8d,6cfd6239a1432229ccf9bfe039ddfa55f26ffc7e1323c53ad5c9f1252c4e24a5,1427,816,matplotlib Agg graph,see producer script,,,,collision.system_lifecycle;collision.shape_manifest;contact.container_reporter,deterministic_contact_probe_pychrono_unavailable,fallback_or_csv_derived_graph
visual.render_manifest.v1,component_catalog_fallback_bundle,images/graphs/collision_contact_force_graph.png,graph_png,code/collision_contact/generate_collision_contact_force_graph.py,4dc219135bb4b0b01c059899d5b9e2959f12eb333c963c100dae8278e876537f,b2f927a5655959ad613f28b8d4a315d9bc887d687b58ca9965e7943250667b6a,1427,816,matplotlib Agg graph,see producer script,,,,collision.system_lifecycle;collision.shape_manifest;contact.container_reporter,deterministic_contact_probe_pychrono_unavailable,fallback_or_csv_derived_graph
visual.render_manifest.v1,component_catalog_fallback_bundle,images/graphs/collision_contact_material_effect_graph.png,graph_png,code/collision_contact/generate_collision_contact_material_effect_graph.py,1d9c1fa2b21484c34591f7e41bb7bb0f1a2adefeda2df7aa6c0bb797f7b83ac6,4cd496d87666b02bdcca46d247af9747ab15b3d4f563165d54cb4bbec1c24d9f,1427,816,matplotlib Agg graph,see producer script,,,,collision.system_lifecycle;collision.shape_manifest;contact.container_reporter,deterministic_contact_probe_pychrono_unavailable,fallback_or_csv_derived_graph
visual.render_manifest.v1,component_catalog_fallback_bundle,images/graphs/collision_event_timeline_graph.png,graph_png,code/collision_contact/generate_collision_event_timeline_graph.py,7da0d6f36cb05ab62a2e2e06e3e59443b35f86f89c790a9812830098966880d3,5531bea6ba8169aacc907355444f7365a752e0df060f42610e5c4ca813dbdf85,1463,636,matplotlib Agg graph,see producer script,,,,collision.system_lifecycle;collision.shape_manifest;contact.container_reporter,deterministic_contact_probe_pychrono_unavailable,fallback_or_csv_derived_graph
visual.render_manifest.v1,component_catalog_fallback_bundle,images/graphs/data_visualization_control_inputs.png,graph_png,code/data_visualization/generate_data_visualization_control_inputs_graph.py,bbbe2bd0e2cd33d9267dd74ac7de2877d4b7b712957fba2478810223c9741aa5,e4316014b7eb77e6fd7e4aa0bfe2f28e51108feb81ac0f3b390a6565a7662eb0,1428,852,matplotlib Agg graph,see producer script,,,,data.artifact_manifest;visual.runtime;sensor.output_writer,fallback_pychrono_unavailable,fallback_or_csv_derived_graph
visual.render_manifest.v1,component_catalog_fallback_bundle,images/graphs/data_visualization_state_trajectory.png,graph_png,code/data_visualization/generate_data_visualization_state_trajectory_graph.py,fffba18a130202b99e3c09fc5dbb8957a8c77e014717fad0213bace0bb2338cc,6a4502d31551ca9a89efef4fdbd965e1c3e517206490a452144105f1fa9f212a,1643,807,matplotlib Agg graph,see producer script,,,,data.artifact_manifest;visual.runtime;sensor.output_writer,fallback_pychrono_unavailable,fallback_or_csv_derived_graph
visual.render_manifest.v1,component_catalog_fallback_bundle,images/graphs/rover_vehicle_chassis_probe_graph.png,graph_png,code/rover_vehicle/generate_rover_vehicle_chassis_probe_graph.py,637d8a90fd9f0f40dc4fb834cf1c34d0addaa3dd24eb4b91ff23c05a8f746790,9328347c0beddef6cae937d5a758c74fdd4023dfe48f4aa5a4400a1a9b987ba0,1426,860,matplotlib Agg graph,see producer script,,,,vehicle.chassis;vehicle.wheel;vehicle.axle;core.visual_asset,deterministic_chassis_probe_pychrono_unavailable,fallback_or_csv_derived_graph
visual.render_manifest.v1,component_catalog_fallback_bundle,images/graphs/terrain_contact_force_probe.png,graph_png,code/environment_terrain/generate_terrain_contact_force_probe_graph.py,5c4028bc276a26fbaa0dc647c6e8ca4cd17b2db80cfe9b3bf45cf5c62fef566a,1a3c8c5be1791782719d863b6a3c72f5a96836b5c03efe33397ba68cba84f2a4,1391,852,matplotlib Agg graph,see producer script,,,,terrain.interface;terrain.core_ground;terrain.material_region;environment.field,fallback_pychrono_unavailable,fallback_or_csv_derived_graph
visual.render_manifest.v1,component_catalog_fallback_bundle,images/graphs/terrain_contact_material_friction_map.png,graph_png,code/environment_terrain/generate_terrain_contact_material_friction_map_graph.py,3163c5d1f8de0fd9c9db0cfa8d11210ba17b8a61a0d9cde2c89b830c0ad48ee8,100a72235f34c2d7d0c45ea0388934d36684a256ae066eda24c01908d89b281e,1351,840,matplotlib Agg graph,see producer script,,,,terrain.interface;terrain.core_ground;terrain.material_region;environment.field,fallback_pychrono_unavailable,fallback_or_csv_derived_graph
visual.render_manifest.v1,component_catalog_fallback_bundle,images/graphs/terrain_height_sinkage_profile.png,graph_png,code/environment_terrain/generate_terrain_height_sinkage_profile_graph.py,a8652760bf8ff1e82b2fbd3d16e9d90627e177e0f747f3f1d54ce8ee95f2dc7e,b40aa96b49d42e41cbf9de5e7c51abe5324b8ceab0b45974abd516d119cf2a9a,1391,852,matplotlib Agg graph,see producer script,,,,terrain.interface;terrain.core_ground;terrain.material_region;environment.field,fallback_pychrono_unavailable,fallback_or_csv_derived_graph
visual.render_manifest.v1,component_catalog_fallback_bundle,images/mermaid_rendered/2_2_mermaid_01.png,mermaid_png,code/common/render_mermaid_01.py,1f2927666e7d4099931693431a61d88c99e62f4f57b8e162612ebde22d1a2f7f,82fd53a87bc0398ee843f16c412feba2c3286b7183fb5c8f40219c23dc46df7a,1568,504,mmdc or local matplotlib Mermaid fallback,see producer script,,,,report.flow_diagram,rendered_mermaid,rendered_mermaid
visual.render_manifest.v1,component_catalog_fallback_bundle,images/mermaid_rendered/2_2_mermaid_02.png,mermaid_png,code/common/render_mermaid_02.py,67ad6d653c88a0d0a2f5542f87cfbf533514e624493746223e0ebf5ff533e36a,b40f91a459f6e7f1faf4aed8715d053403688834776fc78bed3a6c3afb7e9f86,2239,1123,mmdc or local matplotlib Mermaid fallback,see producer script,,,,report.flow_diagram,rendered_mermaid,rendered_mermaid
visual.render_manifest.v1,component_catalog_fallback_bundle,images/mermaid_rendered/2_2_mermaid_03.png,mermaid_png,code/common/render_mermaid_03.py,f9ebd7ec2bc750ec16a34ac21d804790ef4bdc4065a1cbf484801ab40127ca52,bb9e5cf0ace9ca444807477c8882dc556ca1675ef06c108a1c066e1f2cdab376,1568,1104,mmdc or local matplotlib Mermaid fallback,see producer script,,,,report.flow_diagram,rendered_mermaid,rendered_mermaid
visual.render_manifest.v1,component_catalog_fallback_bundle,images/mermaid_rendered/2_2_mermaid_04.png,mermaid_png,code/common/render_mermaid_04.py,741f3b21a7865e1bb1d48590b0057eb072dfb1c6465648c0b433cbfd97106edc,f34b7d2546f7434cc9686ffd2984975fd3b4ab7993d836c524220a30feceb0be,1357,997,mmdc or local matplotlib Mermaid fallback,see producer script,,,,report.flow_diagram,rendered_mermaid,rendered_mermaid
visual.render_manifest.v1,component_catalog_fallback_bundle,images/mermaid_rendered/2_2_mermaid_05.png,mermaid_png,code/common/render_mermaid_05.py,e37c5eade19f1642efbc773faa842c68ee0ccb6703ad306538cde0064743069f,71ee7107a8a1627a90be546f783d5ce6d2129a332ef0b8642884f0027c00771c,1501,925,mmdc or local matplotlib Mermaid fallback,see producer script,,,,report.flow_diagram,rendered_mermaid,rendered_mermaid
visual.render_manifest.v1,component_catalog_fallback_bundle,images/mermaid_rendered/2_2_mermaid_06.png,mermaid_png,code/common/render_mermaid_06.py,74cfcae003d84f2d6d705530598382358d880eb2fca1d16d2e0d979033a47954,31d2310b24d3065d3fbfecd0124f18f02f1249e411b59d02369278462e311149,2175,1094,mmdc or local matplotlib Mermaid fallback,see producer script,,,,report.flow_diagram,rendered_mermaid,rendered_mermaid
visual.render_manifest.v1,component_catalog_fallback_bundle,images/renders/chrono_builtin_robot_rover_assets.png,render_png,code/common/generate_chrono_builtin_robot_rover_assets_render.py,8eb21f16abb7990a077de72c48380e6b20acc2646719b1c327e8b42dd6293bf5,0efb55ba2a39ba6fd9d0ab868d412756efc5230e93e7f74046643f376ed1afc9,1496,528,pychrono.vsg3d ChVisualSystemVSG,composite panel of VSG captures; see robot_vsg_capture_manifest captures,per_capture,per_capture,46.0,vehicle.chassis;vehicle.robot_assets;vehicle.steering;vehicle.suspension;vehicle.wheel;visual.runtime,pychrono_vsg_capture,pychrono_vsg_capture
visual.render_manifest.v1,component_catalog_fallback_bundle,images/renders/chrono_builtin_tracked_vehicle_assets.png,render_png,code/common/generate_chrono_builtin_tracked_vehicle_assets_render.py,53355620f4b8440029f87fb703309f8b4d1862d0ff8b7286a8f5b2d710c33e2c,4469f44d648be3060309d30bae437852094c1888c5e55049944fd2898a47e36d,1280,800,pychrono.vsg3d ChVisualSystemVSG visual asset capture,pychrono.vsg3d visual asset camera,"3.800,-6.200,2.600","-2.000,0.000,0.650",42.0,vehicle.track_assembly;vehicle.track_shoe;vehicle.sprocket;vehicle.road_wheel;visual.runtime,pychrono_vsg_capture,pychrono_vsg_capture
visual.render_manifest.v1,component_catalog_fallback_bundle,images/renders/chrono_builtin_wheeled_vehicle_assets.png,render_png,code/common/generate_chrono_builtin_wheeled_vehicle_assets_render.py,cd55a0dc9ade44c22954f25268d1557cfc2f3e3c83b3b6ec50be58d3fc09d99a,1bc082b30236b043d7cdefe01a87b2aba025c281f7eeecebc57f48ab0d64c8ff,1280,800,pychrono.vsg3d ChVisualSystemVSG visual asset capture,pychrono.vsg3d visual asset camera,"5.000,-6.000,2.600","0.000,0.000,0.450",42.0,vehicle.robot_assets;vehicle.chassis;vehicle.wheel;vehicle.tire_model;visual.runtime,pychrono_vsg_capture,pychrono_vsg_capture
visual.render_manifest.v1,component_catalog_fallback_bundle,images/renders/chrono_curiosity_vsg_capture.png,render_png,code/common/generate_chrono_builtin_robot_rover_assets_render.py,8eb21f16abb7990a077de72c48380e6b20acc2646719b1c327e8b42dd6293bf5,8ce263fb6b6d0de4a7b461efcc55450944d80c6e89cb7142fa7af0533340cda6,1280,800,pychrono.vsg3d ChVisualSystemVSG,pychrono.vsg3d camera,"4.200,-4.400,2.350","0.150,0.000,0.550",46.0,vehicle.robot_assets;vehicle.chassis;vehicle.wheel;vehicle.suspension;visual.runtime,pychrono_vsg_capture,pychrono_vsg_capture
visual.render_manifest.v1,component_catalog_fallback_bundle,images/renders/chrono_default_shape_types.png,render_png,code/common/generate_chrono_default_shape_types_render.py,be7a866d822a1afd5f9baf0b96dc92994959cbaad939969b2ca1858daec8d6b8,b41b1e0b6787a1a900a38645ff65f7b7a0bae04903e3caa46c6847fba2358bf3,961,961,matplotlib Agg render,see producer script,,,,runtime.system;core.body;core.visual_asset;core.link_constraint,concept_render,concept_render
visual.render_manifest.v1,component_catalog_fallback_bundle,images/renders/chrono_module_coverage_map.png,render_png,code/common/generate_chrono_module_coverage_map_render.py,d1c9fbb049c53d518439e817b71b66693a595499fef7631873bed98b3b06c470,9df1e460f3212a6cbe150a18e970ee3b30ea7387227b4af4011a902a51f92665,2113,1374,matplotlib Agg render,see producer script,,,,runtime.config;runtime.system,concept_render,concept_render
visual.render_manifest.v1,component_catalog_fallback_bundle,images/renders/chrono_optional_module_dependency_ladder.png,render_png,code/common/generate_chrono_optional_module_dependency_ladder_render.py,d0ba6c8a187c3fad98dc14c453f3b94bd5a97d566674bc7703487e8812180c63,719dc3aae8340f4707d0edd47992b68306d3ea8d0f0ee7e4c643d3747cfd672c,2221,1213,matplotlib Agg render,see producer script,,,,runtime.config;runtime.system,concept_render,concept_render
visual.render_manifest.v1,component_catalog_fallback_bundle,images/renders/chrono_viper_vsg_capture.png,render_png,code/common/generate_chrono_builtin_robot_rover_assets_render.py,8eb21f16abb7990a077de72c48380e6b20acc2646719b1c327e8b42dd6293bf5,01516e410baa3a4023e978b19cf8c71b0782af6722a98583b69c944f6601cce4,1280,800,pychrono.vsg3d ChVisualSystemVSG,pychrono.vsg3d camera,"4.400,-4.200,2.150","0.000,0.000,0.620",46.0,vehicle.robot_assets;vehicle.chassis;vehicle.wheel;vehicle.steering;visual.runtime,pychrono_vsg_capture,pychrono_vsg_capture
visual.render_manifest.v1,component_catalog_fallback_bundle,images/renders/collision_contact_components.png,render_png,code/collision_contact/generate_collision_contact_components_render.py,eddf28d52355e7204a99acb40c194eb7729c99aab445f2ff0c718243a0f0b924,7434a0bb0534fd63e1a9f10c60dc2ff35aa3c779161b02b73f376ac9a52814bf,1645,1015,matplotlib Agg render,see producer script,,,,collision.system_lifecycle;collision.shape_manifest;contact.container_reporter,concept_render,concept_render
visual.render_manifest.v1,component_catalog_fallback_bundle,images/renders/collision_contact_debug_vectors.png,render_png,code/collision_contact/generate_collision_contact_debug_vectors_render.py,2d1007f5a9cd4610d8ad6543283f7b0f8268c82816e78bedb1cce35584aa87cf,7237493e6348991b86a6b44a5dac3fe9fd97d1b1a2576def306f2b31ea57d55a,1584,997,matplotlib Agg render,see producer script,,,,collision.system_lifecycle;collision.shape_manifest;contact.container_reporter,concept_render,concept_render
visual.render_manifest.v1,component_catalog_fallback_bundle,images/renders/collision_contact_measurement_catalog.png,render_png,code/collision_contact/generate_collision_contact_measurement_catalog_render.py,bb9737d531bfdd77a3b1354bbbb15677c77f10f07257ff5971f35694b08d1100,503da368b3d496023ffc96236c943e31af22818da3b127ceb1b6c86b324725e4,1969,1069,matplotlib Agg render,see producer script,,,,collision.system_lifecycle;collision.shape_manifest;contact.container_reporter,concept_render,concept_render
visual.render_manifest.v1,component_catalog_fallback_bundle,images/renders/collision_contact_reporter_scope.png,render_png,code/collision_contact/generate_collision_contact_reporter_scope_render.py,7bf73393b640b4275553c150807e256ed6d2ffcd2d99383dae751408c5db05c0,78f2a84a90f52186c8eea0b3d528df902d52458abd43dc77e72bb92888779874,1861,973,matplotlib Agg render,see producer script,,,,collision.system_lifecycle;collision.shape_manifest;contact.container_reporter,concept_render,concept_render
visual.render_manifest.v1,component_catalog_fallback_bundle,images/renders/collision_visual_vs_collision_shape.png,render_png,code/collision_contact/generate_collision_visual_vs_collision_shape_render.py,0d32efdb68f2f553b731cca7c3e901239bf6e69b68ba55b7770087b2c77780c2,61e94927a4f38ae82da82330d8aaf781b5e271b3b10b33358837853ecdee48ad,1753,812,matplotlib Agg render,see producer script,,,,collision.system_lifecycle;collision.shape_manifest;contact.container_reporter,concept_render,concept_render
visual.render_manifest.v1,component_catalog_fallback_bundle,images/renders/component_catalog_atlas.png,render_png,code/common/generate_component_catalog_atlas_render.py,4485eeb6f818f481489298a4f9c44659205a75aa0357aed7939d1c5d179e30e6,573d92b31284c1e6b8323b8e75dc7dcece421385de0c4f0cf5b753be84e0af3d,2113,1176,matplotlib Agg render,see producer script,,,,runtime.system;vehicle.chassis;terrain.interface;collision.system_lifecycle;data.artifact_manifest,concept_render,concept_render
visual.render_manifest.v1,component_catalog_fallback_bundle,images/renders/core_physics_solver_constraint_catalog.png,render_png,code/common/generate_core_physics_solver_constraint_catalog_render.py,b0bbfb74f6218ff09069cdfac68be0ab7177392419a1afe2044881dec32c2802,ff7d81781c89420876632e72654b79e8120f502b45d37454d81f570c4ec90bc2,2041,1123,matplotlib Agg render,see producer script,,,,runtime.system;core.body;core.visual_asset;core.link_constraint,concept_render,concept_render
visual.render_manifest.v1,component_catalog_fallback_bundle,images/renders/data_visualization_artifact_catalog.png,render_png,code/data_visualization/generate_data_visualization_artifact_catalog_render.py,71c7e9fe9e5f33b8745554a1a30c36b7cffab46aecfe2c2bc8d59d3cdcac5d5c,94105b95fb3c2f1bd90edd4cdf11a4a941916d2a6a00b283aacdfc3a580a209b,2257,1213,matplotlib Agg render,see producer script,,,,data.artifact_manifest;visual.runtime;sensor.output_writer,concept_render,concept_render
visual.render_manifest.v1,component_catalog_fallback_bundle,images/renders/data_visualization_sensor_components.png,render_png,code/data_visualization/generate_data_visualization_sensor_components_render.py,aa0b0725c68cfe27e132b2d5756cf95284ef1760f6b0a9b33a775e8a00ecf9e6,79998a4031cc88f484466b5a1a9870ba9dfccd4765e3052017b599781514ab63,1628,1025,matplotlib Agg render,see producer script,,,,data.artifact_manifest;visual.runtime;sensor.output_writer,concept_render,concept_render
visual.render_manifest.v1,component_catalog_fallback_bundle,images/renders/data_visualization_sensor_pipeline_catalog.png,render_png,code/data_visualization/generate_data_visualization_sensor_pipeline_catalog_render.py,b1d8ae9ef4770dd80981868e4bb35b574a259da0bdd200ffca198d6aff461ec4,7fe7129b4bdc6f69ceaef7b4f3f717dca8dd0bfb1a7ac86f27486a6ded942447,2113,1212,matplotlib Agg render,see producer script,,,,data.artifact_manifest;visual.runtime;sensor.output_writer,concept_render,concept_render
visual.render_manifest.v1,component_catalog_fallback_bundle,images/renders/external_integration_component_map.png,render_png,code/common/generate_external_integration_component_map_render.py,47e9e0036c3c6cfc795522550dc90ced9a1f23aa7563a0709a07474d5a983b02,89d3bfad1479a605da7e4af822713b012c75df9a659615d0df060b0849fd4c7d,2005,1139,matplotlib Agg render,see producer script,,,,model.spec_resolver;model.urdf_import;asset.cad_step;integration.ros;integration.fmi,concept_render,concept_render
visual.render_manifest.v1,component_catalog_fallback_bundle,images/renders/flexible_body_fea_modal_component_catalog.png,render_png,code/common/generate_flexible_body_fea_modal_component_catalog_render.py,082d874d01bced4982470e6fa2a17d01a69f940ba711604dec59fd6357f8aa60,b94816dd8ae512aaa0b001e29d9612367578e0d10305e939d6dba9744d6b1704,2113,1195,matplotlib Agg render,see producer script,,,,flex.mesh;flex.material_section;flex.modal_reduction,concept_render,concept_render
visual.render_manifest.v1,component_catalog_fallback_bundle,images/renders/rover_axle_joint_component.png,render_png,code/rover_vehicle/generate_rover_axle_joint_component_render.py,dc0960ac3d43aa8dbd01580cae835c8c682aa1d6965e9b8c54211ecda98bc142,604c7669f3794a7aef47303df4aa854858012523034cfd3d32fdb595ce3efab4,1033,1033,matplotlib Agg render,see producer script,,,,vehicle.chassis;vehicle.wheel;vehicle.axle;core.visual_asset,concept_render,concept_render
visual.render_manifest.v1,component_catalog_fallback_bundle,images/renders/rover_driver_input_controller_component.png,render_png,code/rover_vehicle/generate_rover_driver_input_controller_component_render.py,ec8268e76ec6c1329dc0b28662c1747e1c4e7af93d9f8cccedf47da61f483ec4,9b206957dd38ef2c321be56df5c9b4bfb60033561fbc684c9f85eb953de26800,2221,1195,matplotlib Agg render,see producer script,,,,core.function_input;vehicle.steering;vehicle.powertrain;vehicle.brake,concept_render,concept_render
visual.render_manifest.v1,component_catalog_fallback_bundle,images/renders/rover_initial_state_component.png,render_png,code/rover_vehicle/generate_rover_initial_state_component_render.py,39d9fc95d256cc2ddbc0335fac6fba09ea2ed018375c53411589a2ed9ecaed30,f2fc322190ef5a6ec81096f6db34f0ce80c05270175084643fb051dec8a55e81,1033,1033,matplotlib Agg render,see producer script,,,,vehicle.chassis;vehicle.wheel;vehicle.axle;core.visual_asset,concept_render,concept_render
visual.render_manifest.v1,component_catalog_fallback_bundle,images/renders/rover_motor_drive_component.png,render_png,code/rover_vehicle/generate_rover_motor_drive_component_render.py,007a4fdd795b5d557dee0e39376d284f2fa0c2d77474988fabfa789ca18c1e9f,f0ec9fb81b75de25905216e4712e2af4981d4acfcf028c8900466df166d32970,1056,1033,matplotlib Agg render,see producer script,,,,vehicle.chassis;vehicle.wheel;vehicle.axle;core.visual_asset,concept_render,concept_render
visual.render_manifest.v1,component_catalog_fallback_bundle,images/renders/rover_payload_sensor_mount_component.png,render_png,code/rover_vehicle/generate_rover_payload_sensor_mount_component_render.py,65b618ef775d595f433f0019fabeefec4f6cc9ce76ed686d7e48fbee1a735a55,812135343380099aefa3db2f0447a19f448104c459a4ecd13a7418357cc99053,1033,1033,matplotlib Agg render,see producer script,,,,vehicle.chassis;vehicle.wheel;vehicle.axle;core.visual_asset,concept_render,concept_render
visual.render_manifest.v1,component_catalog_fallback_bundle,images/renders/rover_powertrain_driveline_brake_tire_flow.png,render_png,code/rover_vehicle/generate_rover_powertrain_driveline_brake_tire_flow_render.py,026e64d059853a1c6d7c9af4eff44ada32c2aa02ddc04f0b209a2b6f98e5fa4b,0d914e0de49eba9cf2812d0ff558f5e6c461d62440678a98d47182d85efb7566,2239,1213,matplotlib Agg render,see producer script,,,,vehicle.powertrain;vehicle.driveline;vehicle.brake;vehicle.tire_model,concept_render,concept_render
visual.render_manifest.v1,component_catalog_fallback_bundle,images/renders/rover_steering_component.png,render_png,code/rover_vehicle/generate_rover_steering_component_render.py,7e3367684b38f9a5244f05d31d0b8100b2e2c545829f70c3e2b271bfef1c2eea,631ac22150cdfb47be52b01d640cbde6aa2e8c587b08ebf93a2895f5d34726de,1033,1033,matplotlib Agg render,see producer script,,,,vehicle.chassis;vehicle.wheel;vehicle.axle;core.visual_asset,concept_render,concept_render
visual.render_manifest.v1,component_catalog_fallback_bundle,images/renders/rover_suspension_steering_components.png,render_png,code/rover_vehicle/generate_rover_suspension_steering_components_render.py,771108b3fb8bcc069a78e08e46be842c37d03943e49aae9e4c07e98b00750a69,7e8fb933dd2ee8b417a8bed98aa2a5e33e00314222867ecf6564748dba26cd0b,1033,1033,matplotlib Agg render,see producer script,,,,vehicle.chassis;vehicle.wheel;vehicle.axle;core.visual_asset,concept_render,concept_render
visual.render_manifest.v1,component_catalog_fallback_bundle,images/renders/rover_vehicle_component_overview.png,render_png,code/rover_vehicle/generate_rover_vehicle_component_overview_render.py,dd647147766cb59a08b452a06674bedf674efed8f7adbe38b64bdc20a0cc403e,874725fc6d44b82a4afcacc328fb5c2d7935ef0c690099dc350e6ea751974ba0,1033,1033,matplotlib Agg render,see producer script,,,,vehicle.chassis;vehicle.wheel;vehicle.axle;core.visual_asset,concept_render,concept_render
visual.render_manifest.v1,component_catalog_fallback_bundle,images/renders/rover_vehicle_subsystem_ownership_map.png,render_png,code/rover_vehicle/generate_rover_vehicle_subsystem_ownership_map_render.py,b8e60875ac2fbb1545df4e321c6341a754bc3e5af0230daa16909de162d8d4d0,4efc585a9b02320ca044d94f9d26e54751533bac810c3d1a541320ae061cc60d,2027,1195,matplotlib Agg render,see producer script,,,,vehicle.chassis;vehicle.wheel;vehicle.axle;core.visual_asset,concept_render,concept_render
visual.render_manifest.v1,component_catalog_fallback_bundle,images/renders/rover_visual_collision_shapes.png,render_png,code/rover_vehicle/generate_rover_visual_collision_shapes_render.py,6e210e713df3da5fe92447ca75b1cf19e743e525462fb77becb572d225e654fb,b12b334eec2b2cc1ea9ca9974e0cf8d5ef7d6667b5f70d4d4e39567687182669,1789,902,matplotlib Agg render,see producer script,,,,vehicle.chassis;vehicle.wheel;vehicle.axle;core.visual_asset,concept_render,concept_render
visual.render_manifest.v1,component_catalog_fallback_bundle,images/renders/rover_wheel_tire_component.png,render_png,code/rover_vehicle/generate_rover_wheel_tire_component_render.py,e4c8e8cab206e241b862335c33bf9866aa59334ed8a7f022e4cfb04c8ac8c53d,9e731f0a5fbda5598306f03b31ba1f7cdd004546426d418d156991b7c4e9045a,925,925,matplotlib Agg render,see producer script,,,,vehicle.chassis;vehicle.wheel;vehicle.axle;core.visual_asset,concept_render,concept_render
visual.render_manifest.v1,component_catalog_fallback_bundle,images/renders/runtime_config_component_map.png,render_png,code/common/generate_runtime_config_component_map_render.py,f0b3d402a84f0e0042d8e26645250e89e409e2d9da94e76d6ff60ff84e0b08f2,5c8e97ade16a896c220038220aa6d3b8978e4ec68a8b91b26b4519595c6f1888,1879,1033,matplotlib Agg render,see producer script,,,,visual.runtime,concept_render,concept_render
visual.render_manifest.v1,component_catalog_fallback_bundle,images/renders/terrain_advanced_selection_catalog.png,render_png,code/environment_terrain/generate_terrain_advanced_selection_catalog_render.py,d7aaba23c8f76d1da3ca661e49f0bfc53325f4d0d3e63ae11a63647fcb1cb5cc,21c6fe317531871cae7612825082e434ba23a64a193cc439840b2006446d0eff,2077,1177,matplotlib Agg render,see producer script,,,,terrain.interface;terrain.core_ground;terrain.material_region;environment.field,concept_render,concept_render
visual.render_manifest.v1,component_catalog_fallback_bundle,images/renders/terrain_contact_material_regions.png,render_png,code/environment_terrain/generate_terrain_contact_material_regions_render.py,e483920be5db6d82e483bffada5a5aa85f17d73309e3be0808927bdb615ca404,6db975288119b49193f9a79d9c0378c24c1b45d321add4c04a175bf87f47a98c,961,961,matplotlib Agg render,see producer script,,,,terrain.interface;terrain.core_ground;terrain.material_region;environment.field,concept_render,concept_render
visual.render_manifest.v1,component_catalog_fallback_bundle,images/renders/terrain_environment_field_component.png,render_png,code/environment_terrain/generate_terrain_environment_field_component_render.py,af6597e3ea2aa4dc96314aab7b003f909712d5b91ee02aae8b8a152ee4243479,a87de3ccdbd0cff3e89a9d088c223a92afc13335872c5eed72d1fc54dfb80574,961,961,matplotlib Agg render,see producer script,,,,terrain.interface;terrain.core_ground;terrain.material_region;environment.field,concept_render,concept_render
visual.render_manifest.v1,component_catalog_fallback_bundle,images/renders/terrain_ground_obstacle_components.png,render_png,code/environment_terrain/generate_terrain_ground_obstacle_components_render.py,c14999ffb3da90e6cd5d62ff93a435247e43f507cd503646397946ad2e890ea6,5aa19acceb2aa86c3f0d43617a61c19bf44bdb49f212255c9f5edef2ebb1b09e,961,961,matplotlib Agg render,see producer script,,,,terrain.interface;terrain.core_ground;terrain.material_region;environment.field,concept_render,concept_render
visual.render_manifest.v1,component_catalog_fallback_bundle,images/renders/terrain_heightmap_component.png,render_png,code/environment_terrain/generate_terrain_heightmap_component_render.py,1731c777e11484c8f5c3f3d0a56f5c05a3689c07993fe152290af93783916a56,145019be7e7a5594924775d49541dc261fd64cbd8d61492a22a4bd42663e7990,961,961,matplotlib Agg render,see producer script,,,,terrain.interface;terrain.core_ground;terrain.material_region;environment.field,concept_render,concept_render
visual.render_manifest.v1,component_catalog_fallback_bundle,images/renders/terrain_rigid_patch_component.png,render_png,code/environment_terrain/generate_terrain_rigid_patch_component_render.py,43efd7b97e6f8105fb70026299878f8533458ade3ff195214e1dd3947ae2e41e,511152474dccf03758abe788f2a3eb5cbc7cb654b786e9355641f98bcfde63da,961,961,matplotlib Agg render,see producer script,,,,terrain.interface;terrain.core_ground;terrain.material_region;environment.field,concept_render,concept_render
visual.render_manifest.v1,component_catalog_fallback_bundle,images/renders/terrain_scm_deformation_component.png,render_png,code/environment_terrain/generate_terrain_scm_deformation_component_render.py,fb8ad81ab8508d2d875da2f85f3002acbc9c3c0f2a2172d85e419f6f0957f67c,c13c19147264b7dc3c1cccfc4eec77e2cfbd675c535be92a060c2cf616358e5c,961,961,matplotlib Agg render,see producer script,,,,terrain.interface;terrain.core_ground;terrain.material_region;environment.field,concept_render,concept_render
visual.render_manifest.v1,component_catalog_fallback_bundle,images/renders/tracked_vehicle_components.png,render_png,code/rover_vehicle/generate_tracked_vehicle_components_render.py,d229abc37a6e3c947694e2a63592c8e862b3618ce05c8fab9a7a0b51d3afd1b2,aa9135285baef2201a3ab12a9c8599af8bd52974f854daf3773bc1e05831f4c4,1033,1033,matplotlib Agg render,see producer script,,,,vehicle.track_assembly;vehicle.track_shoe;vehicle.sprocket;vehicle.road_wheel,concept_render,concept_render
