schema_id,run_id,scenario_id,step_index,component_id,vehicle_model,terrain_component_id,time_s,body_name,body_role,chassis_x_m,chassis_y_m,chassis_z_m,vx_mps,vy_mps,vz_mps,drive_motor_speed_radps,chassis_contact_force_N,source
rover.chassis_smoke_probe.v0,rover_vehicle_component_demo,chassis_smoke_probe_v0,0,vehicle.chassis,core_rover_smoke_probe,terrain.core_ground,0.000,probe_chassis,logged_chassis,-2.20000,0.00000,0.48000,0.28000,0.00000,0.00000,8.00000,1450.00000,deterministic_chassis_probe_pychrono_unavailable
rover.chassis_smoke_probe.v0,rover_vehicle_component_demo,chassis_smoke_probe_v0,1,vehicle.chassis,core_rover_smoke_probe,terrain.core_ground,0.010,probe_chassis,logged_chassis,-2.19775,0.00000,0.48000,0.29362,0.00000,0.00000,8.00000,1452.87938,deterministic_chassis_probe_pychrono_unavailable
rover.chassis_smoke_probe.v0,rover_vehicle_component_demo,chassis_smoke_probe_v0,2,vehicle.chassis,core_rover_smoke_probe,terrain.core_ground,0.020,probe_chassis,logged_chassis,-2.19541,0.00000,0.48000,0.30725,0.00000,0.00000,8.00000,1455.75502,deterministic_chassis_probe_pychrono_unavailable
rover.chassis_smoke_probe.v0,rover_vehicle_component_demo,chassis_smoke_probe_v0,3,vehicle.chassis,core_rover_smoke_probe,terrain.core_ground,0.030,probe_chassis,logged_chassis,-2.19297,0.00000,0.48000,0.32088,0.00000,0.00000,8.00000,1458.62321,deterministic_chassis_probe_pychrono_unavailable
rover.chassis_smoke_probe.v0,rover_vehicle_component_demo,chassis_smoke_probe_v0,4,vehicle.chassis,core_rover_smoke_probe,terrain.core_ground,0.040,probe_chassis,logged_chassis,-2.19043,0.00000,0.48000,0.33451,0.00000,0.00000,8.00000,1461.48023,deterministic_chassis_probe_pychrono_unavailable
rover.chassis_smoke_probe.v0,rover_vehicle_component_demo,chassis_smoke_probe_v0,5,vehicle.chassis,core_rover_smoke_probe,terrain.core_ground,0.050,probe_chassis,logged_chassis,-2.18779,0.00000,0.48000,0.34814,0.00000,0.00000,8.00000,1464.32237,deterministic_chassis_probe_pychrono_unavailable
rover.chassis_smoke_probe.v0,rover_vehicle_component_demo,chassis_smoke_probe_v0,6,vehicle.chassis,core_rover_smoke_probe,terrain.core_ground,0.060,probe_chassis,logged_chassis,-2.18505,0.00000,0.48000,0.36178,0.00000,0.00000,8.00000,1467.14594,deterministic_chassis_probe_pychrono_unavailable
rover.chassis_smoke_probe.v0,rover_vehicle_component_demo,chassis_smoke_probe_v0,7,vehicle.chassis,core_rover_smoke_probe,terrain.core_ground,0.070,probe_chassis,logged_chassis,-2.18222,0.00000,0.48000,0.37542,0.00000,0.00000,8.00000,1469.94730,deterministic_chassis_probe_pychrono_unavailable
rover.chassis_smoke_probe.v0,rover_vehicle_component_demo,chassis_smoke_probe_v0,8,vehicle.chassis,core_rover_smoke_probe,terrain.core_ground,0.080,probe_chassis,logged_chassis,-2.17928,0.00000,0.48000,0.38907,0.00000,0.00000,8.00000,1472.72281,deterministic_chassis_probe_pychrono_unavailable
rover.chassis_smoke_probe.v0,rover_vehicle_component_demo,chassis_smoke_probe_v0,9,vehicle.chassis,core_rover_smoke_probe,terrain.core_ground,0.090,probe_chassis,logged_chassis,-2.17625,0.00000,0.48000,0.40272,0.00000,0.00000,8.00000,1475.46888,deterministic_chassis_probe_pychrono_unavailable
rover.chassis_smoke_probe.v0,rover_vehicle_component_demo,chassis_smoke_probe_v0,10,vehicle.chassis,core_rover_smoke_probe,terrain.core_ground,0.100,probe_chassis,logged_chassis,-2.17311,0.00000,0.48000,0.41639,0.00000,0.00000,8.00000,1478.18194,deterministic_chassis_probe_pychrono_unavailable
rover.chassis_smoke_probe.v0,rover_vehicle_component_demo,chassis_smoke_probe_v0,11,vehicle.chassis,core_rover_smoke_probe,terrain.core_ground,0.110,probe_chassis,logged_chassis,-2.16987,0.00000,0.48000,0.43006,0.00000,0.00000,8.00000,1480.85848,deterministic_chassis_probe_pychrono_unavailable
rover.chassis_smoke_probe.v0,rover_vehicle_component_demo,chassis_smoke_probe_v0,12,vehicle.chassis,core_rover_smoke_probe,terrain.core_ground,0.120,probe_chassis,logged_chassis,-2.16653,0.00000,0.48000,0.44374,0.00000,0.00000,8.00000,1483.49503,deterministic_chassis_probe_pychrono_unavailable
rover.chassis_smoke_probe.v0,rover_vehicle_component_demo,chassis_smoke_probe_v0,13,vehicle.chassis,core_rover_smoke_probe,terrain.core_ground,0.130,probe_chassis,logged_chassis,-2.16309,0.00000,0.48000,0.45743,0.00000,0.00000,8.00000,1486.08818,deterministic_chassis_probe_pychrono_unavailable
rover.chassis_smoke_probe.v0,rover_vehicle_component_demo,chassis_smoke_probe_v0,14,vehicle.chassis,core_rover_smoke_probe,terrain.core_ground,0.140,probe_chassis,logged_chassis,-2.15955,0.00000,0.48000,0.47113,0.00000,0.00000,8.00000,1488.63456,deterministic_chassis_probe_pychrono_unavailable
rover.chassis_smoke_probe.v0,rover_vehicle_component_demo,chassis_smoke_probe_v0,15,vehicle.chassis,core_rover_smoke_probe,terrain.core_ground,0.150,probe_chassis,logged_chassis,-2.15590,0.00000,0.48000,0.48485,0.00000,0.00000,8.00000,1491.13088,deterministic_chassis_probe_pychrono_unavailable
rover.chassis_smoke_probe.v0,rover_vehicle_component_demo,chassis_smoke_probe_v0,16,vehicle.chassis,core_rover_smoke_probe,terrain.core_ground,0.160,probe_chassis,logged_chassis,-2.15215,0.00000,0.48000,0.49857,0.00000,0.00000,8.00000,1493.57390,deterministic_chassis_probe_pychrono_unavailable
rover.chassis_smoke_probe.v0,rover_vehicle_component_demo,chassis_smoke_probe_v0,17,vehicle.chassis,core_rover_smoke_probe,terrain.core_ground,0.170,probe_chassis,logged_chassis,-2.14829,0.00000,0.48000,0.51231,0.00000,0.00000,8.00000,1495.96045,deterministic_chassis_probe_pychrono_unavailable
rover.chassis_smoke_probe.v0,rover_vehicle_component_demo,chassis_smoke_probe_v0,18,vehicle.chassis,core_rover_smoke_probe,terrain.core_ground,0.180,probe_chassis,logged_chassis,-2.14433,0.00000,0.48000,0.52606,0.00000,0.00000,8.00000,1498.28744,deterministic_chassis_probe_pychrono_unavailable
rover.chassis_smoke_probe.v0,rover_vehicle_component_demo,chassis_smoke_probe_v0,19,vehicle.chassis,core_rover_smoke_probe,terrain.core_ground,0.190,probe_chassis,logged_chassis,-2.14026,0.00000,0.48000,0.53983,0.00000,0.00000,8.00000,1500.55186,deterministic_chassis_probe_pychrono_unavailable
rover.chassis_smoke_probe.v0,rover_vehicle_component_demo,chassis_smoke_probe_v0,20,vehicle.chassis,core_rover_smoke_probe,terrain.core_ground,0.200,probe_chassis,logged_chassis,-2.13609,0.00000,0.48000,0.55362,0.00000,0.00000,8.00000,1502.75077,deterministic_chassis_probe_pychrono_unavailable
rover.chassis_smoke_probe.v0,rover_vehicle_component_demo,chassis_smoke_probe_v0,21,vehicle.chassis,core_rover_smoke_probe,terrain.core_ground,0.210,probe_chassis,logged_chassis,-2.13181,0.00000,0.48000,0.56742,0.00000,0.00000,8.00000,1504.88133,deterministic_chassis_probe_pychrono_unavailable
rover.chassis_smoke_probe.v0,rover_vehicle_component_demo,chassis_smoke_probe_v0,22,vehicle.chassis,core_rover_smoke_probe,terrain.core_ground,0.220,probe_chassis,logged_chassis,-2.12743,0.00000,0.48000,0.58124,0.00000,0.00000,8.00000,1506.94076,deterministic_chassis_probe_pychrono_unavailable
rover.chassis_smoke_probe.v0,rover_vehicle_component_demo,chassis_smoke_probe_v0,23,vehicle.chassis,core_rover_smoke_probe,terrain.core_ground,0.230,probe_chassis,logged_chassis,-2.12294,0.00000,0.48000,0.59507,0.00000,0.00000,8.00000,1508.92641,deterministic_chassis_probe_pychrono_unavailable
rover.chassis_smoke_probe.v0,rover_vehicle_component_demo,chassis_smoke_probe_v0,24,vehicle.chassis,core_rover_smoke_probe,terrain.core_ground,0.240,probe_chassis,logged_chassis,-2.11834,0.00000,0.48000,0.60893,0.00000,0.00000,8.00000,1510.83570,deterministic_chassis_probe_pychrono_unavailable
rover.chassis_smoke_probe.v0,rover_vehicle_component_demo,chassis_smoke_probe_v0,25,vehicle.chassis,core_rover_smoke_probe,terrain.core_ground,0.250,probe_chassis,logged_chassis,-2.11363,0.00000,0.48000,0.62280,0.00000,0.00000,8.00000,1512.66615,deterministic_chassis_probe_pychrono_unavailable
rover.chassis_smoke_probe.v0,rover_vehicle_component_demo,chassis_smoke_probe_v0,26,vehicle.chassis,core_rover_smoke_probe,terrain.core_ground,0.260,probe_chassis,logged_chassis,-2.10882,0.00000,0.48000,0.63669,0.00000,0.00000,8.00000,1514.41540,deterministic_chassis_probe_pychrono_unavailable
rover.chassis_smoke_probe.v0,rover_vehicle_component_demo,chassis_smoke_probe_v0,27,vehicle.chassis,core_rover_smoke_probe,terrain.core_ground,0.270,probe_chassis,logged_chassis,-2.10389,0.00000,0.48000,0.65061,0.00000,0.00000,8.00000,1516.08117,deterministic_chassis_probe_pychrono_unavailable
rover.chassis_smoke_probe.v0,rover_vehicle_component_demo,chassis_smoke_probe_v0,28,vehicle.chassis,core_rover_smoke_probe,terrain.core_ground,0.280,probe_chassis,logged_chassis,-2.09886,0.00000,0.48000,0.66455,0.00000,0.00000,8.00000,1517.66131,deterministic_chassis_probe_pychrono_unavailable
rover.chassis_smoke_probe.v0,rover_vehicle_component_demo,chassis_smoke_probe_v0,29,vehicle.chassis,core_rover_smoke_probe,terrain.core_ground,0.290,probe_chassis,logged_chassis,-2.09372,0.00000,0.48000,0.67851,0.00000,0.00000,8.00000,1519.15378,deterministic_chassis_probe_pychrono_unavailable
rover.chassis_smoke_probe.v0,rover_vehicle_component_demo,chassis_smoke_probe_v0,30,vehicle.chassis,core_rover_smoke_probe,terrain.core_ground,0.300,probe_chassis,logged_chassis,-2.08847,0.00000,0.48000,0.69249,0.00000,0.00000,8.00000,1520.55662,deterministic_chassis_probe_pychrono_unavailable
rover.chassis_smoke_probe.v0,rover_vehicle_component_demo,chassis_smoke_probe_v0,31,vehicle.chassis,core_rover_smoke_probe,terrain.core_ground,0.310,probe_chassis,logged_chassis,-2.08310,0.00000,0.48000,0.70650,0.00000,0.00000,8.00000,1521.86804,deterministic_chassis_probe_pychrono_unavailable
rover.chassis_smoke_probe.v0,rover_vehicle_component_demo,chassis_smoke_probe_v0,32,vehicle.chassis,core_rover_smoke_probe,terrain.core_ground,0.320,probe_chassis,logged_chassis,-2.07763,0.00000,0.48000,0.72053,0.00000,0.00000,8.00000,1523.08633,deterministic_chassis_probe_pychrono_unavailable
rover.chassis_smoke_probe.v0,rover_vehicle_component_demo,chassis_smoke_probe_v0,33,vehicle.chassis,core_rover_smoke_probe,terrain.core_ground,0.330,probe_chassis,logged_chassis,-2.07205,0.00000,0.48000,0.73458,0.00000,0.00000,8.00000,1524.20990,deterministic_chassis_probe_pychrono_unavailable
rover.chassis_smoke_probe.v0,rover_vehicle_component_demo,chassis_smoke_probe_v0,34,vehicle.chassis,core_rover_smoke_probe,terrain.core_ground,0.340,probe_chassis,logged_chassis,-2.06635,0.00000,0.48000,0.74866,0.00000,0.00000,8.00000,1525.23731,deterministic_chassis_probe_pychrono_unavailable
rover.chassis_smoke_probe.v0,rover_vehicle_component_demo,chassis_smoke_probe_v0,35,vehicle.chassis,core_rover_smoke_probe,terrain.core_ground,0.350,probe_chassis,logged_chassis,-2.06055,0.00000,0.48000,0.76277,0.00000,0.00000,8.00000,1526.16723,deterministic_chassis_probe_pychrono_unavailable
rover.chassis_smoke_probe.v0,rover_vehicle_component_demo,chassis_smoke_probe_v0,36,vehicle.chassis,core_rover_smoke_probe,terrain.core_ground,0.360,probe_chassis,logged_chassis,-2.05463,0.00000,0.48000,0.77691,0.00000,0.00000,8.00000,1526.99844,deterministic_chassis_probe_pychrono_unavailable
rover.chassis_smoke_probe.v0,rover_vehicle_component_demo,chassis_smoke_probe_v0,37,vehicle.chassis,core_rover_smoke_probe,terrain.core_ground,0.370,probe_chassis,logged_chassis,-2.04860,0.00000,0.48000,0.79107,0.00000,0.00000,8.00000,1527.72987,deterministic_chassis_probe_pychrono_unavailable
rover.chassis_smoke_probe.v0,rover_vehicle_component_demo,chassis_smoke_probe_v0,38,vehicle.chassis,core_rover_smoke_probe,terrain.core_ground,0.380,probe_chassis,logged_chassis,-2.04246,0.00000,0.48000,0.80526,0.00000,0.00000,8.00000,1528.36058,deterministic_chassis_probe_pychrono_unavailable
rover.chassis_smoke_probe.v0,rover_vehicle_component_demo,chassis_smoke_probe_v0,39,vehicle.chassis,core_rover_smoke_probe,terrain.core_ground,0.390,probe_chassis,logged_chassis,-2.03621,0.00000,0.48000,0.81948,0.00000,0.00000,8.00000,1528.88974,deterministic_chassis_probe_pychrono_unavailable
rover.chassis_smoke_probe.v0,rover_vehicle_component_demo,chassis_smoke_probe_v0,40,vehicle.chassis,core_rover_smoke_probe,terrain.core_ground,0.400,probe_chassis,logged_chassis,-2.02984,0.00000,0.48000,0.83373,0.00000,0.00000,8.00000,1529.31667,deterministic_chassis_probe_pychrono_unavailable
rover.chassis_smoke_probe.v0,rover_vehicle_component_demo,chassis_smoke_probe_v0,41,vehicle.chassis,core_rover_smoke_probe,terrain.core_ground,0.410,probe_chassis,logged_chassis,-2.02336,0.00000,0.48000,0.84800,0.00000,0.00000,8.00000,1529.64082,deterministic_chassis_probe_pychrono_unavailable
rover.chassis_smoke_probe.v0,rover_vehicle_component_demo,chassis_smoke_probe_v0,42,vehicle.chassis,core_rover_smoke_probe,terrain.core_ground,0.420,probe_chassis,logged_chassis,-2.01677,0.00000,0.48000,0.86231,0.00000,0.00000,8.00000,1529.86176,deterministic_chassis_probe_pychrono_unavailable
rover.chassis_smoke_probe.v0,rover_vehicle_component_demo,chassis_smoke_probe_v0,43,vehicle.chassis,core_rover_smoke_probe,terrain.core_ground,0.430,probe_chassis,logged_chassis,-2.01006,0.00000,0.48000,0.87665,0.00000,0.00000,8.00000,1529.97921,deterministic_chassis_probe_pychrono_unavailable
rover.chassis_smoke_probe.v0,rover_vehicle_component_demo,chassis_smoke_probe_v0,44,vehicle.chassis,core_rover_smoke_probe,terrain.core_ground,0.440,probe_chassis,logged_chassis,-2.00325,0.00000,0.48000,0.89102,0.00000,0.00000,8.00000,1529.99303,deterministic_chassis_probe_pychrono_unavailable
rover.chassis_smoke_probe.v0,rover_vehicle_component_demo,chassis_smoke_probe_v0,45,vehicle.chassis,core_rover_smoke_probe,terrain.core_ground,0.450,probe_chassis,logged_chassis,-1.99631,0.00000,0.48000,0.90543,0.00000,0.00000,8.00000,1529.90318,deterministic_chassis_probe_pychrono_unavailable
rover.chassis_smoke_probe.v0,rover_vehicle_component_demo,chassis_smoke_probe_v0,46,vehicle.chassis,core_rover_smoke_probe,terrain.core_ground,0.460,probe_chassis,logged_chassis,-1.98927,0.00000,0.48000,0.91986,0.00000,0.00000,8.00000,1529.70979,deterministic_chassis_probe_pychrono_unavailable
rover.chassis_smoke_probe.v0,rover_vehicle_component_demo,chassis_smoke_probe_v0,47,vehicle.chassis,core_rover_smoke_probe,terrain.core_ground,0.470,probe_chassis,logged_chassis,-1.98211,0.00000,0.48000,0.93433,0.00000,0.00000,8.00000,1529.41311,deterministic_chassis_probe_pychrono_unavailable
rover.chassis_smoke_probe.v0,rover_vehicle_component_demo,chassis_smoke_probe_v0,48,vehicle.chassis,core_rover_smoke_probe,terrain.core_ground,0.480,probe_chassis,logged_chassis,-1.97484,0.00000,0.48000,0.94883,0.00000,0.00000,8.00000,1529.01351,deterministic_chassis_probe_pychrono_unavailable
rover.chassis_smoke_probe.v0,rover_vehicle_component_demo,chassis_smoke_probe_v0,49,vehicle.chassis,core_rover_smoke_probe,terrain.core_ground,0.490,probe_chassis,logged_chassis,-1.96745,0.00000,0.48000,0.96337,0.00000,0.00000,8.00000,1528.51153,deterministic_chassis_probe_pychrono_unavailable
rover.chassis_smoke_probe.v0,rover_vehicle_component_demo,chassis_smoke_probe_v0,50,vehicle.chassis,core_rover_smoke_probe,terrain.core_ground,0.500,probe_chassis,logged_chassis,-1.95995,0.00000,0.48000,0.97793,0.00000,0.00000,8.00000,1527.90781,deterministic_chassis_probe_pychrono_unavailable
rover.chassis_smoke_probe.v0,rover_vehicle_component_demo,chassis_smoke_probe_v0,51,vehicle.chassis,core_rover_smoke_probe,terrain.core_ground,0.510,probe_chassis,logged_chassis,-1.95234,0.00000,0.48000,0.99254,0.00000,0.00000,8.00000,1527.20313,deterministic_chassis_probe_pychrono_unavailable
rover.chassis_smoke_probe.v0,rover_vehicle_component_demo,chassis_smoke_probe_v0,52,vehicle.chassis,core_rover_smoke_probe,terrain.core_ground,0.520,probe_chassis,logged_chassis,-1.94461,0.00000,0.48000,1.00718,0.00000,0.00000,8.00000,1526.39841,deterministic_chassis_probe_pychrono_unavailable
rover.chassis_smoke_probe.v0,rover_vehicle_component_demo,chassis_smoke_probe_v0,53,vehicle.chassis,core_rover_smoke_probe,terrain.core_ground,0.530,probe_chassis,logged_chassis,-1.93676,0.00000,0.48000,1.02185,0.00000,0.00000,8.00000,1525.49468,deterministic_chassis_probe_pychrono_unavailable
rover.chassis_smoke_probe.v0,rover_vehicle_component_demo,chassis_smoke_probe_v0,54,vehicle.chassis,core_rover_smoke_probe,terrain.core_ground,0.540,probe_chassis,logged_chassis,-1.92881,0.00000,0.48000,1.03656,0.00000,0.00000,8.00000,1524.49313,deterministic_chassis_probe_pychrono_unavailable
rover.chassis_smoke_probe.v0,rover_vehicle_component_demo,chassis_smoke_probe_v0,55,vehicle.chassis,core_rover_smoke_probe,terrain.core_ground,0.550,probe_chassis,logged_chassis,-1.92074,0.00000,0.48000,1.05130,0.00000,0.00000,8.00000,1523.39504,deterministic_chassis_probe_pychrono_unavailable
rover.chassis_smoke_probe.v0,rover_vehicle_component_demo,chassis_smoke_probe_v0,56,vehicle.chassis,core_rover_smoke_probe,terrain.core_ground,0.560,probe_chassis,logged_chassis,-1.91255,0.00000,0.48000,1.06609,0.00000,0.00000,8.00000,1522.20184,deterministic_chassis_probe_pychrono_unavailable
rover.chassis_smoke_probe.v0,rover_vehicle_component_demo,chassis_smoke_probe_v0,57,vehicle.chassis,core_rover_smoke_probe,terrain.core_ground,0.570,probe_chassis,logged_chassis,-1.90425,0.00000,0.48000,1.08090,0.00000,0.00000,8.00000,1520.91508,deterministic_chassis_probe_pychrono_unavailable
rover.chassis_smoke_probe.v0,rover_vehicle_component_demo,chassis_smoke_probe_v0,58,vehicle.chassis,core_rover_smoke_probe,terrain.core_ground,0.580,probe_chassis,logged_chassis,-1.89584,0.00000,0.48000,1.09576,0.00000,0.00000,8.00000,1519.53642,deterministic_chassis_probe_pychrono_unavailable
rover.chassis_smoke_probe.v0,rover_vehicle_component_demo,chassis_smoke_probe_v0,59,vehicle.chassis,core_rover_smoke_probe,terrain.core_ground,0.590,probe_chassis,logged_chassis,-1.88732,0.00000,0.48000,1.11065,0.00000,0.00000,8.00000,1518.06765,deterministic_chassis_probe_pychrono_unavailable
rover.chassis_smoke_probe.v0,rover_vehicle_component_demo,chassis_smoke_probe_v0,60,vehicle.chassis,core_rover_smoke_probe,terrain.core_ground,0.600,probe_chassis,logged_chassis,-1.87868,0.00000,0.48000,1.12558,0.00000,0.00000,8.00000,1516.51068,deterministic_chassis_probe_pychrono_unavailable
rover.chassis_smoke_probe.v0,rover_vehicle_component_demo,chassis_smoke_probe_v0,61,vehicle.chassis,core_rover_smoke_probe,terrain.core_ground,0.610,probe_chassis,logged_chassis,-1.86992,0.00000,0.48000,1.14055,0.00000,0.00000,8.00000,1514.86751,deterministic_chassis_probe_pychrono_unavailable
rover.chassis_smoke_probe.v0,rover_vehicle_component_demo,chassis_smoke_probe_v0,62,vehicle.chassis,core_rover_smoke_probe,terrain.core_ground,0.620,probe_chassis,logged_chassis,-1.86106,0.00000,0.48000,1.15555,0.00000,0.00000,8.00000,1513.14029,deterministic_chassis_probe_pychrono_unavailable
rover.chassis_smoke_probe.v0,rover_vehicle_component_demo,chassis_smoke_probe_v0,63,vehicle.chassis,core_rover_smoke_probe,terrain.core_ground,0.630,probe_chassis,logged_chassis,-1.85208,0.00000,0.48000,1.17059,0.00000,0.00000,8.00000,1511.33125,deterministic_chassis_probe_pychrono_unavailable
rover.chassis_smoke_probe.v0,rover_vehicle_component_demo,chassis_smoke_probe_v0,64,vehicle.chassis,core_rover_smoke_probe,terrain.core_ground,0.640,probe_chassis,logged_chassis,-1.84298,0.00000,0.48000,1.18567,0.00000,0.00000,8.00000,1509.44273,deterministic_chassis_probe_pychrono_unavailable
rover.chassis_smoke_probe.v0,rover_vehicle_component_demo,chassis_smoke_probe_v0,65,vehicle.chassis,core_rover_smoke_probe,terrain.core_ground,0.650,probe_chassis,logged_chassis,-1.83378,0.00000,0.48000,1.20079,0.00000,0.00000,8.00000,1507.47718,deterministic_chassis_probe_pychrono_unavailable
rover.chassis_smoke_probe.v0,rover_vehicle_component_demo,chassis_smoke_probe_v0,66,vehicle.chassis,core_rover_smoke_probe,terrain.core_ground,0.660,probe_chassis,logged_chassis,-1.82446,0.00000,0.48000,1.20056,0.00000,0.00000,8.00000,1505.43715,deterministic_chassis_probe_pychrono_unavailable
rover.chassis_smoke_probe.v0,rover_vehicle_component_demo,chassis_smoke_probe_v0,67,vehicle.chassis,core_rover_smoke_probe,terrain.core_ground,0.670,probe_chassis,logged_chassis,-1.81503,0.00000,0.48000,1.20037,0.00000,0.00000,8.00000,1503.32528,deterministic_chassis_probe_pychrono_unavailable
rover.chassis_smoke_probe.v0,rover_vehicle_component_demo,chassis_smoke_probe_v0,68,vehicle.chassis,core_rover_smoke_probe,terrain.core_ground,0.680,probe_chassis,logged_chassis,-1.80549,0.00000,0.48000,1.20022,0.00000,0.00000,8.00000,1501.14431,deterministic_chassis_probe_pychrono_unavailable
rover.chassis_smoke_probe.v0,rover_vehicle_component_demo,chassis_smoke_probe_v0,69,vehicle.chassis,core_rover_smoke_probe,terrain.core_ground,0.690,probe_chassis,logged_chassis,-1.79583,0.00000,0.48000,1.20011,0.00000,0.00000,8.00000,1498.89706,deterministic_chassis_probe_pychrono_unavailable
rover.chassis_smoke_probe.v0,rover_vehicle_component_demo,chassis_smoke_probe_v0,70,vehicle.chassis,core_rover_smoke_probe,terrain.core_ground,0.700,probe_chassis,logged_chassis,-1.78606,0.00000,0.48000,1.20004,0.00000,0.00000,8.00000,1496.58645,deterministic_chassis_probe_pychrono_unavailable
rover.chassis_smoke_probe.v0,rover_vehicle_component_demo,chassis_smoke_probe_v0,71,vehicle.chassis,core_rover_smoke_probe,terrain.core_ground,0.710,probe_chassis,logged_chassis,-1.77619,0.00000,0.48000,1.20000,0.00000,0.00000,8.00000,1494.21547,deterministic_chassis_probe_pychrono_unavailable
rover.chassis_smoke_probe.v0,rover_vehicle_component_demo,chassis_smoke_probe_v0,72,vehicle.chassis,core_rover_smoke_probe,terrain.core_ground,0.720,probe_chassis,logged_chassis,-1.76620,0.00000,0.48000,1.20001,0.00000,0.00000,8.00000,1491.78719,deterministic_chassis_probe_pychrono_unavailable
rover.chassis_smoke_probe.v0,rover_vehicle_component_demo,chassis_smoke_probe_v0,73,vehicle.chassis,core_rover_smoke_probe,terrain.core_ground,0.730,probe_chassis,logged_chassis,-1.75609,0.00000,0.48000,1.20005,0.00000,0.00000,8.00000,1489.30476,deterministic_chassis_probe_pychrono_unavailable
rover.chassis_smoke_probe.v0,rover_vehicle_component_demo,chassis_smoke_probe_v0,74,vehicle.chassis,core_rover_smoke_probe,terrain.core_ground,0.740,probe_chassis,logged_chassis,-1.74588,0.00000,0.48000,1.20013,0.00000,0.00000,8.00000,1486.77140,deterministic_chassis_probe_pychrono_unavailable
rover.chassis_smoke_probe.v0,rover_vehicle_component_demo,chassis_smoke_probe_v0,75,vehicle.chassis,core_rover_smoke_probe,terrain.core_ground,0.750,probe_chassis,logged_chassis,-1.73556,0.00000,0.48000,1.20025,0.00000,0.00000,8.00000,1484.19039,deterministic_chassis_probe_pychrono_unavailable
rover.chassis_smoke_probe.v0,rover_vehicle_component_demo,chassis_smoke_probe_v0,76,vehicle.chassis,core_rover_smoke_probe,terrain.core_ground,0.760,probe_chassis,logged_chassis,-1.72513,0.00000,0.48000,1.20041,0.00000,0.00000,8.00000,1481.56507,deterministic_chassis_probe_pychrono_unavailable
rover.chassis_smoke_probe.v0,rover_vehicle_component_demo,chassis_smoke_probe_v0,77,vehicle.chassis,core_rover_smoke_probe,terrain.core_ground,0.770,probe_chassis,logged_chassis,-1.71459,0.00000,0.48000,1.20061,0.00000,0.00000,8.00000,1478.89885,deterministic_chassis_probe_pychrono_unavailable
rover.chassis_smoke_probe.v0,rover_vehicle_component_demo,chassis_smoke_probe_v0,78,vehicle.chassis,core_rover_smoke_probe,terrain.core_ground,0.780,probe_chassis,logged_chassis,-1.70394,0.00000,0.48000,1.20084,0.00000,0.00000,8.00000,1476.19518,deterministic_chassis_probe_pychrono_unavailable
rover.chassis_smoke_probe.v0,rover_vehicle_component_demo,chassis_smoke_probe_v0,79,vehicle.chassis,core_rover_smoke_probe,terrain.core_ground,0.790,probe_chassis,logged_chassis,-1.69318,0.00000,0.48000,1.20112,0.00000,0.00000,8.00000,1473.45756,deterministic_chassis_probe_pychrono_unavailable
rover.chassis_smoke_probe.v0,rover_vehicle_component_demo,chassis_smoke_probe_v0,80,vehicle.chassis,core_rover_smoke_probe,terrain.core_ground,0.800,probe_chassis,logged_chassis,-1.68231,0.00000,0.48000,1.20143,0.00000,0.00000,8.00000,1470.68955,deterministic_chassis_probe_pychrono_unavailable
rover.chassis_smoke_probe.v0,rover_vehicle_component_demo,chassis_smoke_probe_v0,81,vehicle.chassis,core_rover_smoke_probe,terrain.core_ground,0.810,probe_chassis,logged_chassis,-1.67133,0.00000,0.48000,1.20178,0.00000,0.00000,8.00000,1467.89472,deterministic_chassis_probe_pychrono_unavailable
rover.chassis_smoke_probe.v0,rover_vehicle_component_demo,chassis_smoke_probe_v0,82,vehicle.chassis,core_rover_smoke_probe,terrain.core_ground,0.820,probe_chassis,logged_chassis,-1.66025,0.00000,0.48000,1.20217,0.00000,0.00000,8.00000,1465.07671,deterministic_chassis_probe_pychrono_unavailable
rover.chassis_smoke_probe.v0,rover_vehicle_component_demo,chassis_smoke_probe_v0,83,vehicle.chassis,core_rover_smoke_probe,terrain.core_ground,0.830,probe_chassis,logged_chassis,-1.64906,0.00000,0.48000,1.20259,0.00000,0.00000,8.00000,1462.23916,deterministic_chassis_probe_pychrono_unavailable
rover.chassis_smoke_probe.v0,rover_vehicle_component_demo,chassis_smoke_probe_v0,84,vehicle.chassis,core_rover_smoke_probe,terrain.core_ground,0.840,probe_chassis,logged_chassis,-1.63776,0.00000,0.48000,1.20305,0.00000,0.00000,8.00000,1459.38575,deterministic_chassis_probe_pychrono_unavailable
rover.chassis_smoke_probe.v0,rover_vehicle_component_demo,chassis_smoke_probe_v0,85,vehicle.chassis,core_rover_smoke_probe,terrain.core_ground,0.850,probe_chassis,logged_chassis,-1.62635,0.00000,0.48000,1.20355,0.00000,0.00000,8.00000,1456.52017,deterministic_chassis_probe_pychrono_unavailable
rover.chassis_smoke_probe.v0,rover_vehicle_component_demo,chassis_smoke_probe_v0,86,vehicle.chassis,core_rover_smoke_probe,terrain.core_ground,0.860,probe_chassis,logged_chassis,-1.61484,0.00000,0.48000,1.20409,0.00000,0.00000,8.00000,1453.64615,deterministic_chassis_probe_pychrono_unavailable
rover.chassis_smoke_probe.v0,rover_vehicle_component_demo,chassis_smoke_probe_v0,87,vehicle.chassis,core_rover_smoke_probe,terrain.core_ground,0.870,probe_chassis,logged_chassis,-1.60323,0.00000,0.48000,1.20467,0.00000,0.00000,8.00000,1450.76740,deterministic_chassis_probe_pychrono_unavailable
rover.chassis_smoke_probe.v0,rover_vehicle_component_demo,chassis_smoke_probe_v0,88,vehicle.chassis,core_rover_smoke_probe,terrain.core_ground,0.880,probe_chassis,logged_chassis,-1.59150,0.00000,0.48000,1.20528,0.00000,0.00000,8.00000,1447.88766,deterministic_chassis_probe_pychrono_unavailable
rover.chassis_smoke_probe.v0,rover_vehicle_component_demo,chassis_smoke_probe_v0,89,vehicle.chassis,core_rover_smoke_probe,terrain.core_ground,0.890,probe_chassis,logged_chassis,-1.57968,0.00000,0.48000,1.20592,0.00000,0.00000,8.00000,1445.01065,deterministic_chassis_probe_pychrono_unavailable
rover.chassis_smoke_probe.v0,rover_vehicle_component_demo,chassis_smoke_probe_v0,90,vehicle.chassis,core_rover_smoke_probe,terrain.core_ground,0.900,probe_chassis,logged_chassis,-1.56775,0.00000,0.48000,1.20660,0.00000,0.00000,8.00000,1442.14011,deterministic_chassis_probe_pychrono_unavailable
rover.chassis_smoke_probe.v0,rover_vehicle_component_demo,chassis_smoke_probe_v0,91,vehicle.chassis,core_rover_smoke_probe,terrain.core_ground,0.910,probe_chassis,logged_chassis,-1.55571,0.00000,0.48000,1.20732,0.00000,0.00000,8.00000,1439.27976,deterministic_chassis_probe_pychrono_unavailable
rover.chassis_smoke_probe.v0,rover_vehicle_component_demo,chassis_smoke_probe_v0,92,vehicle.chassis,core_rover_smoke_probe,terrain.core_ground,0.920,probe_chassis,logged_chassis,-1.54358,0.00000,0.48000,1.20808,0.00000,0.00000,8.00000,1436.43330,deterministic_chassis_probe_pychrono_unavailable
rover.chassis_smoke_probe.v0,rover_vehicle_component_demo,chassis_smoke_probe_v0,93,vehicle.chassis,core_rover_smoke_probe,terrain.core_ground,0.930,probe_chassis,logged_chassis,-1.53134,0.00000,0.48000,1.20886,0.00000,0.00000,8.00000,1433.60441,deterministic_chassis_probe_pychrono_unavailable
rover.chassis_smoke_probe.v0,rover_vehicle_component_demo,chassis_smoke_probe_v0,94,vehicle.chassis,core_rover_smoke_probe,terrain.core_ground,0.940,probe_chassis,logged_chassis,-1.51899,0.00000,0.48000,1.20969,0.00000,0.00000,8.00000,1430.79678,deterministic_chassis_probe_pychrono_unavailable
rover.chassis_smoke_probe.v0,rover_vehicle_component_demo,chassis_smoke_probe_v0,95,vehicle.chassis,core_rover_smoke_probe,terrain.core_ground,0.950,probe_chassis,logged_chassis,-1.50655,0.00000,0.48000,1.21054,0.00000,0.00000,8.00000,1428.01403,deterministic_chassis_probe_pychrono_unavailable
rover.chassis_smoke_probe.v0,rover_vehicle_component_demo,chassis_smoke_probe_v0,96,vehicle.chassis,core_rover_smoke_probe,terrain.core_ground,0.960,probe_chassis,logged_chassis,-1.49400,0.00000,0.48000,1.21143,0.00000,0.00000,8.00000,1425.25977,deterministic_chassis_probe_pychrono_unavailable
rover.chassis_smoke_probe.v0,rover_vehicle_component_demo,chassis_smoke_probe_v0,97,vehicle.chassis,core_rover_smoke_probe,terrain.core_ground,0.970,probe_chassis,logged_chassis,-1.48136,0.00000,0.48000,1.21236,0.00000,0.00000,8.00000,1422.53757,deterministic_chassis_probe_pychrono_unavailable
rover.chassis_smoke_probe.v0,rover_vehicle_component_demo,chassis_smoke_probe_v0,98,vehicle.chassis,core_rover_smoke_probe,terrain.core_ground,0.980,probe_chassis,logged_chassis,-1.46861,0.00000,0.48000,1.21331,0.00000,0.00000,8.00000,1419.85095,deterministic_chassis_probe_pychrono_unavailable
rover.chassis_smoke_probe.v0,rover_vehicle_component_demo,chassis_smoke_probe_v0,99,vehicle.chassis,core_rover_smoke_probe,terrain.core_ground,0.990,probe_chassis,logged_chassis,-1.45577,0.00000,0.48000,1.21430,0.00000,0.00000,8.00000,1417.20341,deterministic_chassis_probe_pychrono_unavailable
rover.chassis_smoke_probe.v0,rover_vehicle_component_demo,chassis_smoke_probe_v0,100,vehicle.chassis,core_rover_smoke_probe,terrain.core_ground,1.000,probe_chassis,logged_chassis,-1.44282,0.00000,0.48000,1.21532,0.00000,0.00000,8.00000,1414.59836,deterministic_chassis_probe_pychrono_unavailable
rover.chassis_smoke_probe.v0,rover_vehicle_component_demo,chassis_smoke_probe_v0,101,vehicle.chassis,core_rover_smoke_probe,terrain.core_ground,1.010,probe_chassis,logged_chassis,-1.42978,0.00000,0.48000,1.21637,0.00000,0.00000,8.00000,1412.03920,deterministic_chassis_probe_pychrono_unavailable
rover.chassis_smoke_probe.v0,rover_vehicle_component_demo,chassis_smoke_probe_v0,102,vehicle.chassis,core_rover_smoke_probe,terrain.core_ground,1.020,probe_chassis,logged_chassis,-1.41664,0.00000,0.48000,1.21745,0.00000,0.00000,8.00000,1409.52922,deterministic_chassis_probe_pychrono_unavailable
rover.chassis_smoke_probe.v0,rover_vehicle_component_demo,chassis_smoke_probe_v0,103,vehicle.chassis,core_rover_smoke_probe,terrain.core_ground,1.030,probe_chassis,logged_chassis,-1.40340,0.00000,0.48000,1.21857,0.00000,0.00000,8.00000,1407.07169,deterministic_chassis_probe_pychrono_unavailable
rover.chassis_smoke_probe.v0,rover_vehicle_component_demo,chassis_smoke_probe_v0,104,vehicle.chassis,core_rover_smoke_probe,terrain.core_ground,1.040,probe_chassis,logged_chassis,-1.39006,0.00000,0.48000,1.21971,0.00000,0.00000,8.00000,1404.66978,deterministic_chassis_probe_pychrono_unavailable
rover.chassis_smoke_probe.v0,rover_vehicle_component_demo,chassis_smoke_probe_v0,105,vehicle.chassis,core_rover_smoke_probe,terrain.core_ground,1.050,probe_chassis,logged_chassis,-1.37663,0.00000,0.48000,1.22088,0.00000,0.00000,8.00000,1402.32662,deterministic_chassis_probe_pychrono_unavailable
rover.chassis_smoke_probe.v0,rover_vehicle_component_demo,chassis_smoke_probe_v0,106,vehicle.chassis,core_rover_smoke_probe,terrain.core_ground,1.060,probe_chassis,logged_chassis,-1.36310,0.00000,0.48000,1.22208,0.00000,0.00000,8.00000,1400.04524,deterministic_chassis_probe_pychrono_unavailable
rover.chassis_smoke_probe.v0,rover_vehicle_component_demo,chassis_smoke_probe_v0,107,vehicle.chassis,core_rover_smoke_probe,terrain.core_ground,1.070,probe_chassis,logged_chassis,-1.34948,0.00000,0.48000,1.22331,0.00000,0.00000,8.00000,1397.82859,deterministic_chassis_probe_pychrono_unavailable
rover.chassis_smoke_probe.v0,rover_vehicle_component_demo,chassis_smoke_probe_v0,108,vehicle.chassis,core_rover_smoke_probe,terrain.core_ground,1.080,probe_chassis,logged_chassis,-1.33576,0.00000,0.48000,1.22456,0.00000,0.00000,8.00000,1395.67955,deterministic_chassis_probe_pychrono_unavailable
rover.chassis_smoke_probe.v0,rover_vehicle_component_demo,chassis_smoke_probe_v0,109,vehicle.chassis,core_rover_smoke_probe,terrain.core_ground,1.090,probe_chassis,logged_chassis,-1.32195,0.00000,0.48000,1.22585,0.00000,0.00000,8.00000,1393.60090,deterministic_chassis_probe_pychrono_unavailable
rover.chassis_smoke_probe.v0,rover_vehicle_component_demo,chassis_smoke_probe_v0,110,vehicle.chassis,core_rover_smoke_probe,terrain.core_ground,1.100,probe_chassis,logged_chassis,-1.30805,0.00000,0.48000,1.22715,0.00000,0.00000,8.00000,1391.59533,deterministic_chassis_probe_pychrono_unavailable
rover.chassis_smoke_probe.v0,rover_vehicle_component_demo,chassis_smoke_probe_v0,111,vehicle.chassis,core_rover_smoke_probe,terrain.core_ground,1.110,probe_chassis,logged_chassis,-1.29405,0.00000,0.48000,1.22849,0.00000,0.00000,8.00000,1389.66545,deterministic_chassis_probe_pychrono_unavailable
rover.chassis_smoke_probe.v0,rover_vehicle_component_demo,chassis_smoke_probe_v0,112,vehicle.chassis,core_rover_smoke_probe,terrain.core_ground,1.120,probe_chassis,logged_chassis,-1.27995,0.00000,0.48000,1.22985,0.00000,0.00000,8.00000,1387.81375,deterministic_chassis_probe_pychrono_unavailable
rover.chassis_smoke_probe.v0,rover_vehicle_component_demo,chassis_smoke_probe_v0,113,vehicle.chassis,core_rover_smoke_probe,terrain.core_ground,1.130,probe_chassis,logged_chassis,-1.26577,0.00000,0.48000,1.23123,0.00000,0.00000,8.00000,1386.04264,deterministic_chassis_probe_pychrono_unavailable
rover.chassis_smoke_probe.v0,rover_vehicle_component_demo,chassis_smoke_probe_v0,114,vehicle.chassis,core_rover_smoke_probe,terrain.core_ground,1.140,probe_chassis,logged_chassis,-1.25150,0.00000,0.48000,1.23264,0.00000,0.00000,8.00000,1384.35441,deterministic_chassis_probe_pychrono_unavailable
rover.chassis_smoke_probe.v0,rover_vehicle_component_demo,chassis_smoke_probe_v0,115,vehicle.chassis,core_rover_smoke_probe,terrain.core_ground,1.150,probe_chassis,logged_chassis,-1.23713,0.00000,0.48000,1.23407,0.00000,0.00000,8.00000,1382.75125,deterministic_chassis_probe_pychrono_unavailable
rover.chassis_smoke_probe.v0,rover_vehicle_component_demo,chassis_smoke_probe_v0,116,vehicle.chassis,core_rover_smoke_probe,terrain.core_ground,1.160,probe_chassis,logged_chassis,-1.22267,0.00000,0.48000,1.23552,0.00000,0.00000,8.00000,1381.23523,deterministic_chassis_probe_pychrono_unavailable
rover.chassis_smoke_probe.v0,rover_vehicle_component_demo,chassis_smoke_probe_v0,117,vehicle.chassis,core_rover_smoke_probe,terrain.core_ground,1.170,probe_chassis,logged_chassis,-1.20813,0.00000,0.48000,1.23699,0.00000,0.00000,8.00000,1379.80832,deterministic_chassis_probe_pychrono_unavailable
rover.chassis_smoke_probe.v0,rover_vehicle_component_demo,chassis_smoke_probe_v0,118,vehicle.chassis,core_rover_smoke_probe,terrain.core_ground,1.180,probe_chassis,logged_chassis,-1.19349,0.00000,0.48000,1.23849,0.00000,0.00000,8.00000,1378.47237,deterministic_chassis_probe_pychrono_unavailable
rover.chassis_smoke_probe.v0,rover_vehicle_component_demo,chassis_smoke_probe_v0,119,vehicle.chassis,core_rover_smoke_probe,terrain.core_ground,1.190,probe_chassis,logged_chassis,-1.17876,0.00000,0.48000,1.24000,0.00000,0.00000,8.00000,1377.22911,deterministic_chassis_probe_pychrono_unavailable
rover.chassis_smoke_probe.v0,rover_vehicle_component_demo,chassis_smoke_probe_v0,120,vehicle.chassis,core_rover_smoke_probe,terrain.core_ground,1.200,probe_chassis,logged_chassis,-1.16395,0.00000,0.48000,1.24153,0.00000,0.00000,8.00000,1376.08015,deterministic_chassis_probe_pychrono_unavailable
rover.chassis_smoke_probe.v0,rover_vehicle_component_demo,chassis_smoke_probe_v0,121,vehicle.chassis,core_rover_smoke_probe,terrain.core_ground,1.210,probe_chassis,logged_chassis,-1.14905,0.00000,0.48000,1.24309,0.00000,0.00000,8.00000,1375.02698,deterministic_chassis_probe_pychrono_unavailable
rover.chassis_smoke_probe.v0,rover_vehicle_component_demo,chassis_smoke_probe_v0,122,vehicle.chassis,core_rover_smoke_probe,terrain.core_ground,1.220,probe_chassis,logged_chassis,-1.13406,0.00000,0.48000,1.24466,0.00000,0.00000,8.00000,1374.07096,deterministic_chassis_probe_pychrono_unavailable
rover.chassis_smoke_probe.v0,rover_vehicle_component_demo,chassis_smoke_probe_v0,123,vehicle.chassis,core_rover_smoke_probe,terrain.core_ground,1.230,probe_chassis,logged_chassis,-1.11898,0.00000,0.48000,1.24624,0.00000,0.00000,8.00000,1373.21334,deterministic_chassis_probe_pychrono_unavailable
rover.chassis_smoke_probe.v0,rover_vehicle_component_demo,chassis_smoke_probe_v0,124,vehicle.chassis,core_rover_smoke_probe,terrain.core_ground,1.240,probe_chassis,logged_chassis,-1.10382,0.00000,0.48000,1.24785,0.00000,0.00000,8.00000,1372.45522,deterministic_chassis_probe_pychrono_unavailable
rover.chassis_smoke_probe.v0,rover_vehicle_component_demo,chassis_smoke_probe_v0,125,vehicle.chassis,core_rover_smoke_probe,terrain.core_ground,1.250,probe_chassis,logged_chassis,-1.08857,0.00000,0.48000,1.24947,0.00000,0.00000,8.00000,1371.79759,deterministic_chassis_probe_pychrono_unavailable
rover.chassis_smoke_probe.v0,rover_vehicle_component_demo,chassis_smoke_probe_v0,126,vehicle.chassis,core_rover_smoke_probe,terrain.core_ground,1.260,probe_chassis,logged_chassis,-1.07323,0.00000,0.48000,1.25110,0.00000,0.00000,8.00000,1371.24130,deterministic_chassis_probe_pychrono_unavailable
rover.chassis_smoke_probe.v0,rover_vehicle_component_demo,chassis_smoke_probe_v0,127,vehicle.chassis,core_rover_smoke_probe,terrain.core_ground,1.270,probe_chassis,logged_chassis,-1.05781,0.00000,0.48000,1.25275,0.00000,0.00000,8.00000,1370.78707,deterministic_chassis_probe_pychrono_unavailable
rover.chassis_smoke_probe.v0,rover_vehicle_component_demo,chassis_smoke_probe_v0,128,vehicle.chassis,core_rover_smoke_probe,terrain.core_ground,1.280,probe_chassis,logged_chassis,-1.04231,0.00000,0.48000,1.25441,0.00000,0.00000,8.00000,1370.43549,deterministic_chassis_probe_pychrono_unavailable
rover.chassis_smoke_probe.v0,rover_vehicle_component_demo,chassis_smoke_probe_v0,129,vehicle.chassis,core_rover_smoke_probe,terrain.core_ground,1.290,probe_chassis,logged_chassis,-1.02672,0.00000,0.48000,1.25608,0.00000,0.00000,8.00000,1370.18701,deterministic_chassis_probe_pychrono_unavailable
rover.chassis_smoke_probe.v0,rover_vehicle_component_demo,chassis_smoke_probe_v0,130,vehicle.chassis,core_rover_smoke_probe,terrain.core_ground,1.300,probe_chassis,logged_chassis,-1.01104,0.00000,0.48000,1.25777,0.00000,0.00000,8.00000,1370.04196,deterministic_chassis_probe_pychrono_unavailable
rover.chassis_smoke_probe.v0,rover_vehicle_component_demo,chassis_smoke_probe_v0,131,vehicle.chassis,core_rover_smoke_probe,terrain.core_ground,1.310,probe_chassis,logged_chassis,-0.99529,0.00000,0.48000,1.25947,0.00000,0.00000,8.00000,1370.00052,deterministic_chassis_probe_pychrono_unavailable
rover.chassis_smoke_probe.v0,rover_vehicle_component_demo,chassis_smoke_probe_v0,132,vehicle.chassis,core_rover_smoke_probe,terrain.core_ground,1.320,probe_chassis,logged_chassis,-0.97945,0.00000,0.48000,1.26117,0.00000,0.00000,8.00000,1370.06275,deterministic_chassis_probe_pychrono_unavailable
rover.chassis_smoke_probe.v0,rover_vehicle_component_demo,chassis_smoke_probe_v0,133,vehicle.chassis,core_rover_smoke_probe,terrain.core_ground,1.330,probe_chassis,logged_chassis,-0.96352,0.00000,0.48000,1.26289,0.00000,0.00000,8.00000,1370.22857,deterministic_chassis_probe_pychrono_unavailable
rover.chassis_smoke_probe.v0,rover_vehicle_component_demo,chassis_smoke_probe_v0,134,vehicle.chassis,core_rover_smoke_probe,terrain.core_ground,1.340,probe_chassis,logged_chassis,-0.94752,0.00000,0.48000,1.26461,0.00000,0.00000,8.00000,1370.49776,deterministic_chassis_probe_pychrono_unavailable
rover.chassis_smoke_probe.v0,rover_vehicle_component_demo,chassis_smoke_probe_v0,135,vehicle.chassis,core_rover_smoke_probe,terrain.core_ground,1.350,probe_chassis,logged_chassis,-0.93143,0.00000,0.48000,1.26634,0.00000,0.00000,8.00000,1370.86998,deterministic_chassis_probe_pychrono_unavailable
rover.chassis_smoke_probe.v0,rover_vehicle_component_demo,chassis_smoke_probe_v0,136,vehicle.chassis,core_rover_smoke_probe,terrain.core_ground,1.360,probe_chassis,logged_chassis,-0.91526,0.00000,0.48000,1.26808,0.00000,0.00000,8.00000,1371.34474,deterministic_chassis_probe_pychrono_unavailable
rover.chassis_smoke_probe.v0,rover_vehicle_component_demo,chassis_smoke_probe_v0,137,vehicle.chassis,core_rover_smoke_probe,terrain.core_ground,1.370,probe_chassis,logged_chassis,-0.89901,0.00000,0.48000,1.26982,0.00000,0.00000,8.00000,1371.92142,deterministic_chassis_probe_pychrono_unavailable
rover.chassis_smoke_probe.v0,rover_vehicle_component_demo,chassis_smoke_probe_v0,138,vehicle.chassis,core_rover_smoke_probe,terrain.core_ground,1.380,probe_chassis,logged_chassis,-0.88268,0.00000,0.48000,1.27157,0.00000,0.00000,8.00000,1372.59928,deterministic_chassis_probe_pychrono_unavailable
rover.chassis_smoke_probe.v0,rover_vehicle_component_demo,chassis_smoke_probe_v0,139,vehicle.chassis,core_rover_smoke_probe,terrain.core_ground,1.390,probe_chassis,logged_chassis,-0.86626,0.00000,0.48000,1.27332,0.00000,0.00000,8.00000,1373.37744,deterministic_chassis_probe_pychrono_unavailable
rover.chassis_smoke_probe.v0,rover_vehicle_component_demo,chassis_smoke_probe_v0,140,vehicle.chassis,core_rover_smoke_probe,terrain.core_ground,1.400,probe_chassis,logged_chassis,-0.84977,0.00000,0.48000,1.27508,0.00000,0.00000,8.00000,1374.25490,deterministic_chassis_probe_pychrono_unavailable
rover.chassis_smoke_probe.v0,rover_vehicle_component_demo,chassis_smoke_probe_v0,141,vehicle.chassis,core_rover_smoke_probe,terrain.core_ground,1.410,probe_chassis,logged_chassis,-0.83319,0.00000,0.48000,1.27683,0.00000,0.00000,8.00000,1375.23051,deterministic_chassis_probe_pychrono_unavailable
rover.chassis_smoke_probe.v0,rover_vehicle_component_demo,chassis_smoke_probe_v0,142,vehicle.chassis,core_rover_smoke_probe,terrain.core_ground,1.420,probe_chassis,logged_chassis,-0.81654,0.00000,0.48000,1.27859,0.00000,0.00000,8.00000,1376.30301,deterministic_chassis_probe_pychrono_unavailable
rover.chassis_smoke_probe.v0,rover_vehicle_component_demo,chassis_smoke_probe_v0,143,vehicle.chassis,core_rover_smoke_probe,terrain.core_ground,1.430,probe_chassis,logged_chassis,-0.79981,0.00000,0.48000,1.28035,0.00000,0.00000,8.00000,1377.47101,deterministic_chassis_probe_pychrono_unavailable
rover.chassis_smoke_probe.v0,rover_vehicle_component_demo,chassis_smoke_probe_v0,144,vehicle.chassis,core_rover_smoke_probe,terrain.core_ground,1.440,probe_chassis,logged_chassis,-0.78299,0.00000,0.48000,1.28211,0.00000,0.00000,8.00000,1378.73300,deterministic_chassis_probe_pychrono_unavailable
rover.chassis_smoke_probe.v0,rover_vehicle_component_demo,chassis_smoke_probe_v0,145,vehicle.chassis,core_rover_smoke_probe,terrain.core_ground,1.450,probe_chassis,logged_chassis,-0.76610,0.00000,0.48000,1.28387,0.00000,0.00000,8.00000,1380.08734,deterministic_chassis_probe_pychrono_unavailable
rover.chassis_smoke_probe.v0,rover_vehicle_component_demo,chassis_smoke_probe_v0,146,vehicle.chassis,core_rover_smoke_probe,terrain.core_ground,1.460,probe_chassis,logged_chassis,-0.74913,0.00000,0.48000,1.28563,0.00000,0.00000,8.00000,1381.53228,deterministic_chassis_probe_pychrono_unavailable
rover.chassis_smoke_probe.v0,rover_vehicle_component_demo,chassis_smoke_probe_v0,147,vehicle.chassis,core_rover_smoke_probe,terrain.core_ground,1.470,probe_chassis,logged_chassis,-0.73208,0.00000,0.48000,1.28738,0.00000,0.00000,8.00000,1383.06594,deterministic_chassis_probe_pychrono_unavailable
rover.chassis_smoke_probe.v0,rover_vehicle_component_demo,chassis_smoke_probe_v0,148,vehicle.chassis,core_rover_smoke_probe,terrain.core_ground,1.480,probe_chassis,logged_chassis,-0.71495,0.00000,0.48000,1.28913,0.00000,0.00000,8.00000,1384.68634,deterministic_chassis_probe_pychrono_unavailable
rover.chassis_smoke_probe.v0,rover_vehicle_component_demo,chassis_smoke_probe_v0,149,vehicle.chassis,core_rover_smoke_probe,terrain.core_ground,1.490,probe_chassis,logged_chassis,-0.69774,0.00000,0.48000,1.29088,0.00000,0.00000,8.00000,1386.39138,deterministic_chassis_probe_pychrono_unavailable
rover.chassis_smoke_probe.v0,rover_vehicle_component_demo,chassis_smoke_probe_v0,150,vehicle.chassis,core_rover_smoke_probe,terrain.core_ground,1.500,probe_chassis,logged_chassis,-0.68045,0.00000,0.48000,1.29262,0.00000,0.00000,8.00000,1388.17884,deterministic_chassis_probe_pychrono_unavailable
rover.chassis_smoke_probe.v0,rover_vehicle_component_demo,chassis_smoke_probe_v0,151,vehicle.chassis,core_rover_smoke_probe,terrain.core_ground,1.510,probe_chassis,logged_chassis,-0.66308,0.00000,0.48000,1.29435,0.00000,0.00000,8.00000,1390.04642,deterministic_chassis_probe_pychrono_unavailable
rover.chassis_smoke_probe.v0,rover_vehicle_component_demo,chassis_smoke_probe_v0,152,vehicle.chassis,core_rover_smoke_probe,terrain.core_ground,1.520,probe_chassis,logged_chassis,-0.64564,0.00000,0.48000,1.29608,0.00000,0.00000,8.00000,1391.99169,deterministic_chassis_probe_pychrono_unavailable
rover.chassis_smoke_probe.v0,rover_vehicle_component_demo,chassis_smoke_probe_v0,153,vehicle.chassis,core_rover_smoke_probe,terrain.core_ground,1.530,probe_chassis,logged_chassis,-0.62812,0.00000,0.48000,1.29780,0.00000,0.00000,8.00000,1394.01212,deterministic_chassis_probe_pychrono_unavailable
rover.chassis_smoke_probe.v0,rover_vehicle_component_demo,chassis_smoke_probe_v0,154,vehicle.chassis,core_rover_smoke_probe,terrain.core_ground,1.540,probe_chassis,logged_chassis,-0.61052,0.00000,0.48000,1.29951,0.00000,0.00000,8.00000,1396.10511,deterministic_chassis_probe_pychrono_unavailable
rover.chassis_smoke_probe.v0,rover_vehicle_component_demo,chassis_smoke_probe_v0,155,vehicle.chassis,core_rover_smoke_probe,terrain.core_ground,1.550,probe_chassis,logged_chassis,-0.59284,0.00000,0.48000,1.30122,0.00000,0.00000,8.00000,1398.26795,deterministic_chassis_probe_pychrono_unavailable
rover.chassis_smoke_probe.v0,rover_vehicle_component_demo,chassis_smoke_probe_v0,156,vehicle.chassis,core_rover_smoke_probe,terrain.core_ground,1.560,probe_chassis,logged_chassis,-0.57508,0.00000,0.48000,1.30291,0.00000,0.00000,8.00000,1400.49781,deterministic_chassis_probe_pychrono_unavailable
rover.chassis_smoke_probe.v0,rover_vehicle_component_demo,chassis_smoke_probe_v0,157,vehicle.chassis,core_rover_smoke_probe,terrain.core_ground,1.570,probe_chassis,logged_chassis,-0.55725,0.00000,0.48000,1.30459,0.00000,0.00000,8.00000,1402.79183,deterministic_chassis_probe_pychrono_unavailable
rover.chassis_smoke_probe.v0,rover_vehicle_component_demo,chassis_smoke_probe_v0,158,vehicle.chassis,core_rover_smoke_probe,terrain.core_ground,1.580,probe_chassis,logged_chassis,-0.53934,0.00000,0.48000,1.30626,0.00000,0.00000,8.00000,1405.14702,deterministic_chassis_probe_pychrono_unavailable
rover.chassis_smoke_probe.v0,rover_vehicle_component_demo,chassis_smoke_probe_v0,159,vehicle.chassis,core_rover_smoke_probe,terrain.core_ground,1.590,probe_chassis,logged_chassis,-0.52135,0.00000,0.48000,1.30791,0.00000,0.00000,8.00000,1407.56034,deterministic_chassis_probe_pychrono_unavailable
rover.chassis_smoke_probe.v0,rover_vehicle_component_demo,chassis_smoke_probe_v0,160,vehicle.chassis,core_rover_smoke_probe,terrain.core_ground,1.600,probe_chassis,logged_chassis,-0.50328,0.00000,0.48000,1.30956,0.00000,0.00000,8.00000,1410.02865,deterministic_chassis_probe_pychrono_unavailable
rover.chassis_smoke_probe.v0,rover_vehicle_component_demo,chassis_smoke_probe_v0,161,vehicle.chassis,core_rover_smoke_probe,terrain.core_ground,1.610,probe_chassis,logged_chassis,-0.48513,0.00000,0.48000,1.31118,0.00000,0.00000,8.00000,1412.54876,deterministic_chassis_probe_pychrono_unavailable
rover.chassis_smoke_probe.v0,rover_vehicle_component_demo,chassis_smoke_probe_v0,162,vehicle.chassis,core_rover_smoke_probe,terrain.core_ground,1.620,probe_chassis,logged_chassis,-0.46691,0.00000,0.48000,1.31280,0.00000,0.00000,8.00000,1415.11740,deterministic_chassis_probe_pychrono_unavailable
rover.chassis_smoke_probe.v0,rover_vehicle_component_demo,chassis_smoke_probe_v0,163,vehicle.chassis,core_rover_smoke_probe,terrain.core_ground,1.630,probe_chassis,logged_chassis,-0.44860,0.00000,0.48000,1.31439,0.00000,0.00000,8.00000,1417.73124,deterministic_chassis_probe_pychrono_unavailable
rover.chassis_smoke_probe.v0,rover_vehicle_component_demo,chassis_smoke_probe_v0,164,vehicle.chassis,core_rover_smoke_probe,terrain.core_ground,1.640,probe_chassis,logged_chassis,-0.43022,0.00000,0.48000,1.31597,0.00000,0.00000,8.00000,1420.38690,deterministic_chassis_probe_pychrono_unavailable
rover.chassis_smoke_probe.v0,rover_vehicle_component_demo,chassis_smoke_probe_v0,165,vehicle.chassis,core_rover_smoke_probe,terrain.core_ground,1.650,probe_chassis,logged_chassis,-0.41176,0.00000,0.48000,1.31754,0.00000,0.00000,8.00000,1423.08093,deterministic_chassis_probe_pychrono_unavailable
rover.chassis_smoke_probe.v0,rover_vehicle_component_demo,chassis_smoke_probe_v0,166,vehicle.chassis,core_rover_smoke_probe,terrain.core_ground,1.660,probe_chassis,logged_chassis,-0.39322,0.00000,0.48000,1.31908,0.00000,0.00000,8.00000,1425.80985,deterministic_chassis_probe_pychrono_unavailable
rover.chassis_smoke_probe.v0,rover_vehicle_component_demo,chassis_smoke_probe_v0,167,vehicle.chassis,core_rover_smoke_probe,terrain.core_ground,1.670,probe_chassis,logged_chassis,-0.37461,0.00000,0.48000,1.32061,0.00000,0.00000,8.00000,1428.57011,deterministic_chassis_probe_pychrono_unavailable
rover.chassis_smoke_probe.v0,rover_vehicle_component_demo,chassis_smoke_probe_v0,168,vehicle.chassis,core_rover_smoke_probe,terrain.core_ground,1.680,probe_chassis,logged_chassis,-0.35591,0.00000,0.48000,1.32212,0.00000,0.00000,8.00000,1431.35814,deterministic_chassis_probe_pychrono_unavailable
rover.chassis_smoke_probe.v0,rover_vehicle_component_demo,chassis_smoke_probe_v0,169,vehicle.chassis,core_rover_smoke_probe,terrain.core_ground,1.690,probe_chassis,logged_chassis,-0.33714,0.00000,0.48000,1.32360,0.00000,0.00000,8.00000,1434.17034,deterministic_chassis_probe_pychrono_unavailable
rover.chassis_smoke_probe.v0,rover_vehicle_component_demo,chassis_smoke_probe_v0,170,vehicle.chassis,core_rover_smoke_probe,terrain.core_ground,1.700,probe_chassis,logged_chassis,-0.31828,0.00000,0.48000,1.32507,0.00000,0.00000,8.00000,1437.00304,deterministic_chassis_probe_pychrono_unavailable
rover.chassis_smoke_probe.v0,rover_vehicle_component_demo,chassis_smoke_probe_v0,171,vehicle.chassis,core_rover_smoke_probe,terrain.core_ground,1.710,probe_chassis,logged_chassis,-0.29935,0.00000,0.48000,1.32651,0.00000,0.00000,8.00000,1439.85258,deterministic_chassis_probe_pychrono_unavailable
rover.chassis_smoke_probe.v0,rover_vehicle_component_demo,chassis_smoke_probe_v0,172,vehicle.chassis,core_rover_smoke_probe,terrain.core_ground,1.720,probe_chassis,logged_chassis,-0.28034,0.00000,0.48000,1.32793,0.00000,0.00000,8.00000,1442.71528,deterministic_chassis_probe_pychrono_unavailable
rover.chassis_smoke_probe.v0,rover_vehicle_component_demo,chassis_smoke_probe_v0,173,vehicle.chassis,core_rover_smoke_probe,terrain.core_ground,1.730,probe_chassis,logged_chassis,-0.26125,0.00000,0.48000,1.32933,0.00000,0.00000,8.00000,1445.58742,deterministic_chassis_probe_pychrono_unavailable
rover.chassis_smoke_probe.v0,rover_vehicle_component_demo,chassis_smoke_probe_v0,174,vehicle.chassis,core_rover_smoke_probe,terrain.core_ground,1.740,probe_chassis,logged_chassis,-0.24207,0.00000,0.48000,1.33070,0.00000,0.00000,8.00000,1448.46527,deterministic_chassis_probe_pychrono_unavailable
rover.chassis_smoke_probe.v0,rover_vehicle_component_demo,chassis_smoke_probe_v0,175,vehicle.chassis,core_rover_smoke_probe,terrain.core_ground,1.750,probe_chassis,logged_chassis,-0.22282,0.00000,0.48000,1.33205,0.00000,0.00000,8.00000,1451.34511,deterministic_chassis_probe_pychrono_unavailable
rover.chassis_smoke_probe.v0,rover_vehicle_component_demo,chassis_smoke_probe_v0,176,vehicle.chassis,core_rover_smoke_probe,terrain.core_ground,1.760,probe_chassis,logged_chassis,-0.20349,0.00000,0.48000,1.33337,0.00000,0.00000,8.00000,1454.22321,deterministic_chassis_probe_pychrono_unavailable
rover.chassis_smoke_probe.v0,rover_vehicle_component_demo,chassis_smoke_probe_v0,177,vehicle.chassis,core_rover_smoke_probe,terrain.core_ground,1.770,probe_chassis,logged_chassis,-0.18407,0.00000,0.48000,1.33467,0.00000,0.00000,8.00000,1457.09584,deterministic_chassis_probe_pychrono_unavailable
rover.chassis_smoke_probe.v0,rover_vehicle_component_demo,chassis_smoke_probe_v0,178,vehicle.chassis,core_rover_smoke_probe,terrain.core_ground,1.780,probe_chassis,logged_chassis,-0.16458,0.00000,0.48000,1.33594,0.00000,0.00000,8.00000,1459.95927,deterministic_chassis_probe_pychrono_unavailable
rover.chassis_smoke_probe.v0,rover_vehicle_component_demo,chassis_smoke_probe_v0,179,vehicle.chassis,core_rover_smoke_probe,terrain.core_ground,1.790,probe_chassis,logged_chassis,-0.14500,0.00000,0.48000,1.33719,0.00000,0.00000,8.00000,1462.80980,deterministic_chassis_probe_pychrono_unavailable
rover.chassis_smoke_probe.v0,rover_vehicle_component_demo,chassis_smoke_probe_v0,180,vehicle.chassis,core_rover_smoke_probe,terrain.core_ground,1.800,probe_chassis,logged_chassis,-0.12534,0.00000,0.48000,1.33840,0.00000,0.00000,8.00000,1465.64372,deterministic_chassis_probe_pychrono_unavailable
rover.chassis_smoke_probe.v0,rover_vehicle_component_demo,chassis_smoke_probe_v0,181,vehicle.chassis,core_rover_smoke_probe,terrain.core_ground,1.810,probe_chassis,logged_chassis,-0.10560,0.00000,0.48000,1.33959,0.00000,0.00000,8.00000,1468.45738,deterministic_chassis_probe_pychrono_unavailable
rover.chassis_smoke_probe.v0,rover_vehicle_component_demo,chassis_smoke_probe_v0,182,vehicle.chassis,core_rover_smoke_probe,terrain.core_ground,1.820,probe_chassis,logged_chassis,-0.08578,0.00000,0.48000,1.34075,0.00000,0.00000,8.00000,1471.24711,deterministic_chassis_probe_pychrono_unavailable
rover.chassis_smoke_probe.v0,rover_vehicle_component_demo,chassis_smoke_probe_v0,183,vehicle.chassis,core_rover_smoke_probe,terrain.core_ground,1.830,probe_chassis,logged_chassis,-0.06588,0.00000,0.48000,1.34188,0.00000,0.00000,8.00000,1474.00931,deterministic_chassis_probe_pychrono_unavailable
rover.chassis_smoke_probe.v0,rover_vehicle_component_demo,chassis_smoke_probe_v0,184,vehicle.chassis,core_rover_smoke_probe,terrain.core_ground,1.840,probe_chassis,logged_chassis,-0.04589,0.00000,0.48000,1.34298,0.00000,0.00000,8.00000,1476.74040,deterministic_chassis_probe_pychrono_unavailable
rover.chassis_smoke_probe.v0,rover_vehicle_component_demo,chassis_smoke_probe_v0,185,vehicle.chassis,core_rover_smoke_probe,terrain.core_ground,1.850,probe_chassis,logged_chassis,-0.02582,0.00000,0.48000,1.34405,0.00000,0.00000,8.00000,1479.43684,deterministic_chassis_probe_pychrono_unavailable
rover.chassis_smoke_probe.v0,rover_vehicle_component_demo,chassis_smoke_probe_v0,186,vehicle.chassis,core_rover_smoke_probe,terrain.core_ground,1.860,probe_chassis,logged_chassis,-0.00566,0.00000,0.48000,1.34509,0.00000,0.00000,8.00000,1482.09513,deterministic_chassis_probe_pychrono_unavailable
rover.chassis_smoke_probe.v0,rover_vehicle_component_demo,chassis_smoke_probe_v0,187,vehicle.chassis,core_rover_smoke_probe,terrain.core_ground,1.870,probe_chassis,logged_chassis,0.01458,0.00000,0.48000,1.34610,0.00000,0.00000,8.00000,1484.71183,deterministic_chassis_probe_pychrono_unavailable
rover.chassis_smoke_probe.v0,rover_vehicle_component_demo,chassis_smoke_probe_v0,188,vehicle.chassis,core_rover_smoke_probe,terrain.core_ground,1.880,probe_chassis,logged_chassis,0.03491,0.00000,0.48000,1.34707,0.00000,0.00000,8.00000,1487.28355,deterministic_chassis_probe_pychrono_unavailable
rover.chassis_smoke_probe.v0,rover_vehicle_component_demo,chassis_smoke_probe_v0,189,vehicle.chassis,core_rover_smoke_probe,terrain.core_ground,1.890,probe_chassis,logged_chassis,0.05532,0.00000,0.48000,1.34802,0.00000,0.00000,8.00000,1489.80696,deterministic_chassis_probe_pychrono_unavailable
rover.chassis_smoke_probe.v0,rover_vehicle_component_demo,chassis_smoke_probe_v0,190,vehicle.chassis,core_rover_smoke_probe,terrain.core_ground,1.900,probe_chassis,logged_chassis,0.07581,0.00000,0.48000,1.34893,0.00000,0.00000,8.00000,1492.27878,deterministic_chassis_probe_pychrono_unavailable
rover.chassis_smoke_probe.v0,rover_vehicle_component_demo,chassis_smoke_probe_v0,191,vehicle.chassis,core_rover_smoke_probe,terrain.core_ground,1.910,probe_chassis,logged_chassis,0.09640,0.00000,0.48000,1.34980,0.00000,0.00000,8.00000,1494.69581,deterministic_chassis_probe_pychrono_unavailable
rover.chassis_smoke_probe.v0,rover_vehicle_component_demo,chassis_smoke_probe_v0,192,vehicle.chassis,core_rover_smoke_probe,terrain.core_ground,1.920,probe_chassis,logged_chassis,0.11706,0.00000,0.48000,1.35065,0.00000,0.00000,8.00000,1497.05493,deterministic_chassis_probe_pychrono_unavailable
rover.chassis_smoke_probe.v0,rover_vehicle_component_demo,chassis_smoke_probe_v0,193,vehicle.chassis,core_rover_smoke_probe,terrain.core_ground,1.930,probe_chassis,logged_chassis,0.13782,0.00000,0.48000,1.35146,0.00000,0.00000,8.00000,1499.35306,deterministic_chassis_probe_pychrono_unavailable
rover.chassis_smoke_probe.v0,rover_vehicle_component_demo,chassis_smoke_probe_v0,194,vehicle.chassis,core_rover_smoke_probe,terrain.core_ground,1.940,probe_chassis,logged_chassis,0.15866,0.00000,0.48000,1.35223,0.00000,0.00000,8.00000,1501.58725,deterministic_chassis_probe_pychrono_unavailable
rover.chassis_smoke_probe.v0,rover_vehicle_component_demo,chassis_smoke_probe_v0,195,vehicle.chassis,core_rover_smoke_probe,terrain.core_ground,1.950,probe_chassis,logged_chassis,0.17960,0.00000,0.48000,1.35297,0.00000,0.00000,8.00000,1503.75458,deterministic_chassis_probe_pychrono_unavailable
rover.chassis_smoke_probe.v0,rover_vehicle_component_demo,chassis_smoke_probe_v0,196,vehicle.chassis,core_rover_smoke_probe,terrain.core_ground,1.960,probe_chassis,logged_chassis,0.20062,0.00000,0.48000,1.35367,0.00000,0.00000,8.00000,1505.85225,deterministic_chassis_probe_pychrono_unavailable
rover.chassis_smoke_probe.v0,rover_vehicle_component_demo,chassis_smoke_probe_v0,197,vehicle.chassis,core_rover_smoke_probe,terrain.core_ground,1.970,probe_chassis,logged_chassis,0.22172,0.00000,0.48000,1.35434,0.00000,0.00000,8.00000,1507.87755,deterministic_chassis_probe_pychrono_unavailable
rover.chassis_smoke_probe.v0,rover_vehicle_component_demo,chassis_smoke_probe_v0,198,vehicle.chassis,core_rover_smoke_probe,terrain.core_ground,1.980,probe_chassis,logged_chassis,0.24292,0.00000,0.48000,1.35497,0.00000,0.00000,8.00000,1509.82785,deterministic_chassis_probe_pychrono_unavailable
rover.chassis_smoke_probe.v0,rover_vehicle_component_demo,chassis_smoke_probe_v0,199,vehicle.chassis,core_rover_smoke_probe,terrain.core_ground,1.990,probe_chassis,logged_chassis,0.26421,0.00000,0.48000,1.35557,0.00000,0.00000,8.00000,1511.70062,deterministic_chassis_probe_pychrono_unavailable
rover.chassis_smoke_probe.v0,rover_vehicle_component_demo,chassis_smoke_probe_v0,200,vehicle.chassis,core_rover_smoke_probe,terrain.core_ground,2.000,probe_chassis,logged_chassis,0.28559,0.00000,0.48000,1.35613,0.00000,0.00000,8.00000,1513.49343,deterministic_chassis_probe_pychrono_unavailable
