schema_id,run_id,scenario_id,time_s,step_index,vehicle_model,terrain_component_id,driver_input_source,steering_cmd,throttle_cmd,braking_cmd,input_source,engine_speed_radps,engine_torque_Nm,gear,driveshaft_speed_radps,driveshaft_torque_Nm,drive_type,front_torque_fraction,brake_lock_state,source,wheel_torque_axle0_left_single_Nm,brake_torque_axle0_left_single_Nm,tire_Fx_axle0_left_single_N,tire_Fz_axle0_left_single_N,slip_ratio_axle0_left_single,contact_patch_axle0_left_single,steering_angle_axle0_left_single_rad,suspension_travel_axle0_left_single_m,wheel_load_axle0_left_single_N,wheel_torque_axle0_right_single_Nm,brake_torque_axle0_right_single_Nm,tire_Fx_axle0_right_single_N,tire_Fz_axle0_right_single_N,slip_ratio_axle0_right_single,contact_patch_axle0_right_single,steering_angle_axle0_right_single_rad,suspension_travel_axle0_right_single_m,wheel_load_axle0_right_single_N,wheel_torque_axle1_left_single_Nm,brake_torque_axle1_left_single_Nm,tire_Fx_axle1_left_single_N,tire_Fz_axle1_left_single_N,slip_ratio_axle1_left_single,contact_patch_axle1_left_single,steering_angle_axle1_left_single_rad,suspension_travel_axle1_left_single_m,wheel_load_axle1_left_single_N,wheel_torque_axle1_right_single_Nm,brake_torque_axle1_right_single_Nm,tire_Fx_axle1_right_single_N,tire_Fz_axle1_right_single_N,slip_ratio_axle1_right_single,contact_patch_axle1_right_single,steering_angle_axle1_right_single_rad,suspension_travel_axle1_right_single_m,wheel_load_axle1_right_single_N
vehicle.subsystem_probe.v1,rover_vehicle_component_demo,vehicle_subsystem_schema_contract_v1,0.000,0,core_to_vehicle_upgrade_contract,terrain.core_ground,analytic_driver_profile,0.00000,0.42000,0.00000,schema_fallback_driver,88.80000,48.30000,1,10.44706,154.56000,schema_4wd_split,0.50000,false,fallback_vehicle_schema_only_pychrono_unavailable,38.64000,0.00000,104.32800,915.00000,0.01680,patch.axle0_left_single,0.00000,0.03837,915.00000,38.64000,0.00000,104.32800,915.00000,0.01680,patch.axle0_right_single,0.00000,0.03163,915.00000,38.64000,0.00000,104.32800,875.14648,0.01680,patch.axle1_left_single,0.00000,0.03837,875.14648,38.64000,0.00000,104.32800,875.14648,0.01680,patch.axle1_right_single,0.00000,0.03163,875.14648
vehicle.subsystem_probe.v1,rover_vehicle_component_demo,vehicle_subsystem_schema_contract_v1,0.020,1,core_to_vehicle_upgrade_contract,terrain.core_ground,analytic_driver_profile,0.00576,0.42864,0.00000,schema_fallback_driver,89.14553,49.29339,1,10.48771,157.73883,schema_4wd_split,0.50000,false,fallback_vehicle_schema_only_pychrono_unavailable,39.44152,0.00000,106.49211,915.71981,0.01715,patch.axle0_left_single,0.00576,0.03849,915.71981,39.42789,0.00000,106.45532,915.71981,0.01715,patch.axle0_right_single,0.00576,0.03177,915.71981,39.44152,0.00000,106.49211,875.52328,0.01715,patch.axle1_left_single,0.00000,0.03849,875.52328,39.42789,0.00000,106.45532,875.52328,0.01715,patch.axle1_right_single,0.00000,0.03177,875.52328
vehicle.subsystem_probe.v1,rover_vehicle_component_demo,vehicle_subsystem_schema_contract_v1,0.040,2,core_to_vehicle_upgrade_contract,terrain.core_ground,analytic_driver_profile,0.01152,0.43727,0.00000,schema_fallback_driver,89.49060,50.28548,1,10.52831,160.91355,schema_4wd_split,0.50000,false,fallback_vehicle_schema_only_pychrono_unavailable,40.24228,0.00000,108.65417,916.43846,0.01749,patch.axle0_left_single,0.01152,0.03860,916.43846,40.21449,0.00000,108.57912,916.43846,0.01749,patch.axle0_right_single,0.01152,0.03192,916.43846,40.24228,0.00000,108.65417,875.87524,0.01749,patch.axle1_left_single,0.00000,0.03860,875.87524,40.21449,0.00000,108.57912,875.87524,0.01749,patch.axle1_right_single,0.00000,0.03192,875.87524
vehicle.subsystem_probe.v1,rover_vehicle_component_demo,vehicle_subsystem_schema_contract_v1,0.060,3,core_to_vehicle_upgrade_contract,terrain.core_ground,analytic_driver_profile,0.01727,0.44587,0.00000,schema_fallback_driver,89.83479,51.27501,1,10.56880,164.08003,schema_4wd_split,0.50000,false,fallback_vehicle_schema_only_pychrono_unavailable,41.04125,0.00000,110.81138,917.15482,0.01783,patch.axle0_left_single,0.01727,0.03870,917.15482,40.99876,0.00000,110.69665,917.15482,0.01783,patch.axle0_right_single,0.01727,0.03208,917.15482,41.04125,0.00000,110.81138,876.20181,0.01783,patch.axle1_left_single,0.00000,0.03870,876.20181,40.99876,0.00000,110.69665,876.20181,0.01783,patch.axle1_right_single,0.00000,0.03208,876.20181
vehicle.subsystem_probe.v1,rover_vehicle_component_demo,vehicle_subsystem_schema_contract_v1,0.080,4,core_to_vehicle_upgrade_contract,terrain.core_ground,analytic_driver_profile,0.02300,0.45444,0.00000,schema_fallback_driver,90.17763,52.26068,1,10.60913,167.23417,schema_4wd_split,0.50000,false,fallback_vehicle_schema_only_pychrono_unavailable,41.83740,0.00000,112.96097,917.86773,0.01818,patch.axle0_left_single,0.02300,0.03878,917.86773,41.77969,0.00000,112.80516,917.86773,0.01818,patch.axle0_right_single,0.02300,0.03224,917.86773,41.83740,0.00000,112.96097,876.50246,0.01818,patch.axle1_left_single,0.00000,0.03878,876.50246,41.77969,0.00000,112.80516,876.50246,0.01818,patch.axle1_right_single,0.00000,0.03224,876.50246
vehicle.subsystem_probe.v1,rover_vehicle_component_demo,vehicle_subsystem_schema_contract_v1,0.100,5,core_to_vehicle_upgrade_contract,terrain.core_ground,analytic_driver_profile,0.02873,0.46297,0.00000,schema_fallback_driver,90.51868,53.24122,1,10.64926,170.37189,schema_4wd_split,0.50000,false,fallback_vehicle_schema_only_pychrono_unavailable,42.62969,0.00000,115.10015,918.57605,0.01852,patch.axle0_left_single,0.02873,0.03885,918.57605,42.55626,0.00000,114.90190,918.57605,0.01852,patch.axle0_right_single,0.02873,0.03242,918.57605,42.62969,0.00000,115.10015,876.77670,0.01852,patch.axle1_left_single,0.00000,0.03885,876.77670,42.55626,0.00000,114.90190,876.77670,0.01852,patch.axle1_right_single,0.00000,0.03242,876.77670
vehicle.subsystem_probe.v1,rover_vehicle_component_demo,vehicle_subsystem_schema_contract_v1,0.120,6,core_to_vehicle_upgrade_contract,terrain.core_ground,analytic_driver_profile,0.03444,0.47144,0.00000,schema_fallback_driver,90.85751,54.21535,1,10.68912,173.48912,schema_4wd_split,0.50000,false,fallback_vehicle_schema_only_pychrono_unavailable,43.41709,0.00000,117.22615,919.27865,0.01886,patch.axle0_left_single,0.03444,0.03891,919.27865,43.32747,0.00000,116.98416,919.27865,0.01886,patch.axle0_right_single,0.03444,0.03261,919.27865,43.41709,0.00000,117.22615,877.02411,0.01886,patch.axle1_left_single,0.00000,0.03891,877.02411,43.32747,0.00000,116.98416,877.02411,0.01886,patch.axle1_right_single,0.00000,0.03261,877.02411
vehicle.subsystem_probe.v1,rover_vehicle_component_demo,vehicle_subsystem_schema_contract_v1,0.140,7,core_to_vehicle_upgrade_contract,terrain.core_ground,analytic_driver_profile,0.04013,0.47984,0.00000,schema_fallback_driver,91.19368,55.18182,1,10.72867,176.58182,schema_4wd_split,0.50000,false,fallback_vehicle_schema_only_pychrono_unavailable,44.19860,0.00000,119.33623,919.97440,0.01919,patch.axle0_left_single,0.04013,0.03895,919.97440,44.09231,0.00000,119.04923,919.97440,0.01919,patch.axle0_right_single,0.04013,0.03281,919.97440,44.19860,0.00000,119.33623,877.24429,0.01919,patch.axle1_left_single,0.00000,0.03895,877.24429,44.09231,0.00000,119.04923,877.24429,0.01919,patch.axle1_right_single,0.00000,0.03281,877.24429
vehicle.subsystem_probe.v1,rover_vehicle_component_demo,vehicle_subsystem_schema_contract_v1,0.160,8,core_to_vehicle_upgrade_contract,terrain.core_ground,analytic_driver_profile,0.04580,0.48817,0.00000,schema_fallback_driver,91.52674,56.13937,1,10.76785,179.64599,schema_4wd_split,0.50000,false,fallback_vehicle_schema_only_pychrono_unavailable,44.97320,0.00000,121.42764,920.66220,0.01953,patch.axle0_left_single,0.04580,0.03898,920.66220,44.84979,0.00000,121.09444,920.66220,0.01953,patch.axle0_right_single,0.04580,0.03301,920.66220,44.97320,0.00000,121.42764,877.43687,0.01953,patch.axle1_left_single,0.00000,0.03898,877.43687,44.84979,0.00000,121.09444,877.43687,0.01953,patch.axle1_right_single,0.00000,0.03301,877.43687
vehicle.subsystem_probe.v1,rover_vehicle_component_demo,vehicle_subsystem_schema_contract_v1,0.180,9,core_to_vehicle_upgrade_contract,terrain.core_ground,analytic_driver_profile,0.05144,0.49641,0.00000,schema_fallback_driver,91.85627,57.08676,1,10.80662,182.67764,schema_4wd_split,0.50000,false,fallback_vehicle_schema_only_pychrono_unavailable,45.73988,0.00000,123.49769,921.34094,0.01986,patch.axle0_left_single,0.05144,0.03900,921.34094,45.59894,0.00000,123.11713,921.34094,0.01986,patch.axle0_right_single,0.05144,0.03322,921.34094,45.73988,0.00000,123.49769,877.60156,0.01986,patch.axle1_left_single,0.00000,0.03900,877.60156,45.59894,0.00000,123.11713,877.60156,0.01986,patch.axle1_right_single,0.00000,0.03322,877.60156
vehicle.subsystem_probe.v1,rover_vehicle_component_demo,vehicle_subsystem_schema_contract_v1,0.200,10,core_to_vehicle_upgrade_contract,terrain.core_ground,analytic_driver_profile,0.05705,0.50455,0.00000,schema_fallback_driver,92.18183,58.02277,1,10.84492,185.67286,schema_4wd_split,0.50000,false,fallback_vehicle_schema_only_pychrono_unavailable,46.49766,0.00000,125.54368,922.00953,0.02018,patch.axle0_left_single,0.05705,0.03900,922.00953,46.33877,0.00000,125.11468,922.00953,0.02018,patch.axle0_right_single,0.05705,0.03344,922.00953,46.49766,0.00000,125.54368,877.73810,0.02018,patch.axle1_left_single,0.00000,0.03900,877.73810,46.33877,0.00000,125.11468,877.73810,0.02018,patch.axle1_right_single,0.00000,0.03344,877.73810
vehicle.subsystem_probe.v1,rover_vehicle_component_demo,vehicle_subsystem_schema_contract_v1,0.220,11,core_to_vehicle_upgrade_contract,terrain.core_ground,analytic_driver_profile,0.06263,0.51258,0.00000,schema_fallback_driver,92.50302,58.94618,1,10.88271,188.62776,schema_4wd_split,0.50000,false,fallback_vehicle_schema_only_pychrono_unavailable,47.24554,0.00000,127.56295,922.66691,0.02050,patch.axle0_left_single,0.06263,0.03898,922.66691,47.06834,0.00000,127.08452,922.66691,0.02050,patch.axle0_right_single,0.06263,0.03367,922.66691,47.24554,0.00000,127.56295,877.84625,0.02050,patch.axle1_left_single,0.00000,0.03898,877.84625,47.06834,0.00000,127.08452,877.84625,0.02050,patch.axle1_right_single,0.00000,0.03367,877.84625
vehicle.subsystem_probe.v1,rover_vehicle_component_demo,vehicle_subsystem_schema_contract_v1,0.240,12,core_to_vehicle_upgrade_contract,terrain.core_ground,analytic_driver_profile,0.06817,0.52049,0.00000,schema_fallback_driver,92.81940,59.85579,1,10.91993,191.53852,schema_4wd_split,0.50000,false,fallback_vehicle_schema_only_pychrono_unavailable,47.98256,0.00000,129.55290,923.31203,0.02082,patch.axle0_left_single,0.06817,0.03896,923.31203,47.78670,0.00000,129.02410,923.31203,0.02082,patch.axle0_right_single,0.06817,0.03389,923.31203,47.98256,0.00000,129.55290,877.92586,0.02082,patch.axle1_left_single,0.00000,0.03896,877.92586,47.78670,0.00000,129.02410,877.92586,0.02082,patch.axle1_right_single,0.00000,0.03389,877.92586
vehicle.subsystem_probe.v1,rover_vehicle_component_demo,vehicle_subsystem_schema_contract_v1,0.260,13,core_to_vehicle_upgrade_contract,terrain.core_ground,analytic_driver_profile,0.07367,0.52826,0.00000,schema_fallback_driver,93.13058,60.75042,1,10.95654,194.40135,schema_4wd_split,0.50000,false,fallback_vehicle_schema_only_pychrono_unavailable,48.70775,0.00000,131.51093,923.94384,0.02113,patch.axle0_left_single,0.07367,0.03891,923.94384,48.49292,0.00000,130.93090,923.94384,0.02113,patch.axle0_right_single,0.07367,0.03413,923.94384,48.70775,0.00000,131.51093,877.97678,0.02113,patch.axle1_left_single,0.00000,0.03891,877.97678,48.49292,0.00000,130.93090,877.97678,0.02113,patch.axle1_right_single,0.00000,0.03413,877.97678
vehicle.subsystem_probe.v1,rover_vehicle_component_demo,vehicle_subsystem_schema_contract_v1,0.280,14,core_to_vehicle_upgrade_contract,terrain.core_ground,analytic_driver_profile,0.07913,0.53590,0.00000,schema_fallback_driver,93.43615,61.62892,1,10.99249,197.21256,schema_4wd_split,0.50000,false,fallback_vehicle_schema_only_pychrono_unavailable,49.42018,0.00000,133.43449,924.56135,0.02144,patch.axle0_left_single,0.07913,0.03886,924.56135,49.18610,0.00000,132.80246,924.56135,0.02144,patch.axle0_right_single,0.07913,0.03436,924.56135,49.42018,0.00000,133.43449,877.99895,0.02144,patch.axle1_left_single,0.00000,0.03886,877.99895,49.18610,0.00000,132.80246,877.99895,0.02144,patch.axle1_right_single,0.00000,0.03436,877.99895
vehicle.subsystem_probe.v1,rover_vehicle_component_demo,vehicle_subsystem_schema_contract_v1,0.300,15,core_to_vehicle_upgrade_contract,terrain.core_ground,analytic_driver_profile,0.08455,0.54339,0.00000,schema_fallback_driver,93.73571,62.49015,1,11.02773,199.96849,schema_4wd_split,0.50000,false,fallback_vehicle_schema_only_pychrono_unavailable,50.11892,0.00000,135.32109,925.16356,0.02174,patch.axle0_left_single,0.08455,0.03879,925.16356,49.86532,0.00000,134.63637,925.16356,0.02174,patch.axle0_right_single,0.08455,0.03460,925.16356,50.11892,0.00000,135.32109,877.99232,0.02174,patch.axle1_left_single,0.00000,0.03879,877.99232,49.86532,0.00000,134.63637,877.99232,0.02174,patch.axle1_right_single,0.00000,0.03460,877.99232
vehicle.subsystem_probe.v1,rover_vehicle_component_demo,vehicle_subsystem_schema_contract_v1,0.320,16,core_to_vehicle_upgrade_contract,terrain.core_ground,analytic_driver_profile,0.08991,0.55072,0.00000,schema_fallback_driver,94.02887,63.33299,1,11.06222,202.66558,schema_4wd_split,0.50000,false,fallback_vehicle_schema_only_pychrono_unavailable,50.80306,0.00000,137.16826,925.74952,0.02203,patch.axle0_left_single,0.08991,0.03870,925.74952,50.52973,0.00000,136.43027,925.74952,0.02203,patch.axle0_right_single,0.08991,0.03484,925.74952,50.80306,0.00000,137.16826,877.95691,0.02203,patch.axle1_left_single,0.00000,0.03870,877.95691,50.52973,0.00000,136.43027,877.95691,0.02203,patch.axle1_right_single,0.00000,0.03484,877.95691
vehicle.subsystem_probe.v1,rover_vehicle_component_demo,vehicle_subsystem_schema_contract_v1,0.340,17,core_to_vehicle_upgrade_contract,terrain.core_ground,analytic_driver_profile,0.09523,0.55788,0.00000,schema_fallback_driver,94.31525,64.15635,1,11.09591,205.30034,schema_4wd_split,0.50000,false,fallback_vehicle_schema_only_pychrono_unavailable,51.47171,0.00000,138.97361,926.31827,0.02232,patch.axle0_left_single,0.09523,0.03860,926.31827,51.17846,0.00000,138.18184,926.31827,0.02232,patch.axle0_right_single,0.09523,0.03508,926.31827,51.47171,0.00000,138.97361,877.89278,0.02232,patch.axle1_left_single,0.00000,0.03860,877.89278,51.17846,0.00000,138.18184,877.89278,0.02232,patch.axle1_right_single,0.00000,0.03508,877.89278
vehicle.subsystem_probe.v1,rover_vehicle_component_demo,vehicle_subsystem_schema_contract_v1,0.360,18,core_to_vehicle_upgrade_contract,terrain.core_ground,analytic_driver_profile,0.10049,0.56486,0.00000,schema_fallback_driver,94.59449,64.95917,1,11.12876,207.86934,schema_4wd_split,0.50000,false,fallback_vehicle_schema_only_pychrono_unavailable,52.12399,0.00000,140.73478,926.86892,0.02259,patch.axle0_left_single,0.10049,0.03849,926.86892,51.81068,0.00000,139.88882,926.86892,0.02259,patch.axle0_right_single,0.10049,0.03532,926.86892,52.12399,0.00000,140.73478,877.80002,0.02259,patch.axle1_left_single,0.00000,0.03849,877.80002,51.81068,0.00000,139.88882,877.80002,0.02259,patch.axle1_right_single,0.00000,0.03532,877.80002
vehicle.subsystem_probe.v1,rover_vehicle_component_demo,vehicle_subsystem_schema_contract_v1,0.380,19,core_to_vehicle_upgrade_contract,terrain.core_ground,analytic_driver_profile,0.10569,0.57166,0.00000,schema_fallback_driver,94.86622,65.74039,1,11.16073,210.36926,schema_4wd_split,0.50000,false,fallback_vehicle_schema_only_pychrono_unavailable,52.75906,0.00000,142.44947,927.40059,0.02287,patch.axle0_left_single,0.10569,0.03837,927.40059,52.42557,0.00000,141.54903,927.40059,0.02287,patch.axle0_right_single,0.10569,0.03556,927.40059,52.75906,0.00000,142.44947,877.67878,0.02287,patch.axle1_left_single,0.00000,0.03837,877.67878,52.42557,0.00000,141.54903,877.67878,0.02287,patch.axle1_right_single,0.00000,0.03556,877.67878
vehicle.subsystem_probe.v1,rover_vehicle_component_demo,vehicle_subsystem_schema_contract_v1,0.400,20,core_to_vehicle_upgrade_contract,terrain.core_ground,analytic_driver_profile,0.11083,0.57825,0.00000,schema_fallback_driver,95.13009,66.49902,1,11.19178,212.79685,schema_4wd_split,0.50000,false,fallback_vehicle_schema_only_pychrono_unavailable,53.37609,0.00000,144.11545,927.91241,0.02313,patch.axle0_left_single,0.11083,0.03823,927.91241,53.02234,0.00000,143.16031,927.91241,0.02313,patch.axle0_right_single,0.11083,0.03579,927.91241,53.37609,0.00000,144.11545,877.52926,0.02313,patch.axle1_left_single,0.00000,0.03823,877.52926,53.02234,0.00000,143.16031,877.52926,0.02313,patch.axle1_right_single,0.00000,0.03579,877.52926
vehicle.subsystem_probe.v1,rover_vehicle_component_demo,vehicle_subsystem_schema_contract_v1,0.420,21,core_to_vehicle_upgrade_contract,terrain.core_ground,analytic_driver_profile,0.11590,0.58464,0.00000,schema_fallback_driver,95.38576,67.23406,1,11.22185,215.14899,schema_4wd_split,0.50000,false,fallback_vehicle_schema_only_pychrono_unavailable,53.97427,0.00000,145.73053,928.40358,0.02339,patch.axle0_left_single,0.11590,0.03809,928.40358,53.60022,0.00000,144.72060,928.40358,0.02339,patch.axle0_right_single,0.11590,0.03603,928.40358,53.97427,0.00000,145.73053,877.35169,0.02339,patch.axle1_left_single,0.00000,0.03809,877.35169,53.60022,0.00000,144.72060,877.35169,0.02339,patch.axle1_right_single,0.00000,0.03603,877.35169
vehicle.subsystem_probe.v1,rover_vehicle_component_demo,vehicle_subsystem_schema_contract_v1,0.440,22,core_to_vehicle_upgrade_contract,terrain.core_ground,analytic_driver_profile,0.12091,0.59082,0.00000,schema_fallback_driver,95.63289,67.94456,1,11.25093,217.42260,schema_4wd_split,0.50000,false,fallback_vehicle_schema_only_pychrono_unavailable,54.55282,0.00000,147.29262,928.87330,0.02363,patch.axle0_left_single,0.12091,0.03793,928.87330,54.15848,0.00000,146.22790,928.87330,0.02363,patch.axle0_right_single,0.12091,0.03626,928.87330,54.55282,0.00000,147.29262,877.14637,0.02363,patch.axle1_left_single,0.00000,0.03793,877.14637,54.15848,0.00000,146.22790,877.14637,0.02363,patch.axle1_right_single,0.00000,0.03626,877.14637
vehicle.subsystem_probe.v1,rover_vehicle_component_demo,vehicle_subsystem_schema_contract_v1,0.460,23,core_to_vehicle_upgrade_contract,terrain.core_ground,analytic_driver_profile,0.12585,0.59678,0.00000,schema_fallback_driver,95.87117,68.62961,1,11.27896,219.61476,schema_4wd_split,0.50000,false,fallback_vehicle_schema_only_pychrono_unavailable,55.11098,0.00000,148.79966,929.32083,0.02387,patch.axle0_left_single,0.12585,0.03776,929.32083,54.69639,0.00000,147.68026,929.32083,0.02387,patch.axle0_right_single,0.12585,0.03648,929.32083,55.11098,0.00000,148.79966,876.91362,0.02387,patch.axle1_left_single,0.00000,0.03776,876.91362,54.69639,0.00000,147.68026,876.91362,0.02387,patch.axle1_right_single,0.00000,0.03648,876.91362
vehicle.subsystem_probe.v1,rover_vehicle_component_demo,vehicle_subsystem_schema_contract_v1,0.480,24,core_to_vehicle_upgrade_contract,terrain.core_ground,analytic_driver_profile,0.13072,0.60251,0.00000,schema_fallback_driver,96.10028,69.28832,1,11.30592,221.72261,schema_4wd_split,0.50000,false,fallback_vehicle_schema_only_pychrono_unavailable,55.64803,0.00000,150.24969,929.74545,0.02410,patch.axle0_left_single,0.13072,0.03758,929.74545,55.21327,0.00000,149.07584,929.74545,0.02410,patch.axle0_right_single,0.13072,0.03670,929.74545,55.64803,0.00000,150.24969,876.65381,0.02410,patch.axle1_left_single,0.00000,0.03758,876.65381,55.21327,0.00000,149.07584,876.65381,0.02410,patch.axle1_right_single,0.00000,0.03670,876.65381
vehicle.subsystem_probe.v1,rover_vehicle_component_demo,vehicle_subsystem_schema_contract_v1,0.500,25,core_to_vehicle_upgrade_contract,terrain.core_ground,analytic_driver_profile,0.13551,0.60800,0.00000,schema_fallback_driver,96.31994,69.91982,1,11.33176,223.74343,schema_4wd_split,0.50000,false,fallback_vehicle_schema_only_pychrono_unavailable,56.16326,0.00000,151.64081,930.14648,0.02432,patch.axle0_left_single,0.13551,0.03739,930.14648,55.70846,0.00000,150.41283,930.14648,0.02432,patch.axle0_right_single,0.13551,0.03692,930.14648,56.16326,0.00000,151.64081,876.36735,0.02432,patch.axle1_left_single,0.00000,0.03739,876.36735,55.70846,0.00000,150.41283,876.36735,0.02432,patch.axle1_right_single,0.00000,0.03692,876.36735
vehicle.subsystem_probe.v1,rover_vehicle_component_demo,vehicle_subsystem_schema_contract_v1,0.520,26,core_to_vehicle_upgrade_contract,terrain.core_ground,analytic_driver_profile,0.14023,0.61325,0.00000,schema_fallback_driver,96.52985,70.52331,1,11.35645,225.67460,schema_4wd_split,0.50000,false,fallback_vehicle_schema_only_pychrono_unavailable,56.65600,0.00000,152.97119,930.52328,0.02453,patch.axle0_left_single,0.14023,0.03720,930.52328,56.18130,0.00000,151.68952,930.52328,0.02453,patch.axle0_right_single,0.14023,0.03712,930.52328,56.65600,0.00000,152.97119,876.05472,0.02453,patch.axle1_left_single,0.00000,0.03720,876.05472,56.18130,0.00000,151.68952,876.05472,0.02453,patch.axle1_right_single,0.00000,0.03712,876.05472
vehicle.subsystem_probe.v1,rover_vehicle_component_demo,vehicle_subsystem_schema_contract_v1,0.540,27,core_to_vehicle_upgrade_contract,terrain.core_ground,analytic_driver_profile,0.14486,0.61824,0.00000,schema_fallback_driver,96.72974,71.09800,1,11.37997,227.51361,schema_4wd_split,0.50000,false,fallback_vehicle_schema_only_pychrono_unavailable,57.12559,0.00000,154.23909,930.87524,0.02473,patch.axle0_left_single,0.14486,0.03699,930.87524,56.63122,0.00000,152.90429,930.87524,0.02473,patch.axle0_right_single,0.14486,0.03732,930.87524,57.12559,0.00000,154.23909,875.71639,0.02473,patch.axle1_left_single,0.00000,0.03699,875.71639,56.63122,0.00000,152.90429,875.71639,0.02473,patch.axle1_right_single,0.00000,0.03732,875.71639
vehicle.subsystem_probe.v1,rover_vehicle_component_demo,vehicle_subsystem_schema_contract_v1,0.560,28,core_to_vehicle_upgrade_contract,terrain.core_ground,analytic_driver_profile,0.14941,0.62298,0.00000,schema_fallback_driver,96.91936,71.64315,1,11.40228,229.25809,schema_4wd_split,0.50000,false,fallback_vehicle_schema_only_pychrono_unavailable,57.57143,0.00000,155.44286,931.20181,0.02492,patch.axle0_left_single,0.14941,0.03678,931.20181,57.05762,0.00000,154.05557,931.20181,0.02492,patch.axle0_right_single,0.14941,0.03752,931.20181,57.57143,0.00000,155.44286,875.35293,0.02492,patch.axle1_left_single,0.00000,0.03678,875.35293,57.05762,0.00000,154.05557,875.35293,0.02492,patch.axle1_right_single,0.00000,0.03752,875.35293
vehicle.subsystem_probe.v1,rover_vehicle_component_demo,vehicle_subsystem_schema_contract_v1,0.580,29,core_to_vehicle_upgrade_contract,terrain.core_ground,analytic_driver_profile,0.15388,0.62746,0.00000,schema_fallback_driver,97.09845,72.15805,1,11.42335,230.90577,schema_4wd_split,0.50000,false,fallback_vehicle_schema_only_pychrono_unavailable,57.99292,0.00000,156.58090,931.50246,0.02510,patch.axle0_left_single,0.15388,0.03656,931.50246,57.45996,0.00000,155.14189,931.50246,0.02510,patch.axle0_right_single,0.15388,0.03770,931.50246,57.99292,0.00000,156.58090,874.96490,0.02510,patch.axle1_left_single,0.00000,0.03656,874.96490,57.45996,0.00000,155.14189,874.96490,0.02510,patch.axle1_right_single,0.00000,0.03770,874.96490
vehicle.subsystem_probe.v1,rover_vehicle_component_demo,vehicle_subsystem_schema_contract_v1,0.600,30,core_to_vehicle_upgrade_contract,terrain.core_ground,analytic_driver_profile,0.15825,0.63167,0.00000,schema_fallback_driver,97.26679,72.64204,1,11.44315,232.45451,schema_4wd_split,0.50000,false,fallback_vehicle_schema_only_pychrono_unavailable,58.38953,0.00000,157.65172,931.77670,0.02527,patch.axle0_left_single,0.15825,0.03634,931.77670,57.83773,0.00000,156.16187,931.77670,0.02527,patch.axle0_right_single,0.15825,0.03787,931.77670,58.38953,0.00000,157.65172,874.55294,0.02527,patch.axle1_left_single,0.00000,0.03634,874.55294,57.83773,0.00000,156.16187,874.55294,0.02527,patch.axle1_right_single,0.00000,0.03787,874.55294
vehicle.subsystem_probe.v1,rover_vehicle_component_demo,vehicle_subsystem_schema_contract_v1,0.620,31,core_to_vehicle_upgrade_contract,terrain.core_ground,analytic_driver_profile,0.16254,0.63560,0.00000,schema_fallback_driver,97.42416,73.09447,1,11.46167,233.90232,schema_4wd_split,0.50000,false,fallback_vehicle_schema_only_pychrono_unavailable,58.76071,0.00000,158.65392,932.02411,0.02542,patch.axle0_left_single,0.16254,0.03611,932.02411,58.19045,0.00000,157.11421,932.02411,0.02542,patch.axle0_right_single,0.16254,0.03803,932.02411,58.76071,0.00000,158.65392,874.11769,0.02542,patch.axle1_left_single,0.00000,0.03611,874.11769,58.19045,0.00000,157.11421,874.11769,0.02542,patch.axle1_right_single,0.00000,0.03803,874.11769
vehicle.subsystem_probe.v1,rover_vehicle_component_demo,vehicle_subsystem_schema_contract_v1,0.640,32,core_to_vehicle_upgrade_contract,terrain.core_ground,analytic_driver_profile,0.16673,0.63926,0.00000,schema_fallback_driver,97.57036,73.51478,1,11.47887,235.24731,schema_4wd_split,0.50000,false,fallback_vehicle_schema_only_pychrono_unavailable,59.10599,0.00000,159.58618,932.24429,0.02557,patch.axle0_left_single,0.16673,0.03588,932.24429,58.51766,0.00000,157.99768,932.24429,0.02557,patch.axle0_right_single,0.16673,0.03818,932.24429,59.10599,0.00000,159.58618,873.65985,0.02557,patch.axle1_left_single,0.00000,0.03588,873.65985,58.51766,0.00000,157.99768,873.65985,0.02557,patch.axle1_right_single,0.00000,0.03818,873.65985
vehicle.subsystem_probe.v1,rover_vehicle_component_demo,vehicle_subsystem_schema_contract_v1,0.660,33,core_to_vehicle_upgrade_contract,terrain.core_ground,analytic_driver_profile,0.17082,0.64263,0.00000,schema_fallback_driver,97.70519,73.90242,1,11.49473,236.48773,schema_4wd_split,0.50000,false,fallback_vehicle_schema_only_pychrono_unavailable,59.42491,0.00000,160.44727,932.43687,0.02571,patch.axle0_left_single,0.17082,0.03564,932.43687,58.81895,0.00000,158.81117,932.43687,0.02571,patch.axle0_right_single,0.17082,0.03832,932.43687,59.42491,0.00000,160.44727,873.18017,0.02571,patch.axle1_left_single,0.00000,0.03564,873.18017,58.81895,0.00000,158.81117,873.18017,0.02571,patch.axle1_right_single,0.00000,0.03832,873.18017
vehicle.subsystem_probe.v1,rover_vehicle_component_demo,vehicle_subsystem_schema_contract_v1,0.680,34,core_to_vehicle_upgrade_contract,terrain.core_ground,analytic_driver_profile,0.17482,0.64571,0.00000,schema_fallback_driver,97.82848,74.25687,1,11.50923,237.62199,schema_4wd_split,0.50000,false,fallback_vehicle_schema_only_pychrono_unavailable,59.71705,0.00000,161.23605,932.60156,0.02583,patch.axle0_left_single,0.17482,0.03541,932.60156,59.09394,0.00000,159.55365,932.60156,0.02583,patch.axle0_right_single,0.17482,0.03845,932.60156,59.71705,0.00000,161.23605,872.67939,0.02583,patch.axle1_left_single,0.00000,0.03541,872.67939,59.09394,0.00000,159.55365,872.67939,0.02583,patch.axle1_right_single,0.00000,0.03845,872.67939
vehicle.subsystem_probe.v1,rover_vehicle_component_demo,vehicle_subsystem_schema_contract_v1,0.700,35,core_to_vehicle_upgrade_contract,terrain.core_ground,analytic_driver_profile,0.17871,0.64850,0.00000,schema_fallback_driver,97.94007,74.57769,1,11.52236,238.64862,schema_4wd_split,0.50000,false,fallback_vehicle_schema_only_pychrono_unavailable,59.98203,0.00000,161.95148,932.73810,0.02594,patch.axle0_left_single,0.17871,0.03517,932.73810,59.34228,0.00000,160.22416,932.73810,0.02594,patch.axle0_right_single,0.17871,0.03856,932.73810,59.98203,0.00000,161.95148,872.15834,0.02594,patch.axle1_left_single,0.00000,0.03517,872.15834,59.34228,0.00000,160.22416,872.15834,0.02594,patch.axle1_right_single,0.00000,0.03856,872.15834
vehicle.subsystem_probe.v1,rover_vehicle_component_demo,vehicle_subsystem_schema_contract_v1,0.720,36,core_to_vehicle_upgrade_contract,terrain.core_ground,analytic_driver_profile,0.18251,0.65100,0.00000,schema_fallback_driver,98.03981,74.86446,1,11.53410,239.56628,schema_4wd_split,0.50000,false,fallback_vehicle_schema_only_pychrono_unavailable,60.21949,0.00000,162.59262,932.84625,0.02604,patch.axle0_left_single,0.18251,0.03493,932.84625,59.56365,0.00000,160.82186,932.84625,0.02604,patch.axle0_right_single,0.18251,0.03867,932.84625,60.21949,0.00000,162.59262,871.61783,0.02604,patch.axle1_left_single,0.00000,0.03493,871.61783,59.56365,0.00000,160.82186,871.61783,0.02604,patch.axle1_right_single,0.00000,0.03867,871.61783
vehicle.subsystem_probe.v1,rover_vehicle_component_demo,vehicle_subsystem_schema_contract_v1,0.740,37,core_to_vehicle_upgrade_contract,terrain.core_ground,analytic_driver_profile,0.18619,0.65319,0.00000,schema_fallback_driver,98.12758,75.11681,1,11.54442,240.37378,schema_4wd_split,0.50000,false,fallback_vehicle_schema_only_pychrono_unavailable,60.42912,0.00000,163.15862,932.92586,0.02613,patch.axle0_left_single,0.18619,0.03469,932.92586,59.75777,0.00000,161.34598,932.92586,0.02613,patch.axle0_right_single,0.18619,0.03876,932.92586,60.42912,0.00000,163.15862,871.05874,0.02613,patch.axle1_left_single,0.00000,0.03469,871.05874,59.75777,0.00000,161.34598,871.05874,0.02613,patch.axle1_right_single,0.00000,0.03876,871.05874
vehicle.subsystem_probe.v1,rover_vehicle_component_demo,vehicle_subsystem_schema_contract_v1,0.760,38,core_to_vehicle_upgrade_contract,terrain.core_ground,analytic_driver_profile,0.18978,0.65508,0.00000,schema_fallback_driver,98.20327,75.33440,1,11.55333,241.07008,schema_4wd_split,0.50000,false,fallback_vehicle_schema_only_pychrono_unavailable,60.61064,0.00000,163.64872,932.97678,0.02620,patch.axle0_left_single,0.18978,0.03445,932.97678,59.92440,0.00000,161.79588,932.97678,0.02620,patch.axle0_right_single,0.18978,0.03883,932.97678,60.61064,0.00000,163.64872,870.48195,0.02620,patch.axle1_left_single,0.00000,0.03445,870.48195,59.92440,0.00000,161.79588,870.48195,0.02620,patch.axle1_right_single,0.00000,0.03883,870.48195
vehicle.subsystem_probe.v1,rover_vehicle_component_demo,vehicle_subsystem_schema_contract_v1,0.780,39,core_to_vehicle_upgrade_contract,terrain.core_ground,analytic_driver_profile,0.19325,0.65667,0.00000,schema_fallback_driver,98.26677,75.51696,1,11.56080,241.65427,schema_4wd_split,0.50000,false,fallback_vehicle_schema_only_pychrono_unavailable,60.76381,0.00000,164.06228,932.99895,0.02627,patch.axle0_left_single,0.19325,0.03421,932.99895,60.06333,0.00000,162.17098,932.99895,0.02627,patch.axle0_right_single,0.19325,0.03889,932.99895,60.76381,0.00000,164.06228,869.88840,0.02627,patch.axle1_left_single,0.00000,0.03421,869.88840,60.06333,0.00000,162.17098,869.88840,0.02627,patch.axle1_right_single,0.00000,0.03889,869.88840
vehicle.subsystem_probe.v1,rover_vehicle_component_demo,vehicle_subsystem_schema_contract_v1,0.800,40,core_to_vehicle_upgrade_contract,terrain.core_ground,analytic_driver_profile,0.19661,0.65795,0.00000,schema_fallback_driver,98.31800,75.66425,1,11.56682,242.12560,schema_4wd_split,0.50000,false,fallback_vehicle_schema_only_pychrono_unavailable,60.88843,0.00000,164.39875,932.99232,0.02632,patch.axle0_left_single,0.19661,0.03398,932.99232,60.17438,0.00000,162.47081,932.99232,0.02632,patch.axle0_right_single,0.19661,0.03894,932.99232,60.88843,0.00000,164.39875,869.27902,0.02632,patch.axle1_left_single,0.00000,0.03398,869.27902,60.17438,0.00000,162.47081,869.27902,0.02632,patch.axle1_right_single,0.00000,0.03894,869.27902
vehicle.subsystem_probe.v1,rover_vehicle_component_demo,vehicle_subsystem_schema_contract_v1,0.820,41,core_to_vehicle_upgrade_contract,terrain.core_ground,analytic_driver_profile,0.19985,0.65892,0.00000,schema_fallback_driver,98.35690,75.77608,1,11.57140,242.48346,schema_4wd_split,0.50000,false,fallback_vehicle_schema_only_pychrono_unavailable,60.98432,0.00000,164.65767,932.95691,0.02636,patch.axle0_left_single,0.19985,0.03375,932.95691,60.25741,0.00000,162.69500,932.95691,0.02636,patch.axle0_right_single,0.19985,0.03898,932.95691,60.98432,0.00000,164.65767,868.65481,0.02636,patch.axle1_left_single,0.00000,0.03375,868.65481,60.25741,0.00000,162.69500,868.65481,0.02636,patch.axle1_right_single,0.00000,0.03898,868.65481
vehicle.subsystem_probe.v1,rover_vehicle_component_demo,vehicle_subsystem_schema_contract_v1,0.840,42,core_to_vehicle_upgrade_contract,terrain.core_ground,analytic_driver_profile,0.20298,0.65959,0.00352,schema_fallback_driver,98.38341,75.72911,1,11.57452,242.33316,schema_4wd_split,0.50000,false,fallback_vehicle_schema_only_pychrono_unavailable,60.95221,0.31679,164.12747,932.89278,0.02631,patch.axle0_left_single,0.20298,0.03352,932.89278,60.21437,0.31679,162.13529,932.89278,0.02631,patch.axle0_right_single,0.20298,0.03899,932.89278,60.95221,0.31679,164.12747,868.01674,0.02631,patch.axle1_left_single,0.00000,0.03352,868.01674,60.21437,0.31679,162.13529,868.01674,0.02631,patch.axle1_right_single,0.00000,0.03899,868.01674
vehicle.subsystem_probe.v1,rover_vehicle_component_demo,vehicle_subsystem_schema_contract_v1,0.860,43,core_to_vehicle_upgrade_contract,terrain.core_ground,analytic_driver_profile,0.20600,0.65994,0.01407,schema_fallback_driver,98.39751,75.40037,1,11.57618,241.28117,schema_4wd_split,0.50000,false,fallback_vehicle_schema_only_pychrono_unavailable,60.69307,1.26634,162.09842,932.80002,0.02612,patch.axle0_left_single,0.20600,0.03330,932.80002,59.94752,1.26634,160.08542,932.80002,0.02612,patch.axle0_right_single,0.20600,0.03900,932.80002,60.69307,1.26634,162.09842,867.36586,0.02612,patch.axle1_left_single,0.00000,0.03330,867.36586,59.94752,1.26634,160.08542,867.36586,0.02612,patch.axle1_right_single,0.00000,0.03900,867.36586
vehicle.subsystem_probe.v1,rover_vehicle_component_demo,vehicle_subsystem_schema_contract_v1,0.880,44,core_to_vehicle_upgrade_contract,terrain.core_ground,analytic_driver_profile,0.20889,0.65998,0.02459,schema_fallback_driver,98.39916,75.03700,1,11.57637,240.11839,schema_4wd_split,0.50000,false,fallback_vehicle_schema_only_pychrono_unavailable,60.40579,2.21297,159.99749,932.67878,0.02591,patch.axle0_left_single,0.20889,0.03309,932.67878,59.65340,2.21297,157.96603,932.67878,0.02591,patch.axle0_right_single,0.20889,0.03899,932.67878,60.40579,2.21297,159.99749,866.70318,0.02591,patch.axle1_left_single,0.00000,0.03309,866.70318,59.65340,2.21297,157.96603,866.70318,0.02591,patch.axle1_right_single,0.00000,0.03899,866.70318
vehicle.subsystem_probe.v1,rover_vehicle_component_demo,vehicle_subsystem_schema_contract_v1,0.900,45,core_to_vehicle_upgrade_contract,terrain.core_ground,analytic_driver_profile,0.21167,0.65971,0.03505,schema_fallback_driver,98.38838,74.63985,1,11.57510,238.84751,schema_4wd_split,0.50000,false,fallback_vehicle_schema_only_pychrono_unavailable,60.09105,3.15450,157.82954,932.52926,0.02569,patch.axle0_left_single,0.21167,0.03288,932.52926,59.33270,3.15450,155.78199,932.52926,0.02569,patch.axle0_right_single,0.21167,0.03897,932.52926,60.09105,3.15450,157.82954,866.02979,0.02569,patch.axle1_left_single,0.00000,0.03288,866.02979,59.33270,3.15450,155.78199,866.02979,0.02569,patch.axle1_right_single,0.00000,0.03897,866.02979
vehicle.subsystem_probe.v1,rover_vehicle_component_demo,vehicle_subsystem_schema_contract_v1,0.920,46,core_to_vehicle_upgrade_contract,terrain.core_ground,analytic_driver_profile,0.21432,0.65913,0.04543,schema_fallback_driver,98.36517,74.20980,1,11.57237,237.47136,schema_4wd_split,0.50000,false,fallback_vehicle_schema_only_pychrono_unavailable,59.74956,4.08877,155.59953,932.35169,0.02546,patch.axle0_left_single,0.21432,0.03268,932.35169,58.98612,4.08877,153.53826,932.35169,0.02546,patch.axle0_right_single,0.21432,0.03893,932.35169,59.74956,4.08877,155.59953,865.34674,0.02546,patch.axle1_left_single,0.00000,0.03268,865.34674,58.98612,4.08877,153.53826,865.34674,0.02546,patch.axle1_right_single,0.00000,0.03893,865.34674
vehicle.subsystem_probe.v1,rover_vehicle_component_demo,vehicle_subsystem_schema_contract_v1,0.940,47,core_to_vehicle_upgrade_contract,terrain.core_ground,analytic_driver_profile,0.21685,0.65824,0.05571,schema_fallback_driver,98.32957,73.74778,1,11.56819,235.99290,schema_4wd_split,0.50000,false,fallback_vehicle_schema_only_pychrono_unavailable,59.38204,5.01362,153.31246,932.14637,0.02522,patch.axle0_left_single,0.21685,0.03249,932.14637,58.61441,5.01362,151.23983,932.14637,0.02522,patch.axle0_right_single,0.21685,0.03888,932.14637,59.38204,5.01362,153.31246,864.65515,0.02522,patch.axle1_left_single,0.00000,0.03249,864.65515,58.61441,5.01362,151.23983,864.65515,0.02522,patch.axle1_right_single,0.00000,0.03888,864.65515
vehicle.subsystem_probe.v1,rover_vehicle_component_demo,vehicle_subsystem_schema_contract_v1,0.960,48,core_to_vehicle_upgrade_contract,terrain.core_ground,analytic_driver_profile,0.21926,0.65704,0.06585,schema_fallback_driver,98.28162,73.25475,1,11.56254,234.41520,schema_4wd_split,0.50000,false,fallback_vehicle_schema_only_pychrono_unavailable,58.98928,5.92692,150.97338,931.91362,0.02496,patch.axle0_left_single,0.21926,0.03231,931.91362,58.21832,5.92692,148.89178,931.91362,0.02496,patch.axle0_right_single,0.21926,0.03881,931.91362,58.98928,5.92692,150.97338,863.95611,0.02496,patch.axle1_left_single,0.00000,0.03231,863.95611,58.21832,5.92692,148.89178,863.95611,0.02496,patch.axle1_right_single,0.00000,0.03881,863.95611
vehicle.subsystem_probe.v1,rover_vehicle_component_demo,vehicle_subsystem_schema_contract_v1,0.980,49,core_to_vehicle_upgrade_contract,terrain.core_ground,analytic_driver_profile,0.22154,0.65553,0.07585,schema_fallback_driver,98.22138,72.73170,1,11.55546,232.74145,schema_4wd_split,0.50000,false,fallback_vehicle_schema_only_pychrono_unavailable,58.57207,6.82656,148.58741,931.65381,0.02470,patch.axle0_left_single,0.22154,0.03214,931.65381,57.79866,6.82656,146.49918,931.65381,0.02470,patch.axle0_right_single,0.22154,0.03873,931.65381,58.57207,6.82656,148.58741,863.25073,0.02470,patch.axle1_left_single,0.00000,0.03214,863.25073,57.79866,6.82656,146.49918,863.25073,0.02470,patch.axle1_right_single,0.00000,0.03873,863.25073
vehicle.subsystem_probe.v1,rover_vehicle_component_demo,vehicle_subsystem_schema_contract_v1,1.000,50,core_to_vehicle_upgrade_contract,terrain.core_ground,analytic_driver_profile,0.22369,0.65372,0.08567,schema_fallback_driver,98.14894,72.17967,1,11.54693,230.97495,schema_4wd_split,0.50000,false,fallback_vehicle_schema_only_pychrono_unavailable,58.13124,7.71048,146.15967,931.36735,0.02444,patch.axle0_left_single,0.22369,0.03197,931.36735,57.35624,7.71048,144.06717,931.36735,0.02444,patch.axle0_right_single,0.22369,0.03864,931.36735,58.13124,7.71048,146.15967,862.54016,0.02444,patch.axle1_left_single,0.00000,0.03197,862.54016,57.35624,7.71048,144.06717,862.54016,0.02444,patch.axle1_right_single,0.00000,0.03864,862.54016
vehicle.subsystem_probe.v1,rover_vehicle_component_demo,vehicle_subsystem_schema_contract_v1,1.020,51,core_to_vehicle_upgrade_contract,terrain.core_ground,analytic_driver_profile,0.22571,0.65161,0.09530,schema_fallback_driver,98.06438,71.59972,1,11.53699,229.11910,schema_4wd_split,0.50000,false,fallback_vehicle_schema_only_pychrono_unavailable,57.66764,8.57664,143.69532,931.05472,0.02416,patch.axle0_left_single,0.22571,0.03182,931.05472,56.89191,8.57664,141.60087,931.05472,0.02416,patch.axle0_right_single,0.22571,0.03853,931.05472,57.66764,8.57664,143.69532,861.82552,0.02416,patch.axle1_left_single,0.00000,0.03182,861.82552,56.89191,8.57664,141.60087,861.82552,0.02416,patch.axle1_right_single,0.00000,0.03853,861.82552
vehicle.subsystem_probe.v1,rover_vehicle_component_demo,vehicle_subsystem_schema_contract_v1,1.040,52,core_to_vehicle_upgrade_contract,terrain.core_ground,analytic_driver_profile,0.22760,0.64920,0.10470,schema_fallback_driver,97.96781,70.99293,1,11.52562,227.17738,schema_4wd_split,0.50000,false,fallback_vehicle_schema_only_pychrono_unavailable,57.18215,9.42305,141.19953,930.71639,0.02387,patch.axle0_left_single,0.22760,0.03168,930.71639,56.40655,9.42305,139.10541,930.71639,0.02387,patch.axle0_right_single,0.22760,0.03841,930.71639,57.18215,9.42305,141.19953,861.10797,0.02387,patch.axle1_left_single,0.00000,0.03168,861.10797,56.40655,9.42305,139.10541,861.10797,0.02387,patch.axle1_right_single,0.00000,0.03841,861.10797
vehicle.subsystem_probe.v1,rover_vehicle_component_demo,vehicle_subsystem_schema_contract_v1,1.060,53,core_to_vehicle_upgrade_contract,terrain.core_ground,analytic_driver_profile,0.22937,0.64648,0.11386,schema_fallback_driver,97.85936,70.36043,1,11.51287,225.15338,schema_4wd_split,0.50000,false,fallback_vehicle_schema_only_pychrono_unavailable,56.67566,10.24774,138.67746,930.35293,0.02358,patch.axle0_left_single,0.22937,0.03155,930.35293,55.90103,10.24774,136.58593,930.35293,0.02358,patch.axle0_right_single,0.22937,0.03828,930.35293,56.67566,10.24774,138.67746,860.38864,0.02358,patch.axle1_left_single,0.00000,0.03155,860.38864,55.90103,10.24774,136.58593,860.38864,0.02358,patch.axle1_right_single,0.00000,0.03828,860.38864
vehicle.subsystem_probe.v1,rover_vehicle_component_demo,vehicle_subsystem_schema_contract_v1,1.080,54,core_to_vehicle_upgrade_contract,terrain.core_ground,analytic_driver_profile,0.23100,0.64348,0.12276,schema_fallback_driver,97.73918,69.70336,1,11.49873,223.05075,schema_4wd_split,0.50000,false,fallback_vehicle_schema_only_pychrono_unavailable,56.14912,11.04883,136.13425,929.96490,0.02328,patch.axle0_left_single,0.23100,0.03144,929.96490,55.37626,11.04883,134.04754,929.96490,0.02328,patch.axle0_right_single,0.23100,0.03814,929.96490,56.14912,11.04883,136.13425,859.66869,0.02328,patch.axle1_left_single,0.00000,0.03144,859.66869,55.37626,11.04883,134.04754,859.66869,0.02328,patch.axle1_right_single,0.00000,0.03814,859.66869
vehicle.subsystem_probe.v1,rover_vehicle_component_demo,vehicle_subsystem_schema_contract_v1,1.100,55,core_to_vehicle_upgrade_contract,terrain.core_ground,analytic_driver_profile,0.23249,0.64019,0.13138,schema_fallback_driver,97.60740,69.02288,1,11.48322,220.87322,schema_4wd_split,0.50000,false,fallback_vehicle_schema_only_pychrono_unavailable,55.60344,11.82447,133.57503,929.55294,0.02298,patch.axle0_left_single,0.23249,0.03134,929.55294,54.83317,11.82447,131.49531,929.55294,0.02298,patch.axle0_right_single,0.23249,0.03798,929.55294,55.60344,11.82447,133.57503,858.94927,0.02298,patch.axle1_left_single,0.00000,0.03134,858.94927,54.83317,11.82447,131.49531,858.94927,0.02298,patch.axle1_right_single,0.00000,0.03798,858.94927
vehicle.subsystem_probe.v1,rover_vehicle_component_demo,vehicle_subsystem_schema_contract_v1,1.120,56,core_to_vehicle_upgrade_contract,terrain.core_ground,analytic_driver_profile,0.23385,0.63661,0.13970,schema_fallback_driver,97.46422,68.32018,1,11.46638,218.62459,schema_4wd_split,0.50000,false,fallback_vehicle_schema_only_pychrono_unavailable,55.03959,12.57287,131.00489,929.11769,0.02267,patch.axle0_left_single,0.23385,0.03125,929.11769,54.27270,12.57287,128.93428,929.11769,0.02267,patch.axle0_right_single,0.23385,0.03782,929.11769,55.03959,12.57287,131.00489,858.23153,0.02267,patch.axle1_left_single,0.00000,0.03125,858.23153,54.27270,12.57287,128.93428,858.23153,0.02267,patch.axle1_right_single,0.00000,0.03782,858.23153
vehicle.subsystem_probe.v1,rover_vehicle_component_demo,vehicle_subsystem_schema_contract_v1,1.140,57,core_to_vehicle_upgrade_contract,terrain.core_ground,analytic_driver_profile,0.23508,0.63275,0.14769,schema_fallback_driver,97.30981,67.59647,1,11.44821,216.30871,schema_4wd_split,0.50000,false,fallback_vehicle_schema_only_pychrono_unavailable,54.45855,13.29231,128.42886,928.65985,0.02236,patch.axle0_left_single,0.23508,0.03117,928.65985,53.69580,13.29231,126.36943,928.65985,0.02236,patch.axle0_right_single,0.23508,0.03764,928.65985,54.45855,13.29231,128.42886,857.51661,0.02236,patch.axle1_left_single,0.00000,0.03117,857.51661,53.69580,13.29231,126.36943,857.51661,0.02236,patch.axle1_right_single,0.00000,0.03764,857.51661
vehicle.subsystem_probe.v1,rover_vehicle_component_demo,vehicle_subsystem_schema_contract_v1,1.160,58,core_to_vehicle_upgrade_contract,terrain.core_ground,analytic_driver_profile,0.23617,0.62861,0.15535,schema_fallback_driver,97.14437,66.85296,1,11.42875,213.92947,schema_4wd_split,0.50000,false,fallback_vehicle_schema_only_pychrono_unavailable,53.86130,13.98113,125.85194,928.18017,0.02204,patch.axle0_left_single,0.23617,0.03111,928.18017,53.10343,13.98113,123.80570,928.18017,0.02204,patch.axle0_right_single,0.23617,0.03746,928.18017,53.86130,13.98113,125.85194,856.80568,0.02204,patch.axle1_left_single,0.00000,0.03111,856.80568,53.10343,13.98113,123.80570,856.80568,0.02204,patch.axle1_right_single,0.00000,0.03746,856.80568
vehicle.subsystem_probe.v1,rover_vehicle_component_demo,vehicle_subsystem_schema_contract_v1,1.180,59,core_to_vehicle_upgrade_contract,terrain.core_ground,analytic_driver_profile,0.23713,0.62420,0.16264,schema_fallback_driver,96.96812,66.09089,1,11.40801,211.49084,schema_4wd_split,0.50000,false,fallback_vehicle_schema_only_pychrono_unavailable,53.24884,14.63774,123.27904,927.67939,0.02172,patch.axle0_left_single,0.23713,0.03106,927.67939,52.49658,14.63774,121.24793,927.67939,0.02172,patch.axle0_right_single,0.23713,0.03726,927.67939,53.24884,14.63774,123.27904,856.09985,0.02172,patch.axle1_left_single,0.00000,0.03106,856.09985,52.49658,14.63774,121.24793,856.09985,0.02172,patch.axle1_right_single,0.00000,0.03726,856.09985
vehicle.subsystem_probe.v1,rover_vehicle_component_demo,vehicle_subsystem_schema_contract_v1,1.200,60,core_to_vehicle_upgrade_contract,terrain.core_ground,analytic_driver_profile,0.23795,0.61953,0.16956,schema_fallback_driver,96.78128,65.31149,1,11.38603,208.99678,schema_4wd_split,0.50000,false,fallback_vehicle_schema_only_pychrono_unavailable,52.62218,15.26063,120.71499,927.15834,0.02139,patch.axle0_left_single,0.23795,0.03103,927.15834,51.87621,15.26063,118.70090,927.15834,0.02139,patch.axle0_right_single,0.23795,0.03706,927.15834,52.62218,15.26063,120.71499,855.40026,0.02139,patch.axle1_left_single,0.00000,0.03103,855.40026,51.87621,15.26063,118.70090,855.40026,0.02139,patch.axle1_right_single,0.00000,0.03706,855.40026
vehicle.subsystem_probe.v1,rover_vehicle_component_demo,vehicle_subsystem_schema_contract_v1,1.220,61,core_to_vehicle_upgrade_contract,terrain.core_ground,analytic_driver_profile,0.23863,0.61460,0.17609,schema_fallback_driver,96.58410,64.51604,1,11.36284,206.45132,schema_4wd_split,0.50000,false,fallback_vehicle_schema_only_pychrono_unavailable,51.98233,15.84837,118.16456,926.61783,0.02106,patch.axle0_left_single,0.23863,0.03101,926.61783,51.24334,15.84837,116.16929,926.61783,0.02106,patch.axle0_right_single,0.23863,0.03685,926.61783,51.98233,15.84837,118.16456,854.70803,0.02106,patch.axle1_left_single,0.00000,0.03101,854.70803,51.24334,15.84837,116.16929,854.70803,0.02106,patch.axle1_right_single,0.00000,0.03685,854.70803
vehicle.subsystem_probe.v1,rover_vehicle_component_demo,vehicle_subsystem_schema_contract_v1,1.240,62,core_to_vehicle_upgrade_contract,terrain.core_ground,analytic_driver_profile,0.23918,0.60942,0.18222,schema_fallback_driver,96.37684,63.70578,1,11.33845,203.85849,schema_4wd_split,0.50000,false,fallback_vehicle_schema_only_pychrono_unavailable,51.33031,16.39960,115.63240,926.05874,0.02073,patch.axle0_left_single,0.23918,0.03100,926.05874,50.59893,16.39960,113.65768,926.05874,0.02073,patch.axle0_right_single,0.23918,0.03664,926.05874,51.33031,16.39960,115.63240,854.02427,0.02073,patch.axle1_left_single,0.00000,0.03100,854.02427,50.59893,16.39960,113.65768,854.02427,0.02073,patch.axle1_right_single,0.00000,0.03664,854.02427
vehicle.subsystem_probe.v1,rover_vehicle_component_demo,vehicle_subsystem_schema_contract_v1,1.260,63,core_to_vehicle_upgrade_contract,terrain.core_ground,analytic_driver_profile,0.23959,0.60399,0.18792,schema_fallback_driver,96.15975,62.88198,1,11.31291,201.22234,schema_4wd_split,0.50000,false,fallback_vehicle_schema_only_pychrono_unavailable,50.66716,16.91305,113.12306,925.48195,0.02040,patch.axle0_left_single,0.23959,0.03101,925.48195,49.94401,16.91305,111.17056,925.48195,0.02040,patch.axle0_right_single,0.23959,0.03642,925.48195,50.66716,16.91305,113.12306,853.35006,0.02040,patch.axle1_left_single,0.00000,0.03101,853.35006,49.94401,16.91305,111.17056,853.35006,0.02040,patch.axle1_right_single,0.00000,0.03642,853.35006
vehicle.subsystem_probe.v1,rover_vehicle_component_demo,vehicle_subsystem_schema_contract_v1,1.280,64,core_to_vehicle_upgrade_contract,terrain.core_ground,analytic_driver_profile,0.23985,0.59833,0.19319,schema_fallback_driver,95.93313,62.04592,1,11.28625,198.54694,schema_4wd_split,0.50000,false,fallback_vehicle_schema_only_pychrono_unavailable,49.99390,17.38755,110.64097,924.88840,0.02007,patch.axle0_left_single,0.23985,0.03103,924.88840,49.27957,17.38755,108.71226,924.88840,0.02007,patch.axle0_right_single,0.23985,0.03619,924.88840,49.99390,17.38755,110.64097,852.68650,0.02007,patch.axle1_left_single,0.00000,0.03103,852.68650,49.27957,17.38755,108.71226,852.68650,0.02007,patch.axle1_right_single,0.00000,0.03619,852.68650
vehicle.subsystem_probe.v1,rover_vehicle_component_demo,vehicle_subsystem_schema_contract_v1,1.300,65,core_to_vehicle_upgrade_contract,terrain.core_ground,analytic_driver_profile,0.23999,0.59243,0.19802,schema_fallback_driver,95.69726,61.19885,1,11.25850,195.83634,schema_4wd_split,0.50000,false,fallback_vehicle_schema_only_pychrono_unavailable,49.31157,17.82199,108.19045,924.27902,0.01974,patch.axle0_left_single,0.23999,0.03107,924.27902,48.60660,17.82199,106.28703,924.27902,0.01974,patch.axle0_right_single,0.23999,0.03596,924.27902,49.31157,17.82199,108.19045,852.03463,0.01974,patch.axle1_left_single,0.00000,0.03107,852.03463,48.60660,17.82199,106.28703,852.03463,0.01974,patch.axle1_right_single,0.00000,0.03596,852.03463
vehicle.subsystem_probe.v1,rover_vehicle_component_demo,vehicle_subsystem_schema_contract_v1,1.320,66,core_to_vehicle_upgrade_contract,terrain.core_ground,analytic_driver_profile,0.23998,0.58631,0.20239,schema_fallback_driver,95.45246,60.34206,1,11.22970,193.09459,schema_4wd_split,0.50000,false,fallback_vehicle_schema_only_pychrono_unavailable,48.62119,18.21538,105.77568,923.65481,0.01940,patch.axle0_left_single,0.23998,0.03112,923.65481,47.92611,18.21538,103.89897,923.65481,0.01940,patch.axle0_right_single,0.23998,0.03572,923.65481,48.62119,18.21538,105.77568,851.39551,0.01940,patch.axle1_left_single,0.00000,0.03112,851.39551,47.92611,18.21538,103.89897,851.39551,0.01940,patch.axle1_right_single,0.00000,0.03572,851.39551
vehicle.subsystem_probe.v1,rover_vehicle_component_demo,vehicle_subsystem_schema_contract_v1,1.340,67,core_to_vehicle_upgrade_contract,terrain.core_ground,analytic_driver_profile,0.23983,0.57998,0.20630,schema_fallback_driver,95.19903,59.47680,1,11.19989,190.32576,schema_4wd_split,0.50000,false,fallback_vehicle_schema_only_pychrono_unavailable,47.92379,18.56680,103.40071,923.01674,0.01907,patch.axle0_left_single,0.23983,0.03119,923.01674,47.23909,18.56680,101.55202,923.01674,0.01907,patch.axle0_right_single,0.23983,0.03549,923.01674,47.92379,18.56680,103.40071,850.77015,0.01907,patch.axle1_left_single,0.00000,0.03119,850.77015,47.23909,18.56680,101.55202,850.77015,0.01907,patch.axle1_right_single,0.00000,0.03549,850.77015
vehicle.subsystem_probe.v1,rover_vehicle_component_demo,vehicle_subsystem_schema_contract_v1,1.360,68,core_to_vehicle_upgrade_contract,terrain.core_ground,analytic_driver_profile,0.23955,0.57343,0.20973,schema_fallback_driver,94.93732,58.60433,1,11.16910,187.53386,schema_4wd_split,0.50000,false,fallback_vehicle_schema_only_pychrono_unavailable,47.22039,18.87546,101.06942,922.36586,0.01874,patch.axle0_left_single,0.23955,0.03127,922.36586,46.54654,18.87546,99.25001,922.36586,0.01874,patch.axle0_right_single,0.23955,0.03525,922.36586,47.22039,18.87546,101.06942,850.15956,0.01874,patch.axle1_left_single,0.00000,0.03127,850.15956,46.54654,18.87546,99.25001,850.15956,0.01874,patch.axle1_right_single,0.00000,0.03525,850.15956
vehicle.subsystem_probe.v1,rover_vehicle_component_demo,vehicle_subsystem_schema_contract_v1,1.380,69,core_to_vehicle_upgrade_contract,terrain.core_ground,analytic_driver_profile,0.23913,0.56669,0.21267,schema_fallback_driver,94.66765,57.72591,1,11.13737,184.72290,schema_4wd_split,0.50000,false,fallback_vehicle_schema_only_pychrono_unavailable,46.51202,19.14063,98.78557,921.70318,0.01841,patch.axle0_left_single,0.23913,0.03136,921.70318,45.84943,19.14063,96.99657,921.70318,0.01841,patch.axle0_right_single,0.23913,0.03501,921.70318,46.51202,19.14063,98.78557,849.56471,0.01841,patch.axle1_left_single,0.00000,0.03136,849.56471,45.84943,19.14063,96.99657,849.56471,0.01841,patch.axle1_right_single,0.00000,0.03501,849.56471
vehicle.subsystem_probe.v1,rover_vehicle_component_demo,vehicle_subsystem_schema_contract_v1,1.400,70,core_to_vehicle_upgrade_contract,terrain.core_ground,analytic_driver_profile,0.23857,0.55976,0.21513,schema_fallback_driver,94.39037,56.84277,1,11.10475,181.89686,schema_4wd_split,0.50000,false,fallback_vehicle_schema_only_pychrono_unavailable,45.79968,19.36172,96.55273,921.02979,0.01809,patch.axle0_left_single,0.23857,0.03147,921.02979,45.14875,19.36172,94.79522,921.02979,0.01809,patch.axle0_right_single,0.23857,0.03477,921.02979,45.79968,19.36172,96.55273,848.98656,0.01809,patch.axle1_left_single,0.00000,0.03147,848.98656,45.14875,19.36172,94.79522,848.98656,0.01809,patch.axle1_right_single,0.00000,0.03477,848.98656
vehicle.subsystem_probe.v1,rover_vehicle_component_demo,vehicle_subsystem_schema_contract_v1,1.420,71,core_to_vehicle_upgrade_contract,terrain.core_ground,analytic_driver_profile,0.23787,0.55265,0.21709,schema_fallback_driver,94.10586,55.95615,1,11.07128,179.05967,schema_4wd_split,0.50000,false,fallback_vehicle_schema_only_pychrono_unavailable,45.08437,19.53820,94.37432,920.34674,0.01776,patch.axle0_left_single,0.23787,0.03158,920.34674,44.44547,19.53820,92.64927,920.34674,0.01776,patch.axle0_right_single,0.23787,0.03453,920.34674,45.08437,19.53820,94.37432,848.42602,0.01776,patch.axle1_left_single,0.00000,0.03158,848.42602,44.44547,19.53820,92.64927,848.42602,0.01776,patch.axle1_right_single,0.00000,0.03453,848.42602
vehicle.subsystem_probe.v1,rover_vehicle_component_demo,vehicle_subsystem_schema_contract_v1,1.440,72,core_to_vehicle_upgrade_contract,terrain.core_ground,analytic_driver_profile,0.23704,0.54536,0.21855,schema_fallback_driver,93.81446,55.06726,1,11.03700,176.21524,schema_4wd_split,0.50000,false,fallback_vehicle_schema_only_pychrono_unavailable,44.36709,19.66968,92.25358,919.65515,0.01744,patch.axle0_left_single,0.23704,0.03172,919.65515,43.74053,19.66968,90.56189,919.65515,0.01744,patch.axle0_right_single,0.23704,0.03429,919.65515,44.36709,19.66968,92.25358,847.88400,0.01744,patch.axle1_left_single,0.00000,0.03172,847.88400,43.74053,19.66968,90.56189,847.88400,0.01744,patch.axle1_right_single,0.00000,0.03429,847.88400
vehicle.subsystem_probe.v1,rover_vehicle_component_demo,vehicle_subsystem_schema_contract_v1,1.460,73,core_to_vehicle_upgrade_contract,terrain.core_ground,analytic_driver_profile,0.23607,0.53791,0.21951,schema_fallback_driver,93.51657,54.17732,1,11.00195,173.36741,schema_4wd_split,0.50000,false,fallback_vehicle_schema_only_pychrono_unavailable,43.64880,19.75585,90.19359,918.95611,0.01713,patch.axle0_left_single,0.23607,0.03186,918.95611,43.03490,19.75585,88.53605,918.95611,0.01713,patch.axle0_right_single,0.23607,0.03406,918.95611,43.64880,19.75585,90.19359,847.36137,0.01713,patch.axle1_left_single,0.00000,0.03186,847.36137,43.03490,19.75585,88.53605,847.36137,0.01713,patch.axle1_right_single,0.00000,0.03406,847.36137
vehicle.subsystem_probe.v1,rover_vehicle_component_demo,vehicle_subsystem_schema_contract_v1,1.480,74,core_to_vehicle_upgrade_contract,terrain.core_ground,analytic_driver_profile,0.23496,0.53031,0.21996,schema_fallback_driver,93.21257,53.28749,1,10.96618,170.51998,schema_4wd_split,0.50000,false,fallback_vehicle_schema_only_pychrono_unavailable,42.93049,19.79650,88.19722,918.25073,0.01681,patch.axle0_left_single,0.23496,0.03201,918.25073,42.32950,19.79650,86.57454,918.25073,0.01681,patch.axle0_right_single,0.23496,0.03382,918.25073,42.93049,19.79650,88.19722,846.85895,0.01681,patch.axle1_left_single,0.00000,0.03201,846.85895,42.32950,19.79650,86.57454,846.85895,0.01681,patch.axle1_right_single,0.00000,0.03382,846.85895
vehicle.subsystem_probe.v1,rover_vehicle_component_demo,vehicle_subsystem_schema_contract_v1,1.500,75,core_to_vehicle_upgrade_contract,terrain.core_ground,analytic_driver_profile,0.23372,0.52257,0.21991,schema_fallback_driver,92.90285,52.39897,1,10.92975,167.67670,schema_4wd_split,0.50000,false,fallback_vehicle_schema_only_pychrono_unavailable,42.21310,19.79156,86.26719,917.54016,0.01650,patch.axle0_left_single,0.23372,0.03218,917.54016,41.62525,19.79156,84.67999,917.54016,0.01650,patch.axle0_right_single,0.23372,0.03360,917.54016,42.21310,19.79156,86.26719,846.37756,0.01650,patch.axle1_left_single,0.00000,0.03218,846.37756,41.62525,19.79156,84.67999,846.37756,0.01650,patch.axle1_right_single,0.00000,0.03360,846.37756
vehicle.subsystem_probe.v1,rover_vehicle_component_demo,vehicle_subsystem_schema_contract_v1,1.520,76,core_to_vehicle_upgrade_contract,terrain.core_ground,analytic_driver_profile,0.23235,0.51470,0.21934,schema_fallback_driver,92.58781,51.51289,1,10.89268,164.84124,schema_4wd_split,0.50000,false,fallback_vehicle_schema_only_pychrono_unavailable,41.49756,19.74102,84.40599,916.82552,0.01620,patch.axle0_left_single,0.23235,0.03235,916.82552,40.92306,19.74102,82.85482,916.82552,0.01620,patch.axle0_right_single,0.23235,0.03337,916.82552,41.49756,19.74102,84.40599,845.91795,0.01620,patch.axle1_left_single,0.00000,0.03235,845.91795,40.92306,19.74102,82.85482,845.91795,0.01620,patch.axle1_right_single,0.00000,0.03337,845.91795
vehicle.subsystem_probe.v1,rover_vehicle_component_demo,vehicle_subsystem_schema_contract_v1,1.540,77,core_to_vehicle_upgrade_contract,terrain.core_ground,analytic_driver_profile,0.23084,0.50670,0.21828,schema_fallback_driver,92.26786,50.63038,1,10.85504,162.01721,schema_4wd_split,0.50000,false,fallback_vehicle_schema_only_pychrono_unavailable,40.78480,19.64501,82.61594,916.10797,0.01590,patch.axle0_left_single,0.23084,0.03254,916.10797,40.22380,19.64501,81.10125,916.10797,0.01590,patch.axle0_right_single,0.23084,0.03316,916.10797,40.78480,19.64501,82.61594,845.48088,0.01590,patch.axle1_left_single,0.00000,0.03254,845.48088,40.22380,19.64501,81.10125,845.48088,0.01590,patch.axle1_right_single,0.00000,0.03316,845.48088
vehicle.subsystem_probe.v1,rover_vehicle_component_demo,vehicle_subsystem_schema_contract_v1,1.560,78,core_to_vehicle_upgrade_contract,terrain.core_ground,analytic_driver_profile,0.22920,0.49859,0.21671,schema_fallback_driver,91.94342,49.75255,1,10.81687,159.20815,schema_4wd_split,0.50000,false,fallback_vehicle_schema_only_pychrono_unavailable,40.07571,19.50375,80.89917,915.38864,0.01561,patch.axle0_left_single,0.22920,0.03273,915.38864,39.52836,19.50375,79.42134,915.38864,0.01561,patch.axle0_right_single,0.22920,0.03295,915.38864,40.07571,19.50375,80.89917,845.06703,0.01561,patch.axle1_left_single,0.00000,0.03273,845.06703,39.52836,19.50375,79.42134,845.06703,0.01561,patch.axle1_right_single,0.00000,0.03295,845.06703
vehicle.subsystem_probe.v1,rover_vehicle_component_demo,vehicle_subsystem_schema_contract_v1,1.580,79,core_to_vehicle_upgrade_contract,terrain.core_ground,analytic_driver_profile,0.22742,0.49037,0.21464,schema_fallback_driver,91.61491,48.88048,1,10.77822,156.41753,schema_4wd_split,0.50000,false,fallback_vehicle_schema_only_pychrono_unavailable,39.37118,19.31755,79.25760,914.66869,0.01532,patch.axle0_left_single,0.22742,0.03293,914.66869,38.83759,19.31755,77.81691,914.66869,0.01532,patch.axle0_right_single,0.22742,0.03275,914.66869,39.37118,19.31755,79.25760,844.67708,0.01532,patch.axle1_left_single,0.00000,0.03293,844.67708,38.83759,19.31755,77.81691,844.67708,0.01532,patch.axle1_right_single,0.00000,0.03275,844.67708
vehicle.subsystem_probe.v1,rover_vehicle_component_demo,vehicle_subsystem_schema_contract_v1,1.600,80,core_to_vehicle_upgrade_contract,terrain.core_ground,analytic_driver_profile,0.22551,0.48207,0.21208,schema_fallback_driver,91.28275,48.01522,1,10.73915,153.64872,schema_4wd_split,0.50000,false,fallback_vehicle_schema_only_pychrono_unavailable,38.67206,19.08686,77.69294,913.94927,0.01504,patch.axle0_left_single,0.22551,0.03314,913.94927,38.15230,19.08686,76.28961,913.94927,0.01504,patch.axle0_right_single,0.22551,0.03255,913.94927,38.67206,19.08686,77.69294,844.31164,0.01504,patch.axle1_left_single,0.00000,0.03314,844.31164,38.15230,19.08686,76.28961,844.31164,0.01504,patch.axle1_right_single,0.00000,0.03255,844.31164
vehicle.subsystem_probe.v1,rover_vehicle_component_demo,vehicle_subsystem_schema_contract_v1,1.620,81,core_to_vehicle_upgrade_contract,terrain.core_ground,analytic_driver_profile,0.22348,0.47368,0.20902,schema_fallback_driver,90.94737,47.15782,1,10.69969,150.90503,schema_4wd_split,0.50000,false,fallback_vehicle_schema_only_pychrono_unavailable,37.97919,18.81220,76.20672,913.23153,0.01477,patch.axle0_left_single,0.22348,0.03336,913.23153,37.47333,18.81220,74.84090,913.23153,0.01477,patch.axle0_right_single,0.22348,0.03237,913.23153,37.97919,18.81220,76.20672,843.97129,0.01477,patch.axle1_left_single,0.00000,0.03336,843.97129,37.47333,18.81220,74.84090,843.97129,0.01477,patch.axle1_right_single,0.00000,0.03237,843.97129
vehicle.subsystem_probe.v1,rover_vehicle_component_demo,vehicle_subsystem_schema_contract_v1,1.640,82,core_to_vehicle_upgrade_contract,terrain.core_ground,analytic_driver_profile,0.22132,0.46523,0.20549,schema_fallback_driver,90.60921,46.30927,1,10.65991,148.18967,schema_4wd_split,0.50000,false,fallback_vehicle_schema_only_pychrono_unavailable,37.29339,18.49421,74.80026,912.51661,0.01450,patch.axle0_left_single,0.22132,0.03358,912.51661,36.80144,18.49421,73.47200,912.51661,0.01450,patch.axle0_right_single,0.22132,0.03219,912.51661,37.29339,18.49421,74.80026,843.65659,0.01450,patch.axle1_left_single,0.00000,0.03358,843.65659,36.80144,18.49421,73.47200,843.65659,0.01450,patch.axle1_right_single,0.00000,0.03219,843.65659
vehicle.subsystem_probe.v1,rover_vehicle_component_demo,vehicle_subsystem_schema_contract_v1,1.660,83,core_to_vehicle_upgrade_contract,terrain.core_ground,analytic_driver_profile,0.21902,0.45672,0.20148,schema_fallback_driver,90.26870,45.47055,1,10.61985,145.50575,schema_4wd_split,0.50000,false,fallback_vehicle_schema_only_pychrono_unavailable,36.61546,18.13361,73.47467,911.80568,0.01424,patch.axle0_left_single,0.21902,0.03381,911.80568,36.13742,18.13361,72.18397,911.80568,0.01424,patch.axle0_right_single,0.21902,0.03203,911.80568,36.61546,18.13361,73.47467,843.36803,0.01424,patch.axle1_left_single,0.00000,0.03381,843.36803,36.13742,18.13361,72.18397,843.36803,0.01424,patch.axle1_right_single,0.00000,0.03203,843.36803
vehicle.subsystem_probe.v1,rover_vehicle_component_demo,vehicle_subsystem_schema_contract_v1,1.680,84,core_to_vehicle_upgrade_contract,terrain.core_ground,analytic_driver_profile,0.21661,0.44816,0.19701,schema_fallback_driver,89.92629,44.64260,1,10.57956,142.85631,schema_4wd_split,0.50000,false,fallback_vehicle_schema_only_pychrono_unavailable,35.94615,17.73125,72.23087,911.09985,0.01399,patch.axle0_left_single,0.21661,0.03404,911.09985,35.48200,17.73125,70.97766,911.09985,0.01399,patch.axle0_right_single,0.21661,0.03187,911.09985,35.94615,17.73125,72.23087,843.10608,0.01399,patch.axle1_left_single,0.00000,0.03404,843.10608,35.48200,17.73125,70.97766,843.10608,0.01399,patch.axle1_right_single,0.00000,0.03187,843.10608
vehicle.subsystem_probe.v1,rover_vehicle_component_demo,vehicle_subsystem_schema_contract_v1,1.700,85,core_to_vehicle_upgrade_contract,terrain.core_ground,analytic_driver_profile,0.21406,0.43956,0.19209,schema_fallback_driver,89.58242,43.82634,1,10.53911,140.24427,schema_4wd_split,0.50000,false,fallback_vehicle_schema_only_pychrono_unavailable,35.28623,17.28803,71.06957,910.40026,0.01374,patch.axle0_left_single,0.21406,0.03427,910.40026,34.83591,17.28803,69.85371,910.40026,0.01374,patch.axle0_right_single,0.21406,0.03173,910.40026,35.28623,17.28803,71.06957,842.87116,0.01374,patch.axle1_left_single,0.00000,0.03427,842.87116,34.83591,17.28803,69.85371,842.87116,0.01374,patch.axle1_right_single,0.00000,0.03173,842.87116
vehicle.subsystem_probe.v1,rover_vehicle_component_demo,vehicle_subsystem_schema_contract_v1,1.720,86,core_to_vehicle_upgrade_contract,terrain.core_ground,analytic_driver_profile,0.21140,0.43094,0.18672,schema_fallback_driver,89.23754,43.02265,1,10.49853,137.67246,schema_4wd_split,0.50000,false,fallback_vehicle_schema_only_pychrono_unavailable,34.63639,16.80500,69.99127,909.70803,0.01350,patch.axle0_left_single,0.21140,0.03451,909.70803,34.19984,16.80500,68.81257,909.70803,0.01350,patch.axle0_right_single,0.21140,0.03159,909.70803,34.63639,16.80500,69.99127,842.66364,0.01350,patch.axle1_left_single,0.00000,0.03451,842.66364,34.19984,16.80500,68.81257,842.66364,0.01350,patch.axle1_right_single,0.00000,0.03159,842.66364
vehicle.subsystem_probe.v1,rover_vehicle_component_demo,vehicle_subsystem_schema_contract_v1,1.740,87,core_to_vehicle_upgrade_contract,terrain.core_ground,analytic_driver_profile,0.20861,0.42230,0.18092,schema_fallback_driver,88.89209,42.23238,1,10.45789,135.14361,schema_4wd_split,0.50000,false,fallback_vehicle_schema_only_pychrono_unavailable,33.99734,16.28325,68.99628,909.02427,0.01327,patch.axle0_left_single,0.20861,0.03475,909.02427,33.57446,16.28325,67.85450,909.02427,0.01327,patch.axle0_right_single,0.20861,0.03148,909.02427,33.99734,16.28325,68.99628,842.48386,0.01327,patch.axle1_left_single,0.00000,0.03475,842.48386,33.57446,16.28325,67.85450,842.48386,0.01327,patch.axle1_right_single,0.00000,0.03148,842.48386
vehicle.subsystem_probe.v1,rover_vehicle_component_demo,vehicle_subsystem_schema_contract_v1,1.760,88,core_to_vehicle_upgrade_contract,terrain.core_ground,analytic_driver_profile,0.20570,0.41366,0.17471,schema_fallback_driver,88.54652,41.45636,1,10.41724,132.66034,schema_4wd_split,0.50000,false,fallback_vehicle_schema_only_pychrono_unavailable,33.36975,15.72399,68.08474,908.35006,0.01305,patch.axle0_left_single,0.20570,0.03499,908.35006,32.96042,15.72399,66.97956,908.35006,0.01305,patch.axle0_right_single,0.20570,0.03137,908.35006,33.36975,15.72399,68.08474,842.33210,0.01305,patch.axle1_left_single,0.00000,0.03499,842.33210,32.96042,15.72399,66.97956,842.33210,0.01305,patch.axle1_right_single,0.00000,0.03137,842.33210
vehicle.subsystem_probe.v1,rover_vehicle_component_demo,vehicle_subsystem_schema_contract_v1,1.780,89,core_to_vehicle_upgrade_contract,terrain.core_ground,analytic_driver_profile,0.20268,0.40503,0.16809,schema_fallback_driver,88.20128,40.69537,1,10.37662,130.22517,schema_4wd_split,0.50000,false,fallback_vehicle_schema_only_pychrono_unavailable,32.75424,15.12851,67.25654,907.68650,0.01284,patch.axle0_left_single,0.20268,0.03523,907.68650,32.35834,15.12851,66.18761,907.68650,0.01284,patch.axle0_right_single,0.20268,0.03127,907.68650,32.75424,15.12851,67.25654,842.20860,0.01284,patch.axle1_left_single,0.00000,0.03523,842.20860,32.35834,15.12851,66.18761,842.20860,0.01284,patch.axle1_right_single,0.00000,0.03127,842.20860
vehicle.subsystem_probe.v1,rover_vehicle_component_demo,vehicle_subsystem_schema_contract_v1,1.800,90,core_to_vehicle_upgrade_contract,terrain.core_ground,analytic_driver_profile,0.19953,0.39642,0.16109,schema_fallback_driver,87.85681,39.95016,1,10.33610,127.84050,schema_4wd_split,0.50000,false,fallback_vehicle_schema_only_pychrono_unavailable,32.15144,14.49818,66.51143,907.03463,0.01263,patch.axle0_left_single,0.19953,0.03547,907.03463,31.76881,14.49818,65.47834,907.03463,0.01263,patch.axle0_right_single,0.19953,0.03119,907.03463,32.15144,14.49818,66.51143,842.11356,0.01263,patch.axle1_left_single,0.00000,0.03547,842.11356,31.76881,14.49818,65.47834,842.11356,0.01263,patch.axle1_right_single,0.00000,0.03119,842.11356
vehicle.subsystem_probe.v1,rover_vehicle_component_demo,vehicle_subsystem_schema_contract_v1,1.820,91,core_to_vehicle_upgrade_contract,terrain.core_ground,analytic_driver_profile,0.19627,0.38784,0.15372,schema_fallback_driver,87.51357,39.22145,1,10.29571,125.50864,schema_4wd_split,0.50000,false,fallback_vehicle_schema_only_pychrono_unavailable,31.56192,13.83446,65.84893,906.39551,0.01244,patch.axle0_left_single,0.19627,0.03570,906.39551,31.19240,13.83446,64.85125,906.39551,0.01244,patch.axle0_right_single,0.19627,0.03113,906.39551,31.56192,13.83446,65.84893,842.04714,0.01244,patch.axle1_left_single,0.00000,0.03570,842.04714,31.19240,13.83446,64.85125,842.04714,0.01244,patch.axle1_right_single,0.00000,0.03113,842.04714
vehicle.subsystem_probe.v1,rover_vehicle_component_demo,vehicle_subsystem_schema_contract_v1,1.840,92,core_to_vehicle_upgrade_contract,terrain.core_ground,analytic_driver_profile,0.19290,0.37930,0.14599,schema_fallback_driver,87.17200,38.50993,1,10.25553,123.23177,schema_4wd_split,0.50000,false,fallback_vehicle_schema_only_pychrono_unavailable,30.98623,13.13886,65.26842,905.77015,0.01225,patch.axle0_left_single,0.19290,0.03594,905.77015,30.62965,13.13886,64.30566,905.77015,0.01225,patch.axle0_right_single,0.19290,0.03107,905.77015,30.98623,13.13886,65.26842,842.00944,0.01225,patch.axle1_left_single,0.00000,0.03594,842.00944,30.62965,13.13886,64.30566,842.00944,0.01225,patch.axle1_right_single,0.00000,0.03107,842.00944
vehicle.subsystem_probe.v1,rover_vehicle_component_demo,vehicle_subsystem_schema_contract_v1,1.860,93,core_to_vehicle_upgrade_contract,terrain.core_ground,analytic_driver_profile,0.18942,0.37081,0.13792,schema_fallback_driver,86.83253,37.81624,1,10.21559,121.01198,schema_4wd_split,0.50000,false,fallback_vehicle_schema_only_pychrono_unavailable,30.42491,12.41300,64.76906,905.15956,0.01207,patch.axle0_left_single,0.18942,0.03617,905.15956,30.08108,12.41300,63.84071,905.15956,0.01207,patch.axle0_right_single,0.18942,0.03104,905.15956,30.42491,12.41300,64.76906,842.00052,0.01207,patch.axle1_left_single,0.00000,0.03617,842.00052,30.08108,12.41300,63.84071,842.00052,0.01207,patch.axle1_right_single,0.00000,0.03104,842.00052
vehicle.subsystem_probe.v1,rover_vehicle_component_demo,vehicle_subsystem_schema_contract_v1,1.880,94,core_to_vehicle_upgrade_contract,terrain.core_ground,analytic_driver_profile,0.18583,0.36239,0.12954,schema_fallback_driver,86.49561,37.14101,1,10.17595,118.85123,schema_4wd_split,0.50000,false,fallback_vehicle_schema_only_pychrono_unavailable,29.87845,11.65855,64.34985,904.56471,0.01190,patch.axle0_left_single,0.18583,0.03640,904.56471,29.54716,11.65855,63.45537,904.56471,0.01190,patch.axle0_right_single,0.18583,0.03101,904.56471,29.87845,11.65855,64.34985,842.02040,0.01190,patch.axle1_left_single,0.00000,0.03640,842.02040,29.54716,11.65855,63.45537,842.02040,0.01190,patch.axle1_right_single,0.00000,0.03101,842.02040
vehicle.subsystem_probe.v1,rover_vehicle_component_demo,vehicle_subsystem_schema_contract_v1,1.900,95,core_to_vehicle_upgrade_contract,terrain.core_ground,analytic_driver_profile,0.18213,0.35404,0.12086,schema_fallback_driver,86.16168,36.48480,1,10.13667,116.75137,schema_4wd_split,0.50000,false,fallback_vehicle_schema_only_pychrono_unavailable,29.34732,10.87724,64.00964,903.98656,0.01174,patch.axle0_left_single,0.18213,0.03662,903.98656,29.02836,10.87724,63.14844,903.98656,0.01174,patch.axle0_right_single,0.18213,0.03100,903.98656,29.34732,10.87724,64.00964,842.06904,0.01174,patch.axle1_left_single,0.00000,0.03662,842.06904,29.02836,10.87724,63.14844,842.06904,0.01174,patch.axle1_right_single,0.00000,0.03100,842.06904
vehicle.subsystem_probe.v1,rover_vehicle_component_demo,vehicle_subsystem_schema_contract_v1,1.920,96,core_to_vehicle_upgrade_contract,terrain.core_ground,analytic_driver_profile,0.17833,0.34578,0.11190,schema_fallback_driver,85.83117,35.84817,1,10.09778,114.71414,schema_4wd_split,0.50000,false,fallback_vehicle_schema_only_pychrono_unavailable,28.83196,10.07087,63.74708,903.42602,0.01159,patch.axle0_left_single,0.17833,0.03684,903.42602,28.52511,10.07087,62.91858,903.42602,0.01159,patch.axle0_right_single,0.17833,0.03100,903.42602,28.83196,10.07087,63.74708,842.14636,0.01159,patch.axle1_left_single,0.00000,0.03684,842.14636,28.52511,10.07087,62.91858,842.14636,0.01159,patch.axle1_right_single,0.00000,0.03100,842.14636
vehicle.subsystem_probe.v1,rover_vehicle_component_demo,vehicle_subsystem_schema_contract_v1,1.940,97,core_to_vehicle_upgrade_contract,terrain.core_ground,analytic_driver_profile,0.17442,0.33761,0.10268,schema_fallback_driver,85.50451,35.23162,1,10.05935,112.74118,schema_4wd_split,0.50000,false,fallback_vehicle_schema_only_pychrono_unavailable,28.33278,9.24131,63.56068,902.88400,0.01145,patch.axle0_left_single,0.17442,0.03705,902.88400,28.03781,9.24131,62.76426,902.88400,0.01145,patch.axle0_right_single,0.17442,0.03102,902.88400,28.33278,9.24131,63.56068,842.25225,0.01145,patch.axle1_left_single,0.00000,0.03705,842.25225,28.03781,9.24131,62.76426,842.25225,0.01145,patch.axle1_right_single,0.00000,0.03102,842.25225
vehicle.subsystem_probe.v1,rover_vehicle_component_demo,vehicle_subsystem_schema_contract_v1,1.960,98,core_to_vehicle_upgrade_contract,terrain.core_ground,analytic_driver_profile,0.17042,0.32955,0.09323,schema_fallback_driver,85.18211,34.63563,1,10.02143,110.83400,schema_4wd_split,0.50000,false,fallback_vehicle_schema_only_pychrono_unavailable,27.85016,8.39045,63.44880,902.36137,0.01132,patch.axle0_left_single,0.17042,0.03725,902.36137,27.56684,8.39045,62.68384,902.36137,0.01132,patch.axle0_right_single,0.17042,0.03106,902.36137,27.85016,8.39045,63.44880,842.38653,0.01132,patch.axle1_left_single,0.00000,0.03725,842.38653,27.56684,8.39045,62.68384,842.38653,0.01132,patch.axle1_right_single,0.00000,0.03106,842.38653
vehicle.subsystem_probe.v1,rover_vehicle_component_demo,vehicle_subsystem_schema_contract_v1,1.980,99,core_to_vehicle_upgrade_contract,terrain.core_ground,analytic_driver_profile,0.16631,0.32161,0.08356,schema_fallback_driver,84.86441,34.06063,1,9.98405,108.99400,schema_4wd_split,0.50000,false,fallback_vehicle_schema_only_pychrono_unavailable,27.38445,7.52027,63.40965,901.85895,0.01119,patch.axle0_left_single,0.16631,0.03744,901.85895,27.11255,7.52027,62.67550,901.85895,0.01119,patch.axle0_right_single,0.16631,0.03110,901.85895,27.38445,7.52027,63.40965,842.54899,0.01119,patch.axle1_left_single,0.00000,0.03744,842.54899,27.11255,7.52027,62.67550,842.54899,0.01119,patch.axle1_right_single,0.00000,0.03110,842.54899
vehicle.subsystem_probe.v1,rover_vehicle_component_demo,vehicle_subsystem_schema_contract_v1,2.000,100,core_to_vehicle_upgrade_contract,terrain.core_ground,analytic_driver_profile,0.16211,0.31380,0.07370,schema_fallback_driver,84.55180,33.50703,1,9.94727,107.22249,schema_4wd_split,0.50000,false,fallback_vehicle_schema_only_pychrono_unavailable,26.93599,6.63277,63.44129,901.37756,0.01108,patch.axle0_left_single,0.16211,0.03763,901.37756,26.67526,6.63277,62.73732,901.37756,0.01108,patch.axle0_right_single,0.16211,0.03116,901.37756,26.93599,6.63277,63.44129,842.73936,0.01108,patch.axle1_left_single,0.00000,0.03763,842.73936,26.67526,6.63277,62.73732,842.73936,0.01108,patch.axle1_right_single,0.00000,0.03116,842.73936
