schema_id,run_id,artifact_path,artifact_type,writer_backend,output_mode,producer_script,artifact_hash,row_count,source_schema_id,source,unit_policy,evidence_level
data.writer_backend_manifest.v1,component_catalog_fallback_bundle,outputs/csv/collision_backend_comparison.csv,csv,python_csv,row_stream,code/collision_contact/generate_collision_contact_components.py,a5ede606715ab4aa8d06493f437d1fa9cefb945ff77cb24e059fc3b9aaf8737a,1,collision.backend_comparison.v1,deterministic_contact_probe_pychrono_unavailable,SI units in column names where applicable,fallback_schema_probe
data.writer_backend_manifest.v1,component_catalog_fallback_bundle,outputs/csv/collision_contact_probe.csv,csv,python_csv,row_stream,code/collision_contact/generate_collision_contact_components.py,768d4c553b67810bf912667758c459f210fc7ef55db313df7321a4f3ffba02d0,721,collision.contact_probe.v1,deterministic_contact_probe_pychrono_unavailable,SI units in column names where applicable,fallback_schema_probe
data.writer_backend_manifest.v1,component_catalog_fallback_bundle,outputs/csv/collision_event_timeline.csv,csv,python_csv,row_stream,code/collision_contact/generate_collision_contact_components.py,a0d2db4b201729fbb92d9aaf5a10b3f0c6db0248b2882a6e8a9951540217eb47,1,collision.event_timeline.v1,deterministic_contact_probe_pychrono_unavailable,SI units in column names where applicable,fallback_schema_probe
data.writer_backend_manifest.v1,component_catalog_fallback_bundle,outputs/csv/collision_family_filter_map.csv,csv,python_csv,row_stream,code/collision_contact/generate_collision_contact_components.py,ace4bb77e4ae9846f6ccb877abe0396fe9e46f2107da34d4916734aa9608d8bf,2,collision.family_filter_map.v1,deterministic_contact_probe_pychrono_unavailable,SI units in column names where applicable,fallback_schema_probe
data.writer_backend_manifest.v1,component_catalog_fallback_bundle,outputs/csv/collision_shape_manifest.csv,csv,python_csv,row_stream,code/collision_contact/generate_collision_contact_components.py,21061492a37e194981f4978467f40d2927d1d9fd5cae85e85fd42ef4c89b9f95,3,collision.shape_manifest.v1,deterministic_contact_probe_pychrono_unavailable,SI units in column names where applicable,fallback_schema_probe
data.writer_backend_manifest.v1,component_catalog_fallback_bundle,outputs/csv/contact_callback_manifest.csv,csv,python_csv,row_stream,code/collision_contact/generate_collision_contact_components.py,1f798f7e5f08bf6d4e3b2bc24be9ff369f942d5d42b8895732822e91f8cd7722,2,collision.contact_callback_manifest.v1,deterministic_contact_probe_pychrono_unavailable,SI units in column names where applicable,fallback_schema_probe
data.writer_backend_manifest.v1,component_catalog_fallback_bundle,outputs/csv/contact_container_manifest.csv,csv,python_csv,row_stream,code/collision_contact/generate_collision_contact_components.py,f105086eae6051b2bebe417a353c11c504829b2c121ca21630c2e5e705e7c438,1,collision.contact_container_manifest.v1,deterministic_contact_probe_pychrono_unavailable,SI units in column names where applicable,fallback_schema_probe
data.writer_backend_manifest.v1,component_catalog_fallback_bundle,outputs/csv/contact_frame_debug_manifest.csv,csv,python_csv,row_stream,code/collision_contact/generate_collision_contact_components.py,864dd848516ec390d1a58c87dc208d7854fb076d608b76bd269c891d4cc53d18,1,collision.contact_frame_debug_manifest.v1,deterministic_contact_probe_pychrono_unavailable,SI units in column names where applicable,fallback_schema_probe
data.writer_backend_manifest.v1,component_catalog_fallback_bundle,outputs/csv/contact_material_manifest.csv,csv,python_csv,row_stream,code/collision_contact/generate_collision_contact_components.py,59cdd2eae7818a31b3aec80ec5f0d8abe93ae74ddaf6c7f553e7571894125d34,1,collision.contact_material_manifest.v1,deterministic_contact_probe_pychrono_unavailable,SI units in column names where applicable,fallback_schema_probe
data.writer_backend_manifest.v1,component_catalog_fallback_bundle,outputs/csv/contact_pair_material_policy.csv,csv,python_csv,row_stream,code/collision_contact/generate_collision_contact_components.py,5c1c82b5700c72f7f4fe534aeebbf8fe3e3cb348ca6dffcae6a5dae1a24d43a2,1,collision.contact_pair_material_policy.v1,deterministic_contact_probe_pychrono_unavailable,SI units in column names where applicable,fallback_schema_probe
data.writer_backend_manifest.v1,component_catalog_fallback_bundle,outputs/csv/data_visualization_control_log.csv,csv,python_csv,row_stream,code/data_visualization/generate_data_visualization_components.py,23ca21d6df3c4f701943b564cbce37561b3a1ea2685ecbb3d7629ef5f5ecd44d,151,data.control_log.v1,fallback_pychrono_unavailable,SI units in column names where applicable,fallback_schema_probe
data.writer_backend_manifest.v1,component_catalog_fallback_bundle,outputs/csv/data_visualization_state_log.csv,csv,python_csv,row_stream,code/data_visualization/generate_data_visualization_components.py,3d4c53704cf7b0f2fa4e4ec0cbac9a462faabb0e95ade94a1cee62bd05e544a5,151,data.state_log.v1,fallback_pychrono_unavailable,SI units in column names where applicable,fallback_schema_probe
data.writer_backend_manifest.v1,component_catalog_fallback_bundle,outputs/csv/environment_terrain_contact_probe.csv,csv,python_csv,row_stream,code/environment_terrain/generate_environment_terrain_components.py,b13fcf024b727d809b553687eaf5e2534eafb67612f2cea773e93315c082eeb3,201,terrain.contact_probe.v1,fallback_pychrono_unavailable,SI units in column names where applicable,fallback_schema_probe
data.writer_backend_manifest.v1,component_catalog_fallback_bundle,outputs/csv/environment_terrain_height_friction_sinkage.csv,csv,python_csv,row_stream,code/environment_terrain/generate_environment_terrain_components.py,c0c2172739b2c9abd4b62efeda40db798e42b14a2394d62f6c6e920b908dabc2,2501,terrain.surface_probe.v1,fallback_pychrono_unavailable,SI units in column names where applicable,fallback_schema_probe
data.writer_backend_manifest.v1,component_catalog_fallback_bundle,outputs/csv/rover_vehicle_chassis_probe.csv,csv,python_csv,row_stream,code/rover_vehicle/generate_rover_vehicle_components.py,6f6bf9785b9d05cb723512cffe519dba064f4bd19097e1ac97d99f0a7a6c295c,201,rover.chassis_smoke_probe.v0,deterministic_chassis_probe_pychrono_unavailable,SI units in column names where applicable,fallback_schema_probe
data.writer_backend_manifest.v1,component_catalog_fallback_bundle,outputs/csv/scm_soil_profile_manifest.csv,csv,python_csv,row_stream,code/environment_terrain/generate_environment_terrain_components.py,ef30fc7074acceb0f3a907090a34934f3693a3f8ceb5390185ca8e1805ea3e5d,1,terrain.scm_soil_profile_manifest.v1,fallback_terrain_schema_only_pychrono_unavailable,SI units in column names where applicable,fallback_schema_probe
data.writer_backend_manifest.v1,component_catalog_fallback_bundle,outputs/csv/sensor_filter_catalog.csv,csv,python_csv,row_stream,code/data_visualization/generate_data_visualization_components.py,63cf221f6359f0f169d5c527941233a738fb27582b1c307521435c33e710c1b9,11,sensor.filter_catalog.v1,fallback_sensor_schema_only_pychrono_sensor_unavailable,SI units in column names where applicable,fallback_schema_probe
data.writer_backend_manifest.v1,component_catalog_fallback_bundle,outputs/csv/sensor_manifest.csv,csv,python_csv,row_stream,code/data_visualization/generate_data_visualization_components.py,0ad11b911feedf723b3c7310db0b9ad2acb0884b4bd8d35ffdcff8eecf17f754,4,sensor.output_manifest.v1,fallback_sensor_schema_only_pychrono_sensor_unavailable,SI units in column names where applicable,fallback_schema_probe
data.writer_backend_manifest.v1,component_catalog_fallback_bundle,outputs/csv/sensor_timing_schedule.csv,csv,python_csv,row_stream,code/data_visualization/generate_data_visualization_components.py,f71fcceaf59565ff484897ba9b868ff6ab6ead99fbd4cf8a1f4148eb4e006286,24,sensor.timing_schedule.v1,fallback_sensor_schema_only_pychrono_sensor_unavailable,SI units in column names where applicable,fallback_schema_probe
data.writer_backend_manifest.v1,component_catalog_fallback_bundle,outputs/csv/terrain_material_region_map.csv,csv,python_csv,row_stream,code/environment_terrain/generate_environment_terrain_components.py,ba2bbf21ac20327d2c93b25a67a84211e14d5a56e499cd85ff761074727f123a,3,terrain.material_region_map.v1,fallback_terrain_schema_only_pychrono_unavailable,SI units in column names where applicable,fallback_schema_probe
data.writer_backend_manifest.v1,component_catalog_fallback_bundle,outputs/csv/terrain_patch_manifest.csv,csv,python_csv,row_stream,code/environment_terrain/generate_environment_terrain_components.py,6a5e62baef01ad3209f5a66724675a30853f2e71b2c297cedbd74f469148c710,3,terrain.patch_manifest.v1,fallback_terrain_schema_only_pychrono_unavailable,SI units in column names where applicable,fallback_schema_probe
data.writer_backend_manifest.v1,component_catalog_fallback_bundle,outputs/csv/terrain_query_probe.csv,csv,python_csv,row_stream,code/environment_terrain/generate_environment_terrain_components.py,a248090eaf36ec2f2df676d4b5c3db328e125085f3204ee689975adfc10ee322,2501,terrain.query_probe.v1,fallback_pychrono_unavailable,SI units in column names where applicable,fallback_schema_probe
data.writer_backend_manifest.v1,component_catalog_fallback_bundle,outputs/csv/terrain_surface_probe.csv,csv,python_csv,row_stream,code/environment_terrain/generate_environment_terrain_components.py,c0c2172739b2c9abd4b62efeda40db798e42b14a2394d62f6c6e920b908dabc2,2501,terrain.surface_probe.v1,fallback_pychrono_unavailable,SI units in column names where applicable,fallback_schema_probe
data.writer_backend_manifest.v1,component_catalog_fallback_bundle,outputs/csv/vehicle_axle_wheel_map.csv,csv,python_csv,row_stream,code/rover_vehicle/generate_rover_vehicle_components.py,79c261f3d50ff6c7339023adfdba7f0ec3c380b4d68565e8eb1aafed692f482e,4,vehicle.axle_wheel_map.v1,fallback_vehicle_schema_only_pychrono_unavailable,SI units in column names where applicable,fallback_schema_probe
data.writer_backend_manifest.v1,component_catalog_fallback_bundle,outputs/csv/vehicle_frame_hardpoint_map.csv,csv,python_csv,row_stream,code/rover_vehicle/generate_rover_vehicle_components.py,3d6ae2a822382ef01711df1784f6a874658899985fdb51b0f84cdfb4b7f68227,7,vehicle.frame_hardpoint_map.v1,fallback_vehicle_schema_only_pychrono_unavailable,SI units in column names where applicable,fallback_schema_probe
data.writer_backend_manifest.v1,component_catalog_fallback_bundle,outputs/csv/vehicle_subsystem_probe.csv,csv,python_csv,row_stream,code/rover_vehicle/generate_rover_vehicle_components.py,2598936e022b9e18482353127b1e359c0cc4330f57a17f60bf5cb5e1f798ebed,101,vehicle.subsystem_probe.v1,fallback_vehicle_schema_only_pychrono_unavailable,SI units in column names where applicable,fallback_schema_probe
data.writer_backend_manifest.v1,component_catalog_fallback_bundle,outputs/json/collision_backend_comparison.json,json,python_json,document,code/collision_contact/generate_collision_contact_components.py,a9f6199de57534cafe82ae92fd267829ba67ec124ef70b9936fab26d01dd8434,1,collision.backend_comparison.v1,deterministic_contact_probe_pychrono_unavailable,SI units in column names where applicable,fallback_schema_probe
data.writer_backend_manifest.v1,component_catalog_fallback_bundle,outputs/json/collision_family_filter_map.json,json,python_json,document,code/collision_contact/generate_collision_contact_components.py,2ff7cad1faec2057bb879a70c149b4705eb63b1ee9eee69f873027c1fbc0d651,2,collision.family_filter_map.v1,deterministic_contact_probe_pychrono_unavailable,SI units in column names where applicable,fallback_schema_probe
data.writer_backend_manifest.v1,component_catalog_fallback_bundle,outputs/json/collision_model_registry.json,json,python_json,document,code/collision_contact/generate_collision_contact_components.py,473a0a7dbe35ae2eb74b14f5593b7738270ca243a30d590957da9ddaae2f3481,2,collision.model_registry.v1,deterministic_contact_probe_pychrono_unavailable,SI units in column names where applicable,fallback_schema_probe
data.writer_backend_manifest.v1,component_catalog_fallback_bundle,outputs/json/collision_shape_manifest.json,json,python_json,document,code/collision_contact/generate_collision_contact_components.py,07f7ec96ad872f2e15adb6b9134f9baa70b7582399b517c305a9992f56ef8d21,3,collision.shape_manifest.v1,deterministic_contact_probe_pychrono_unavailable,SI units in column names where applicable,fallback_schema_probe
data.writer_backend_manifest.v1,component_catalog_fallback_bundle,outputs/json/collision_system_manifest.json,json,python_json,document,code/collision_contact/generate_collision_contact_components.py,9d4ae7a9360d6ab21202f951f4eb86d83e92617df631d7b792418e9791fae811,1,collision.system_manifest.v1,deterministic_contact_probe_pychrono_unavailable,SI units in column names where applicable,fallback_schema_probe
data.writer_backend_manifest.v1,component_catalog_fallback_bundle,outputs/json/contact_callback_manifest.json,json,python_json,document,code/collision_contact/generate_collision_contact_components.py,2cfd1e336e3f45e2e4a814bda415a3a392eec49bfe838513c5fb5341189c8203,2,collision.contact_callback_manifest.v1,deterministic_contact_probe_pychrono_unavailable,SI units in column names where applicable,fallback_schema_probe
data.writer_backend_manifest.v1,component_catalog_fallback_bundle,outputs/json/contact_container_manifest.json,json,python_json,document,code/collision_contact/generate_collision_contact_components.py,dbbfd99130a402ef8adf12fbcaa205116046b1ffed0e1aac68f3331fa02dfb49,1,collision.contact_container_manifest.v1,deterministic_contact_probe_pychrono_unavailable,SI units in column names where applicable,fallback_schema_probe
data.writer_backend_manifest.v1,component_catalog_fallback_bundle,outputs/json/contact_frame_debug_manifest.json,json,python_json,document,code/collision_contact/generate_collision_contact_components.py,36b90728b0ac3568c397ee775e71cb71c40a9f211d65ffe08e4fd31e57204934,1,collision.contact_frame_debug_manifest.v1,deterministic_contact_probe_pychrono_unavailable,SI units in column names where applicable,fallback_schema_probe
data.writer_backend_manifest.v1,component_catalog_fallback_bundle,outputs/json/contact_material_manifest.json,json,python_json,document,code/collision_contact/generate_collision_contact_components.py,1bc497dcee38a07554dd9a5de14dd5024b3edcba42b4877e6ef4c65c5e23e46e,1,collision.contact_material_manifest.v1,deterministic_contact_probe_pychrono_unavailable,SI units in column names where applicable,fallback_schema_probe
data.writer_backend_manifest.v1,component_catalog_fallback_bundle,outputs/json/contact_pair_material_policy.json,json,python_json,document,code/collision_contact/generate_collision_contact_components.py,806273ff7156b80c74a7fbb7eabc549746bd8f638c823dc548a7cd5a48d4ce33,1,collision.contact_pair_material_policy.v1,deterministic_contact_probe_pychrono_unavailable,SI units in column names where applicable,fallback_schema_probe
data.writer_backend_manifest.v1,component_catalog_fallback_bundle,outputs/json/robot_vsg_capture_manifest.json,json,python_json,document,code/common/generate_chrono_builtin_component_assets.py,f2801ce19c235c4cd4ab02cd9a18705b7b1c1b2978510fff3895c7298f20fe31,2,visual.vsg_robot_capture_manifest.v1,pychrono_vsg_capture,SI units in column names where applicable,pychrono_vsg_capture
data.writer_backend_manifest.v1,component_catalog_fallback_bundle,outputs/json/scm_soil_profile_manifest.json,json,python_json,document,code/environment_terrain/generate_environment_terrain_components.py,60d55bae71d77e16945fd15cd7b4ce6292142cc54ed02d91ffee2c52626bf0b8,1,terrain.scm_soil_profile_manifest.v1,fallback_terrain_schema_only_pychrono_unavailable,SI units in column names where applicable,fallback_schema_probe
data.writer_backend_manifest.v1,component_catalog_fallback_bundle,outputs/json/sensor_filter_catalog.json,json,python_json,document,code/data_visualization/generate_data_visualization_components.py,91d263db5052fe22df1e4e154513ed75ec35c92674b0d57013f6896a299bf973,11,sensor.filter_catalog.v1,fallback_sensor_schema_only_pychrono_sensor_unavailable,SI units in column names where applicable,fallback_schema_probe
data.writer_backend_manifest.v1,component_catalog_fallback_bundle,outputs/json/sensor_manifest.json,json,python_json,document,code/data_visualization/generate_data_visualization_components.py,8d7f6cb97b4895d15f43399aa37ec7ecf57b6e0a7d8aeb907c93d14d7874b296,4,sensor.output_manifest.v1,fallback_sensor_schema_only_pychrono_sensor_unavailable,SI units in column names where applicable,fallback_schema_probe
data.writer_backend_manifest.v1,component_catalog_fallback_bundle,outputs/json/sensor_module_capability_manifest.json,json,python_json,document,code/data_visualization/generate_data_visualization_components.py,57c643cc4dc2ff170d8519af307cd156904708214869bf3a310b8c20ee9330e9,4,sensor.module_capability_manifest.v1,fallback_sensor_schema_only_pychrono_sensor_unavailable,SI units in column names where applicable,fallback_schema_probe
data.writer_backend_manifest.v1,component_catalog_fallback_bundle,outputs/json/sensor_scene_manifest.json,json,python_json,document,code/data_visualization/generate_data_visualization_components.py,5c634e235033acab2994264de78444997fbc9f5fdd94f63e49ec47b823e35009,1,sensor.scene_manifest.v1,fallback_sensor_schema_only_pychrono_sensor_unavailable,SI units in column names where applicable,fallback_schema_probe
data.writer_backend_manifest.v1,component_catalog_fallback_bundle,outputs/json/sensor_timing_schedule.json,json,python_json,document,code/data_visualization/generate_data_visualization_components.py,397d39a45cc7ec2b000252abe4d5475a5f829db4bd99f6cfb61f45290e1bd7ab,24,sensor.timing_schedule.v1,fallback_sensor_schema_only_pychrono_sensor_unavailable,SI units in column names where applicable,fallback_schema_probe
data.writer_backend_manifest.v1,component_catalog_fallback_bundle,outputs/json/terrain_component_manifest.json,json,python_json,document,code/environment_terrain/generate_environment_terrain_components.py,66e11b08b263aa166e64dcc7883bf8d02532220359a158639cbaa7fa63a5fd5d,7,terrain.component_manifest.v1,fallback_pychrono_unavailable,SI units in column names where applicable,fallback_schema_probe
data.writer_backend_manifest.v1,component_catalog_fallback_bundle,outputs/json/terrain_deformable_domain_manifest.json,json,python_json,document,code/environment_terrain/generate_environment_terrain_components.py,9d77807343c8fcbc0c61c7d7e3e6cd37c98628c18ffabed9d3776db97b0ca449,4,terrain.deformable_domain_manifest.v1,fallback_terrain_schema_only_pychrono_unavailable,SI units in column names where applicable,fallback_schema_probe
data.writer_backend_manifest.v1,component_catalog_fallback_bundle,outputs/json/terrain_material_region_map.json,json,python_json,document,code/environment_terrain/generate_environment_terrain_components.py,20b1f2c2854f8ed634245ff0dd0a329b49a224be2dc3ca3df2cca503c9fbca9d,3,terrain.material_region_map.v1,fallback_terrain_schema_only_pychrono_unavailable,SI units in column names where applicable,fallback_schema_probe
data.writer_backend_manifest.v1,component_catalog_fallback_bundle,outputs/json/terrain_patch_manifest.json,json,python_json,document,code/environment_terrain/generate_environment_terrain_components.py,7f3d3bb529600bd82affb89bd5675a0f9777fc3a4ab1964dc752dae9ddd2210c,3,terrain.patch_manifest.v1,fallback_terrain_schema_only_pychrono_unavailable,SI units in column names where applicable,fallback_schema_probe
data.writer_backend_manifest.v1,component_catalog_fallback_bundle,outputs/json/vehicle_axle_wheel_map.json,json,python_json,document,code/rover_vehicle/generate_rover_vehicle_components.py,da6ffb03c86acbf2ceee1cfd20b3ce62961068e06f3f37125d67ad6be4efcf84,4,vehicle.axle_wheel_map.v1,fallback_vehicle_schema_only_pychrono_unavailable,SI units in column names where applicable,fallback_schema_probe
data.writer_backend_manifest.v1,component_catalog_fallback_bundle,outputs/json/vehicle_component_list.json,json,python_json,document,code/rover_vehicle/generate_rover_vehicle_components.py,edf51045ba74a432a70b17fe2d9f921642052277ceb4fb02a87f7b29ead92285,16,vehicle.component_list.v1,fallback_vehicle_schema_only_pychrono_unavailable,SI units in column names where applicable,fallback_schema_probe
data.writer_backend_manifest.v1,component_catalog_fallback_bundle,outputs/json/vehicle_frame_hardpoint_map.json,json,python_json,document,code/rover_vehicle/generate_rover_vehicle_components.py,e643bbf124911f568def569467ccc14f80b797a277b08a283df80b6c596a831a,7,vehicle.frame_hardpoint_map.v1,fallback_vehicle_schema_only_pychrono_unavailable,SI units in column names where applicable,fallback_schema_probe
data.writer_backend_manifest.v1,component_catalog_fallback_bundle,outputs/json/vehicle_model_spec_manifest.json,json,python_json,document,code/rover_vehicle/generate_rover_vehicle_components.py,8d272a55392ecd71ad6b343de5497b353b78e51654b87e26449c23f84deafcfe,1,vehicle.model_spec_manifest.v1,fallback_vehicle_schema_only_pychrono_unavailable,SI units in column names where applicable,fallback_schema_probe
data.writer_backend_manifest.v1,component_catalog_fallback_bundle,outputs/json/vehicle_subsystem_output_policy.json,json,python_json,document,code/rover_vehicle/generate_rover_vehicle_components.py,841ebaba6c8e04e268e63a2d3fb782b1cfe4241929c24a2c4680a03ff6f1bf04,16,vehicle.subsystem_output_policy.v1,fallback_vehicle_schema_only_pychrono_unavailable,SI units in column names where applicable,fallback_schema_probe
data.writer_backend_manifest.v1,component_catalog_fallback_bundle,outputs/json/vehicle_subsystem_types.json,json,python_json,document,code/rover_vehicle/generate_rover_vehicle_components.py,04ec1a32a7c62bce00fc1d56b939612058c6d534b2c5845d06f224a2a641d838,12,vehicle.subsystem_types.v1,fallback_vehicle_schema_only_pychrono_unavailable,SI units in column names where applicable,fallback_schema_probe
data.writer_backend_manifest.v1,component_catalog_fallback_bundle,outputs/json/vehicle_vsg_capture_manifest.json,json,python_json,document,code/common/generate_chrono_builtin_component_assets.py,fc92a01eb5ada5fbe9d46fb8278f25b95f786a0f2fe94e05084e24d5690eac9f,2,visual.vsg_vehicle_capture_manifest.v1,pychrono_vsg_capture,SI units in column names where applicable,pychrono_vsg_capture
