time,x,y,z,roll_deg,pitch_deg,yaw_deg,target_x,target_y,speed_cmd,steering_cmd,turn_mode,wheel_omega,steer_left_deg,steer_right_deg
0.05000000000000004,-4.726657479542738e-05,1.8850001795803585e-06,0.5276128273008688,0.000487530227573297,-0.019035294790143594,-0.028627643775745452,1.4,0.0,1.4,0.6116248369216919,1.0,0.2500000000000006,3.072038418516704,2.931259850172169
0.10000000000000007,-0.00018806278858706586,-2.5564258918068516e-06,0.4906965013357456,0.003596678580535877,-0.07573531236991143,-0.05764238807682136,1.4,0.0,1.4,0.4907950758934021,0.8886781632900238,0.500000000000002,6.2943462844682445,5.73186540834309
0.1500000000000001,-0.0004218118873061979,-1.966886488473722e-05,0.42925077194486533,0.011931497531090355,-0.16986519072443712,-0.08684811529233324,1.4,0.0,1.4,0.4929339289665222,0.884000688791275,0.7499999999999981,9.675282530839608,8.412194933330646
0.20000000000000015,-0.0007476500909474071,-5.5473167735949454e-05,0.343275214883649,0.027955124877540698,-0.30107291784841367,-0.11585476395594026,1.4,0.0,1.4,0.4931236505508423,0.8842582404613495,0.9999999999999938,13.221448098784265,10.982604791945604
0.25000000000000017,-0.001164578250368878,-0.00011573576001221966,0.23276922851040838,0.053537548915069004,-0.468960751592227,-0.13480101548208964,1.4,0.0,1.4,0.49336233735084534,0.8844626247882843,1.2499999999999893,15.447891293813793,12.487924065271093
0.3000000000000002,-0.0016734512951269084,-0.00019484124345261125,0.09773193861247621,0.08589392080219092,-0.6739134758564572,-0.13513415611402546,1.4,0.0,1.4,0.49356526136398315,0.884666383266449,1.499999999999985,15.454962332218104,12.492583700644218
0.35000000000000026,0.041728209901734294,0.0013885755978925974,0.0442542493268104,0.40409487824080853,-0.005083629327212406,-0.6247330411698658,1.4,0.0,1.4,0.49368196725845337,0.884836733341217,1.7499999999999805,15.459029313160249,12.495263403240429
0.4000000000000003,0.09804239053715544,0.004399629743926233,0.040271387161982586,0.007895687710151415,0.022041518862019202,-1.5791330398231882,1.4,0.0,1.4,0.4878133535385132,0.8735477030277252,1.9999999999999762,15.254769909843064,12.360375146346628
0.45000000000000034,0.13750322294794975,0.008239656869408623,0.04017511958887937,0.017015159315767223,-0.00010007906138613008,-1.5358082627636538,1.4,0.0,1.4,0.48093003034591675,0.8584766089916229,2.249999999999987,15.01584507838019,12.201803573356585
0.5000000000000003,0.16882787655504083,0.012128391895142882,0.04011734346580891,0.00013009011434334935,-0.006246967830687255,-0.9271417865090477,1.4,0.0,1.4,0.47080981731414795,0.8444618582725525,2.500000000000006,14.665843241479706,11.967951511373355
0.5499999999999948,0.1991280681787843,0.01529857606054816,0.040105245620871234,0.0009206180954831212,-0.002123023321302122,-0.16118353605719937,1.4,0.0,1.4,0.45873916149139404,0.8306035697460175,2.750000000000025,14.250374035911813,11.687910986164948
0.5999999999999893,0.23282473568988837,0.018117635626723933,0.04006192261289317,-0.0002754007367344182,0.0009712897213793084,0.5720618913692771,1.4,0.0,1.4,0.44574540853500366,0.8161185681819916,3.0000000000000435,13.805546385085249,11.38507890664667
0.6499999999999838,0.2690288737014716,0.020954282254046188,0.040061437042717564,-0.0010754117081728156,0.001583047211635242,1.354738167812993,1.4,0.0,1.4,0.43168771266937256,0.8000175058841705,3.250000000000062,13.327111042463878,11.055824375468875
0.6999999999999783,0.3078207626738055,0.02415051573622374,0.04006383788487011,-0.0014083746730246746,0.0016128666908417821,2.160615572522344,1.4,0.0,1.4,0.41604751348495483,0.782111793756485,3.500000000000081,12.798249615084751,10.68749191203427
0.7499999999999728,0.35003256592507354,0.028424013595327258,0.040084748129826174,-0.0008022147217123147,-0.00024863458429236034,2.9790307036750114,1.4,0.0,1.4,0.3987077474594116,0.762212872505188,3.7500000000000995,12.216134270301552,10.276619020403523
0.7999999999999673,0.3951810805355134,0.03375670288091727,0.04009894270357052,-0.0009078286542198591,-0.0019827194521875556,3.813869011329385,1.4,0.0,1.4,0.37903204560279846,0.7396532446146011,4.000000000000118,11.56095062099861,9.807139834921548
0.8499999999999618,0.4434536582033426,0.04010390718922506,0.040093397757003595,2.9839932160620116e-05,-0.0009966558616982975,4.630192543307678,1.4,0.0,1.4,0.3569401502609253,0.7143751680850983,4.250000000000122,10.832061703090208,9.275809036720046
0.8999999999999563,0.49520024048723793,0.04786624858695897,0.040087314970033455,-0.00011169674778178496,-0.0018679226704035451,5.413919145343234,1.4,0.0,1.4,0.3324275016784668,0.6862665414810181,4.500000000000094,10.031617633879112,8.680953539935691
0.9499999999999508,0.5498919173577353,0.056859105686238545,0.04007663451651708,-0.00035287150450317897,-0.0018699340883813215,6.182199353412576,1.4,0.0,1.4,0.3050752878189087,0.6549103409051895,4.750000000000067,9.148702324692831,8.010458348127868
0.9999999999999453,0.6080088602995004,0.06726915815386234,0.04003219138816308,0.0005738901746786507,0.0018631548860448494,6.872582227520481,1.4,0.0,1.4,0.2748476266860962,0.620339885354042,5.000000000000039,8.185439158412796,7.261018437939338
1.0499999999999399,0.6689197091719272,0.07851151032887757,0.04005882474229286,0.0003211419955462513,-0.0014025314965205934,7.502021811463679,1.4,0.0,1.4,0.2417013943195343,0.5823955237865448,5.2500000000000115,7.144058251631838,6.428742970025047
1.0999999999999344,0.7323819979729087,0.09074370336155123,0.0400598454296295,0.0004473602134912177,-0.002556838970952171,8.065663306093422,1.4,0.0,1.4,0.20592166483402252,0.5414516627788544,5.499999999999984,6.0371892300114265,5.517700465389164
1.1499999999999289,0.7989507508443618,0.10379957874106398,0.0400477503757483,0.0005770981858663037,-0.0021399123230009033,8.534598568346071,1.4,0.0,1.4,0.16739684343338013,0.4975656159222126,5.7499999999999565,4.865109494247728,4.5216526064218385
1.1999999999999234,0.8677917913895563,0.1173943297920352,0.040004894214208775,0.00020637545592222685,0.0007482616002874832,8.897549819325812,1.4,0.0,1.4,0.12592415511608124,0.4505739286541939,5.833333333333333,3.625767236853936,3.431335515172856
1.2499999999999178,0.9367665873999781,0.13073957744437367,0.04001638152804389,0.0004307127591157636,-0.0010118780805080327,9.150404799948713,1.4,0.0,1.4,0.08173336088657379,0.40096984803676605,5.833333333333333,2.330234929126225,2.2482988059573805
1.2999999999999123,1.0058048642321498,0.1430110160913842,0.04000363180219819,-4.149242507561025e-06,-0.0003848430011000009,9.261284607971893,2.8,0.55,1.4,0.03587502986192703,0.3501727730035782,5.833333333333333,1.0124570192776252,0.996668709529665
1.3499999999999068,1.07825055971307,0.15580385714166925,0.045427528453846164,0.0066954282722396135,0.5080073915083283,9.998319934041367,2.8,0.55,1.4,0.5197206139564514,0.9046753644943237,5.833333333333333,4.133798384833514,3.8830343333665556
1.3999999999999013,1.1469496081551254,0.1672162491326694,0.04019408414230566,0.002834460282665454,0.0007071679019493005,11.274322806222202,2.8,0.55,1.4,0.5014957785606384,0.9030626714229584,5.833333333333333,7.408362471580253,6.642208005563471
1.4499999999998958,1.2162071521076514,0.18444023387945377,0.04017237498228831,0.0025072164150083233,0.0016895063052397388,12.811524608231046,2.8,0.55,1.4,0.47672173380851746,0.8755653202533722,5.833333333333333,10.843995626201453,9.284586763975158
1.4999999999998903,1.2852871025926682,0.20432208212841607,0.040167383092547145,0.004924549628503188,0.002441566327218547,14.397551758468309,2.8,0.55,1.4,0.44553256034851074,0.8426497876644135,5.833333333333333,13.798280569705692,11.380106303711413
1.5499999999998848,1.3533845147364856,0.2268011436119713,0.040112893700388376,0.002639866843729631,0.0028358160571592375,15.92185725335369,2.8,0.55,1.4,0.41015389561653137,0.8056448996067047,5.833333333333333,12.59989758399377,10.548138867215759
1.5999999999998793,1.4203920920273654,0.2511134947771014,0.04009209533431491,0.0009177494642486041,0.001898990766754354,17.27408465440593,2.8,0.55,1.4,0.37159034609794617,0.765312910079956,5.833333333333333,11.314626834815497,9.62866019287451
1.6499999999998738,1.486603115223914,0.27696556379854875,0.040085620858346584,0.0011075880638805673,0.0002971896563451257,18.45052053632972,2.8,0.55,1.4,0.33141374588012695,0.7227644771337509,5.833333333333333,9.998701635924471,8.656230599136997
1.6999999999998683,1.5521230601671847,0.30379407018205323,0.040075957390951766,0.002688032298264342,0.0013766160579312702,19.439417031640332,2.8,0.55,1.4,0.29027751088142395,0.6785684674978256,5.833333333333333,8.67551435902057,7.644697371577325
1.7499999999998628,1.616977307559889,0.33126576667147467,0.04004946856391767,0.0004394341559411045,0.00044565875651071175,20.269353031353383,2.8,0.55,1.4,0.249113991856575,0.6335267573595047,5.833333333333333,7.3756032875691755,6.6158336076295905
1.7999999999998573,1.6814402488909084,0.3589579973072435,0.04004675713370431,0.0006237693375477406,-0.0006033054201515076,20.913688317788505,2.8,0.55,1.4,0.2083837240934372,0.5881922021508217,5.833333333333333,6.11278625079938,5.580818925015067
1.8499999999998518,1.7460468493632955,0.38751191501514015,0.04003831091662575,-0.00025737753915154653,0.0001988830723720958,21.42468791925102,2.8,0.55,1.4,0.1688472479581833,0.5432600378990173,5.833333333333333,4.908870576719963,4.559441728789896
1.8999999999998463,1.81027757959627,0.4158782015278835,0.04003274692202045,0.00015694709669788416,-0.0012075993868757616,21.80440256187537,2.8,0.55,1.4,0.1298394799232483,0.4983794093132019,5.833333333333333,3.741789189748217,3.535085346619515
1.9499999999998407,1.8743648234854162,0.4441304579575716,0.04000807575581518,0.00021637460014898145,0.0002985310446164018,22.08839177941385,2.8,0.55,1.4,0.09222027659416199,0.45450765639543533,5.833333333333333,2.635372328358706,2.531067535206011
1.9999999999998352,1.9386574806768428,0.47191856443259383,0.04000095167785549,-1.7460124274074347e-05,0.0005208481548347449,22.258626302359406,2.8,0.55,1.4,0.05569318309426308,0.41167423129081726,5.833333333333333,1.5786650444754584,1.5406171879534358
2.049999999999852,2.0031796512129487,0.4989855919126772,0.040005006005415594,0.0002875748101319332,-0.0002771363956720326,22.320073964323512,2.8,0.55,1.4,0.02048492804169655,0.37021295726299286,5.833333333333333,0.576163496001934,0.5710155746576479
2.0999999999998686,2.0666848842659866,0.5248148621057304,0.040001687683760716,0.00010218645480084399,0.0002143709636665832,22.29740679108,2.8,0.55,1.298552083969116,-0.013359718024730682,0.3304293006658554,5.583333333333361,-0.3729805184816687,-0.37517009896394987
2.1499999999998853,2.1277651287655233,0.5490811068067057,0.039998135254237906,0.0001472129933715804,3.354583756778626e-05,22.221590206395227,2.8,0.55,1.1363315820693969,-0.03599582985043526,0.3193521946668625,5.333333333333388,-0.9999984873920752,-1.0158932979745021
2.199999999999902,2.1861685645944706,0.5719332218147755,0.04000763986279959,-0.00020518611808452536,-0.00031151934819568557,22.114038829146686,2.8,0.55,0.9499472260475158,-0.05261549726128578,0.3278917819261551,5.083333333333416,-1.4564499272826787,-1.4904091753706061
2.2499999999999187,2.242110699522986,0.5933298678990195,0.040001785682605984,-0.00017712356697494665,0.00041811871549141046,21.98126442387787,2.8,0.55,0.7436033010482788,-0.06721314787864685,0.34704428911209106,4.833333333333443,-1.8546690928727756,-1.9100825261042864
2.2999999999999354,2.2954527501256625,0.6133458207228054,0.040001778876192044,-0.00037819838716913903,0.00036809856143262763,21.82252284791993,2.8,0.55,0.5165307641029357,-0.08052432537078857,0.37581031024456024,4.583333333333471,-2.215616620268697,-2.295147099733944
2.349999999999952,2.3460842327864713,0.6320803461521622,0.040012443097966394,-0.0004088574935661458,-0.00042023766860177215,21.643162289405858,2.8,0.55,0.27014311552047726,-0.09287725389003754,0.4141870513558388,4.333333333333498,-2.5487400136181315,-2.6545358243425237
2.399999999999969,2.394162524127112,0.6495087938243227,0.04001856908666229,-0.00025671526528775446,-0.0006593962175424773,21.445596315532136,4.1,0.15,0.009992575272917747,-0.10480809211730957,0.46065177023410797,4.08333333333351,-2.8688143316664076,-3.003526433572781
2.4499999999999855,2.441137218106178,0.6678493572273312,0.040040443512313256,-9.165791893408934e-06,-0.003802931882399778,21.471449341365766,4.1,0.15,1.4,0.028874635696411133,0.7422370612621307,4.333333333333498,0.06540687464514809,0.06534000098965725
2.500000000000002,2.491358094720526,0.6866096479759203,0.04000137415516804,0.00015433754833997097,0.00024698328279757555,21.34261030654897,4.1,0.15,1.4,-0.08580967783927917,0.4161284267902374,4.583333333333471,-2.358363416389573,-2.448674236171371
2.550000000000019,2.544753162614178,0.7051427928088208,0.04001050816574134,-5.577378806244978e-05,-0.0003879673461696214,21.111126228532427,4.1,0.15,1.4,-0.10173593461513519,0.39056339859962463,4.833333333333443,-2.7865518251850814,-2.9134848302193084
2.6000000000000356,2.6010984296296566,0.7246301054420837,0.040014338718788345,-0.0004444915883114829,-0.00038441594681425535,20.85680915962353,4.1,0.15,1.4,-0.12087644636631012,0.36684276163578033,5.083333333333416,-3.297325324580205,-3.476488936451955
2.6500000000000523,2.660397628226216,0.7445771486420191,0.040021350311019145,-3.4277501511116866e-05,-0.0012175393224269548,20.556401728258834,4.1,0.15,1.4,-0.14097686111927032,0.3417752832174301,5.333333333333388,-3.829271633703682,-4.072933958587472
2.700000000000069,2.723035869079793,0.7642571494300551,0.04005687326836543,-1.5887312511384228e-05,-0.004909785551502659,20.177883573674222,4.1,0.15,1.4,-0.16175396740436554,0.31575827300548553,5.583333333333361,-4.3744141416690665,-4.695125172534398
2.7500000000000857,2.7886189243601756,0.784285232977595,0.04000339669303543,0.0003470870138416219,0.0008339946413234711,19.75999178827117,4.1,0.15,1.4,-0.18283970654010773,0.2891196012496948,5.833333333333333,-4.9228342207359,-5.332511419542531
2.8000000000001024,2.854976318965035,0.8040830119286229,0.04001742456257562,-0.0006154193494629453,-0.0004066888404506416,19.323540017245705,4.1,0.15,1.3615304946899414,-0.2046288698911667,0.26179756224155426,5.673043727874756,-5.484532198785866,-5.997527676456112
2.850000000000119,2.919695067595039,0.8225786054918797,0.04001545359680922,-0.0004397630677289309,-0.0001689755422602959,18.86798677048331,4.1,0.15,1.2325959682464598,-0.22538483142852783,0.24250918626785278,5.423043727874783,-6.014932067860404,-6.637088926303598
2.900000000000136,2.981676114285415,0.8395109944858794,0.04000686980300436,-0.000435126541663488,0.0005724445356723409,18.39917691010269,4.1,0.15,1.0817179322242736,-0.24319888651371002,0.24336490035057068,5.173043727874811,-6.466584264054327,-7.190772890809164
2.9500000000001525,3.041006191962117,0.8549094262039145,0.040010922407643215,-0.001013946053521124,0.000607523695486951,17.91763545502791,4.1,0.15,0.9195468306541442,-0.2596656084060669,0.2518594413995743,4.9230437278748385,-6.881187487412482,-7.706532039483
3.000000000000169,3.0977158268597234,0.868926018888654,0.040015148551328567,-0.0008931267171967488,0.0002722069132000919,17.427207213995803,4.1,0.15,0.7478065013885498,-0.27476775646209717,0.26613394916057587,4.673043727874866,-7.2590262424857865,-8.18291116642352
3.050000000000186,3.151586848001827,0.8816644711122144,0.040017863599063924,-0.0005471780694847559,0.00019234124903478515,16.928616970181277,4.1,0.15,0.5676479220390319,-0.28834301233291626,0.28590013086795807,4.4230437278748935,-7.596723217357803,-8.61388613793331
3.1000000000002026,3.202672180214024,0.8931677112884844,0.04002334576084403,-0.0007525820344001365,-0.0001385708413528843,16.41987411254443,4.1,0.15,0.3816674470901489,-0.3000655472278595,0.31088264286518097,4.173043727874921,-7.886870568249176,-8.988155360277878
3.1500000000002193,3.2511325661651878,0.9034566657485799,0.04001386067210486,-0.0006786656417663644,0.0007277745605053333,15.915461397585867,4.1,0.15,0.19328381717205045,-0.30972054600715637,0.34014298021793365,3.9230437278749033,-8.1248367469134,-9.29789018689349
3.200000000000236,3.296671891506956,0.9127230255169855,0.040021928805494995,-0.0008152888529402247,2.162623768776877e-05,15.414698010780166,4.1,0.15,0.006275488622486591,-0.3173398971557617,0.37218156456947327,3.6730437278748846,-8.311993575696755,-9.543265548089371
3.2500000000002527,3.33941643576346,0.9210012072964773,0.04002453294381242,-0.0006158190561643311,0.00015244716050030836,14.924539471345431,4.1,0.15,-0.17368874251842498,-0.3228730857372284,0.4054737165570259,3.4230437278748655,-8.447557432905906,-9.721981246286411
3.3000000000002694,3.3793963800828504,0.9283681470517312,0.040029255619606234,-0.0011814112323698818,-0.00032344689097202757,14.450105713921177,4.1,0.15,-0.34185251295566554,-0.3266676366329193,0.43788155913352966,3.173043727874847,-8.540355136124425,-9.844796035767331
3.350000000000286,3.4167193889539753,0.9347412230114375,0.04002496614486747,-0.001110477534429602,5.0247773458362206e-05,13.997138130376417,4.1,0.15,-0.49458358287811277,-0.32913458347320557,0.46770866960287094,2.9230437278748282,-8.600611964970161,-9.924752938363634
3.400000000000303,3.4511184234225505,0.9403139102167835,0.040032042898500216,-0.0008482310360367957,-0.0004966951838047134,13.569704439240533,4.1,0.15,-0.6302317142486572,-0.33070605993270874,0.4938161689788103,2.6730437278748096,-8.638966148012244,-9.975732334337614
3.4500000000003195,3.482589909373692,0.9452544958754558,0.04002914412952817,-0.0018706003191289822,-2.4908147132137013e-05,13.178756982466675,4.1,0.15,-0.7479685544967651,-0.3317006230354309,0.5158697981387377,2.423043727874791,-8.663227796722893,-10.008014845058904
3.500000000000336,3.510942752237881,0.9494698387045627,0.040014435681819845,-0.0009654781729929511,0.0007372034956209251,12.812202225659496,4.1,0.15,-0.8487350463867187,-0.33248794078826904,0.53377565741539,2.1730437278747723,-8.68242718913422,-10.033580522201596
3.550000000000353,3.536126189277098,0.9531356991632307,0.040027811718714834,-0.0010341990457246946,-0.0010040301953177938,12.483684966780276,4.1,0.15,-0.9336598873138428,-0.3330356180667877,0.5481617972254753,1.9230437278747683,-8.69577928471504,-10.051369911911108
3.6000000000003696,3.5583462943240884,0.9561866288266514,0.0400096410907191,-0.0006720154929650181,0.000676948955813811,12.189514669014422,4.1,0.15,-1.004551863670349,-0.3335404396057129,0.5594476759433746,1.6730437278747727,-8.708084061382097,-10.06777112423455
3.6500000000003863,3.5774597134798425,0.9586923402178127,0.04002640377280503,-0.0010629445907705652,-0.0007016764386918947,11.934804693662207,4.1,0.15,-1.0636049509048462,-0.33400455117225647,0.5682168453931808,1.4230437278747772,-8.719394422630524,-10.082852957308235
3.700000000000403,3.593647464485024,0.9606864891388984,0.040013226917858594,-0.0005223564900970878,-7.777860102028607e-05,11.723406995300854,4.1,0.15,-1.1122082829475401,-0.33437666296958923,0.5751226246356964,1.1730437278747816,-8.728461283763314,-10.094947404032949
3.7500000000004197,3.606697783038721,0.9621959815933091,0.04000664372589743,-0.0003313097930246943,0.00030523396892800827,11.5484165743416,4.1,0.15,-1.1519396662712096,-0.3347005546092987,0.5805009454488754,0.923043727874786,-8.736352147556529,-10.105476221017076
3.8000000000004364,3.616660900948014,0.9632666888029129,0.04000910323038588,-0.0002415791026639205,-0.00018841392483815773,11.413505310842153,4.1,0.15,-1.1832972764968872,-0.3348316550254822,0.584878146648407,0.6730437278747904,-8.739545820949221,-10.109738362712383
3.850000000000453,3.6235213897446905,0.9642714893080292,0.0400128928793291,-2.8315079721013817e-05,6.714869126939213e-05,11.30949766502148,4.1,0.15,-1.207013440132141,-0.33481884002685547,0.5883831977844238,0.42304372787479244,-8.73923364818001,-10.109321729574694
3.9000000000004698,3.6276194850545345,0.9651928076345713,0.0400108428047212,-0.00037191661972252744,0.00025454504969444686,11.221560943766171,4.1,0.15,-1.2232719898223876,-0.334675133228302,0.5911953076720238,0.17304372787479105,-8.735732850848729,-10.10464978768459
3.9500000000004865,3.628814350505462,0.9658633032289551,0.040013702290067434,7.206402270185235e-05,0.000519460653699287,11.14871500593162,4.1,0.15,-1.232773458957672,-0.33440983295440674,0.5933514311909676,-0.07695627212520915,-8.729269438654025,-10.09602559828423
4.000000000000503,3.6271690607184546,0.9663184614755729,0.04001334144235025,-0.000415759692351624,0.00026855524038109813,11.088145335237762,4.1,0.15,-1.2356377601623534,-0.33390486240386963,0.5951019003987312,-0.3269562721252102,-8.716965187446757,-10.079613194664706
4.050000000000475,3.622685660772475,0.9665310130089644,0.0400150348500779,-0.000639457106764006,9.483055867688317e-05,11.038721356665574,4.1,0.15,-1.231989812850952,-0.3331712484359741,0.5964715704321861,-0.5769562721252104,-8.699085445461256,-10.055776062415157
4.100000000000447,3.615444629681249,0.966564678364194,0.04002052376408862,-0.0008668761976699045,0.0003559991033216495,10.989275555829275,4.1,0.15,-1.221829867362976,-0.3321824371814728,0.5974998846650124,-0.826956272125206,-8.674977929869163,-10.023659185675616
4.15000000000042,3.6052696968427607,0.9660452253202838,0.040030028740098894,-0.0010913248498593078,-0.00020509854896649728,10.936324206413529,4.1,0.15,-1.2049786806106566,-0.33090823888778687,0.5982009619474411,-1.0769562721252015,-8.643898918012686,-9.982293700588281
4.200000000000392,3.591857531085704,0.9648861289412838,0.040043708057097574,-0.0002753821841311901,-0.000677078981221372,10.886145899339102,4.1,0.15,-1.1809882283210753,-0.3291863203048706,0.5986803621053696,-1.326956272125197,-8.601875051730486,-9.926430736219778
4.250000000000364,3.5757319749072747,0.9635750849591109,0.040033491673923914,-0.0017678015856856587,0.0007984387576627098,10.831329441683033,4.1,0.15,-1.148984658718109,-0.3269510269165039,0.5989204794168472,-1.5769562721251928,-8.547280079755101,-9.853976609986308
4.300000000000336,3.5566748100037717,0.9620965294166789,0.0400549246935741,-0.0019094775284957204,-0.0004236788877487161,10.754621491277346,4.1,0.15,-1.108959126472473,-0.32443276047706604,0.5984735414385796,-1.8269562721251884,-8.485716722947142,-9.772436682928177
4.350000000000309,3.535040903339557,0.9603313176384908,0.04005812873174708,-0.00186223260112737,-0.0005709900564132567,10.6720308454349,4.1,0.15,-1.0596999049186706,-0.321408212184906,0.5974557101726532,-2.076956272125184,-8.411696385220003,-9.67462456570387
4.400000000000281,3.5106006263557195,0.9582921145537941,0.04005590467063576,-0.0010277699134236915,0.0006144409025447892,10.57265970977133,4.1,0.15,-1.0012664079666138,-0.31804272532463074,0.5953730046749115,-2.326956272125202,-8.329229238792577,-9.565941651352196
4.450000000000253,3.4833688981643744,0.9561431779396441,0.04005436530836821,-0.0018392215604251302,0.0008026504872609689,10.467746228795654,4.1,0.15,-0.9322859406471252,-0.3141137957572937,0.5922868400812149,-2.5769562721252206,-8.23281800188294,-9.439269549823935
4.500000000000226,3.45345952762189,0.9537077191694201,0.04004774644940878,-0.001987979454116503,0.0013089613932191183,10.349377064281807,4.1,0.15,-0.8516128659248352,-0.30972543358802795,0.587701216340065,-2.8269562721252397,-8.124956981874012,-9.298047320302762
4.550000000000198,3.420737535270504,0.9509989833232059,0.0400857902326224,-0.0003607927619088015,-0.0002399043338001479,10.233429519263678,4.1,0.15,-0.7581498622894287,-0.3047510087490082,0.5812715515494347,-3.0769562721252584,-8.002465935112273,-9.138299281933657
4.60000000000017,3.386547505985366,0.9481344953010782,0.040086811247693796,-0.00045987433330257763,-0.002836411252646449,10.114088467471962,4.1,0.15,-0.6504819691181183,-0.2991713881492615,0.572550393640995,-2.8269562721252397,-7.864786401718614,-8.95953806982864
4.6500000000001425,3.3545380118531583,0.9452906100658538,0.04003904695271073,-0.0008544785164783392,0.0012356903247191383,10.03623911805542,4.1,0.15,-0.5302003026008606,-0.29332447052001953,0.5605768486857414,-2.5769562721252206,-7.720185134801061,-8.77269102162986
4.700000000000115,3.3256091613071264,0.9425698660430595,0.040039597785918424,0.00013487620465692498,0.00023913495437446127,9.979234890681967,4.1,0.15,-0.4071746230125427,-0.288541704416275,0.5439983904361725,-2.326956272125202,-7.6016523339956725,-8.62021350581461
4.750000000000087,3.2992234823152997,0.9400183902094326,0.040059540025418235,-0.0003723594758089013,-0.002113344381207519,9.930302996452221,4.1,0.15,-0.28767722845077515,-0.28441062569618225,0.5248977411538363,-2.076956272125184,-7.499089191646413,-8.48877463080822
4.800000000000059,3.27603083758516,0.937586597404906,0.040016892308623896,0.00031095073904077963,0.0013260499631594395,9.88467080028421,4.1,0.15,-0.17355673015117645,-0.2804597020149231,0.5051764473319054,-1.8269562721251884,-7.400840993409753,-8.363294990772538
4.850000000000032,3.2555750489561404,0.9353752149630808,0.04003234123061457,-0.00023453905192774704,-0.0007824321911249628,9.847104424768462,4.1,0.15,-0.06815791949629783,-0.276924729347229,0.4852806869894266,-1.5769562721251928,-7.312805103344452,-8.251213819383715
4.900000000000004,3.2383610504616236,0.9330881340132671,0.04001477772971869,0.00021277421486454734,7.72521045991986e-05,9.797032744174315,4.1,0.15,0.027359156310558318,-0.2736681401729584,0.4663228392601013,-1.326956272125197,-7.231592152790561,-8.148116137643337
4.949999999999976,3.223845753060753,0.9313207086714232,0.04002494974906053,0.00012819723365124208,-0.0010462302837961346,9.762115667384187,4.1,0.15,0.1108887195587158,-0.27070412039756775,0.44874122738838196,-1.0769562721252015,-7.157583358899042,-8.054411358011706
4.9999999999999485,3.2124295990992753,0.9299719597394615,0.04001302329038779,0.00023750710602278932,-0.000175899657021125,9.734334421069638,4.1,0.15,0.18233828544616698,-0.2682594656944275,0.4330614134669304,-0.826956272125206,-7.096476522656117,-7.977219447906737
5.049999999999921,3.2038602634963174,0.9291910287894136,0.04001575081966535,7.387252457286648e-05,-0.0005378559562874769,9.718388923818166,4.1,0.15,0.24061805307865142,-0.2664644122123718,0.419276162981987,-0.5769562721252104,-7.051569060740832,-7.920593045729814
5.099999999999893,3.198278817245266,0.9287244718148048,0.04001280266420676,0.00027340243193126306,-0.0005485423294629981,9.70083715764497,4.1,0.15,0.2859429389238357,-0.26533034443855286,0.4077024683356285,-0.3269562721252102,-7.023181037318287,-7.884841449377715
5.149999999999865,3.1955868174390964,0.9286262841284096,0.04000877742833044,0.000348171874104583,-0.0003114545791214058,9.676730672599259,4.1,0.15,0.31834780275821684,-0.2647850811481476,0.39835193008184433,-0.07695627212520915,-7.009527389599669,-7.86765844122922
5.199999999999838,3.195783355280818,0.9289190800587667,0.040006676476556695,0.0001453274144974215,-8.368709461462005e-05,9.645759522887678,4.1,0.15,0.3383854776620865,-0.2648106515407562,0.39124567806720734,0.17304372787479105,-7.01016775094954,-7.868464153050286
5.24999999999981,3.1990556806832218,0.9294540811546086,0.04000185184260469,-1.4640229107036774e-05,3.843427890750219e-05,9.599118636438458,4.1,0.15,0.34642648696899414,-0.2654562294483185,0.3862184137105942,0.42304372787479244,-7.026332832420786,-7.8888090896802
5.299999999999782,3.2055466186770594,0.9301724427464851,0.04000646840763116,3.708919079267268e-05,-0.00024181450518680328,9.535454647650948,4.1,0.15,0.3423329144716263,-0.2666982412338257,0.3831758350133896,0.6730437278747904,-7.057420671454759,-7.927966788804191
5.3499999999997545,3.2149879537335337,0.9311849585951021,0.040004240482765394,-0.00019459418608825044,-8.812493638575031e-05,9.446428866498517,4.1,0.15,0.32570669949054715,-0.2685621678829193,0.38211823999881744,0.923043727874786,-7.104046143182296,-7.98677292182247
5.399999999999727,3.2273642998561423,0.9325161105380975,0.04000461515170565,-4.5363158389535814e-05,0.00016901336521095005,9.327264961912373,4.1,0.15,0.2972053378820419,-0.27089300751686096,0.3832804709672928,1.1730437278747816,-7.1623023116867355,-8.060379139281727
5.449999999999699,3.2405465452622493,0.9337657606298128,0.040013111941777556,-7.051202547730109e-05,-0.0007283563732985923,9.199320719472611,4.1,0.15,0.2571291744709015,-0.27367597818374634,0.38654597103595734,1.071371560295423,-7.231787744297599,-8.148364094235394
5.499999999999671,3.252160182009623,0.9348653272676537,0.04000516284737834,0.0003013751227118752,-0.00018886900930687502,9.086636698125593,4.1,0.15,0.2103056102991104,-0.2761739194393158,0.3925691097974777,0.8762733762462934,-7.294090743884598,-8.227431201032434
5.549999999999644,3.261460502308316,0.9358401915156694,0.04000521732217259,0.00011252670100164468,-0.0004552940081323346,8.991806961976502,4.1,0.15,0.16422148644924162,-0.2778976857662201,0.4008469358086586,0.6842561935385068,-7.337048248487131,-8.28204504188589
5.599999999999616,3.268470061976009,0.9365163711095977,0.040009288876039564,1.1051068534312096e-05,-0.0006541432578846846,8.916425355193768,4.1,0.15,0.12384605258703231,-0.2789146900177002,0.40970636904239655,0.5160252191126347,-7.3623788756787585,-8.31428642713968
5.649999999999588,3.2736567200743774,0.9370991142260328,0.04000877276883102,3.1305064607228394e-06,-0.0004204009923050878,8.850579270452794,4.1,0.15,0.09111021906137466,-0.27939367294311523,0.41787854582071304,0.37962591275572777,-7.374305393133885,-8.329476381239378
5.6999999999995605,3.277448900409477,0.9376095130254851,0.04000550203638554,0.00012435100056473142,-8.85821572236385e-06,8.79054906143814,4.1,0.15,0.0659352958202362,-0.279570996761322,0.42470863461494446,0.2747303992509842,-7.378720120269036,-8.335100666451003
5.749999999999533,3.28009446009555,0.9378872736142474,0.04001320528785198,0.0005180861023805096,-0.00037458662350270465,8.736533542083158,4.1,0.15,0.04728826731443405,-0.27957743406295776,0.4300756901502609,0.1970344471434752,-7.378880380122995,-8.335304850585617
5.799999999999505,3.282070565280385,0.9382059932699655,0.040010799764630685,0.00047761886151511366,4.738295106254422e-06,8.685425828343183,4.1,0.15,0.034037442505359644,-0.2794177830219269,0.4341856688261032,0.14182267710566518,-7.374905665963424,-8.330241068737882
5.849999999999477,3.2835468230419727,0.9384909506788638,0.04000738858297894,-0.00014362081833148776,-0.00022866661966068226,8.636847066189574,4.1,0.15,0.024690599739551542,-0.2792823314666748,0.43712329864501953,0.1028774989147981,-7.3715332301561345,-8.325945125572849
5.89999999999945,3.2846569360039353,0.9387100182242885,0.04000621175742722,-5.306261777058438e-05,-3.59459362462075e-05,8.589065396590735,4.1,0.15,0.018156093172729013,-0.279136061668396,0.4392274394631386,0.07565038821970423,-7.367891240146189,-8.321306366754266
5.949999999999422,3.285453888154421,0.9388203854941919,0.0400119615270552,0.0007088479867705278,9.646595657677273e-06,8.542957015404717,4.1,0.15,0.013666441850364208,-0.2789626121520996,0.44074808806180954,0.05694350770985087,-7.363572223633661,-8.3158060319346
5.999999999999394,3.2860295009573357,0.9388705569042827,0.040009397648310935,-7.800850795820439e-06,-0.00042431857825185213,8.497833538318078,4.1,0.15,0.010735743306577205,-0.27874472737312317,0.44186728447675705,0.044732263777405024,-7.358146314067421,-8.308897196253497
6.0499999999993666,3.286528324880792,0.9389077483889716,0.04001251071702604,0.0002864733132763178,-0.00043459177104404286,8.453195622875734,4.1,0.15,0.008967282436788081,-0.27850571274757385,0.4426715821027756,0.03736367681995034,-7.352193672891701,-8.301319136811598
6.099999999999339,3.286953993885508,0.938905907379597,0.04001110410071163,0.0004356540437329441,-0.00020581471333441657,8.407924419686896,4.1,0.15,0.007858755625784397,-0.27828988432884216,0.4432050958275795,0.03274481510743499,-7.3468179948422945,-8.29447690287827
6.149999999999311,3.2873483084405315,0.9389273016633183,0.04001110114442718,-3.732614512786413e-05,-0.000592777838490868,8.36361495989233,4.1,0.15,0.007197940163314342,-0.2780577540397644,0.4436066374182701,0.02999141734714309,-7.341035766522045,-8.287118602212319
6.199999999999283,3.287717068802212,0.9389181518671195,0.040010958713492424,0.0004938112301471083,-8.448272627890905e-05,8.319213790811236,4.1,0.15,0.006795216910541057,-0.27784889936447144,0.44389424473047256,0.028313403793921072,-7.335832862342339,-8.280498769357827
6.249999999999256,3.2880627067488484,0.9389252042450322,0.040009661212467615,0.00012376885970458607,-0.00032259483526137216,8.274729063054734,4.1,0.15,0.006547224335372448,-0.2776305675506592,0.44413116574287415,0.0272801013973852,-7.330393403949378,-8.273579212346617
6.299999999999228,3.2883810565421183,0.9389004662933214,0.040008392955764374,0.00037979907752507387,1.471204455483071e-06,8.23041079768511,4.1,0.15,0.006431343220174312,-0.2774152457714081,0.4443337842822075,0.026797263417392966,-7.325028472583156,-8.26675571470226
6.3499999999992,3.2887633138414714,0.9389270164687595,0.04001068266663259,0.00032030133335350365,-0.0001855958811950753,8.185739108570255,4.1,0.15,0.00641981977969408,-0.2771872580051422,0.4445175975561142,0.026749249082058668,-7.319347454538434,-8.259531552197839
6.399999999999173,3.28914571739254,0.9389764846400505,0.04000951446172551,-6.505818324218045e-06,-0.00040489364851539544,8.14172734036525,4.1,0.15,0.006320455856621265,-0.2770005166530609,0.4446438401937485,0.026335232735921938,-7.314693832950592,-8.253614898938848
6.449999999999145,3.2895301413081475,0.9390086154978609,0.040010225685224526,0.00017535111761978107,-0.0003550092476999425,8.096762973564612,4.1,0.15,0.006177835352718829,-0.27681928873062134,0.4447835311293602,0.025740980636328455,-7.310177275173503,-8.247873404665336
6.499999999999117,3.289902393982186,0.9390462374426726,0.04001165377307072,0.0005271703922145461,-0.00018199774271622876,8.05262409943976,4.1,0.15,0.006020533479750156,-0.2766239643096924,0.44494258612394333,0.02508555616562565,-7.3053090389624415,-8.241685840169515
6.549999999999089,3.29020376292342,0.9390439859360075,0.040008706731183084,-2.17991519502108e-06,-0.00039260041120503243,8.009475107128086,4.1,0.15,0.005875938944518566,-0.27643266320228577,0.44510383158922195,0.024483078935494024,-7.300540711249168,-8.235626252597973
6.599999999999062,3.2905945247266475,0.9390489031571052,0.04000953035476184,-4.581752061957964e-05,-0.0004322236831070563,7.969779303353356,4.1,0.15,0.005878087691962719,-0.2762115001678467,0.4452889785170555,0.024492032049844664,-7.295027598059677,-8.228621416198703
6.649999999999034,3.290952610376211,0.939087898266992,0.040008273408835414,-0.0001507075971375984,-0.0003173877405258456,7.931009328727527,4.1,0.15,0.005654362402856349,-0.27606070041656494,0.4453836679458618,0.02355984334523479,-7.291268209258829,-8.223845574799908
6.699999999999006,3.2913099579666594,0.9390996596636016,0.04000666631379046,-0.00033076134806490627,-8.105055820338349e-05,7.891790188527518,4.1,0.15,0.005411705188453197,-0.27590084075927734,0.44553472101688385,0.022548771618554987,-7.287282712760143,-8.218783157685463
6.749999999998979,3.2917401467418417,0.9390747996594265,0.04000199722276648,-4.607984966596451e-05,0.0002898545849108132,7.853667505803327,4.1,0.15,0.005158510245382785,-0.27572888135910034,0.4456990212202072,0.02149379268909494,-7.282995270849795,-8.213337972073566
6.799999999998951,3.292073971168796,0.9390595458873278,0.04000531684214656,-1.510181287927171e-05,-2.8525341291244324e-06,7.814969391528974,4.1,0.15,0.0046777592971920965,-0.27558189630508423,0.44584158062934875,0.019490663738300402,-7.279330277742072,-8.208683944909625
6.849999999998923,3.29242440790801,0.9390496238139696,0.040004500651764814,-0.0001264016752486036,3.1251387134315635e-05,7.776412163272347,4.1,0.15,0.004360686056315899,-0.2753862142562866,0.44607746601104736,0.01816952523464958,-7.274450717424,-8.202488487343748
6.8999999999988955,3.2927453399283553,0.939047978112003,0.0400101696883968,-0.0002736116500478655,-0.00036471505329171316,7.738199865363167,4.1,0.15,0.004073583148419857,-0.2752097249031067,0.4462640583515167,0.01697326311841607,-7.270049422257816,-8.196901152449671
6.949999999998868,3.293024735915721,0.9390608595349121,0.040010636104155305,-0.00010710123159455289,-0.0005065091054710435,7.69939488118811,4.1,0.15,0.0038688393309712407,-0.2750276029109955,0.4464493691921234,0.016120163879046835,-7.2655073349146155,-8.191135961530296
6.99999999999884,3.2933234125461457,0.939068651762534,0.04001031433063165,-0.0005187534031879719,-0.00018181593570335333,7.661251486944153,4.1,0.15,0.0038221796974539754,-0.2748337388038635,0.44662873446941376,0.015925748739391565,-7.2606720383703225,-8.184999583158794
7.049999999998812,3.2935782002769876,0.9390860836832179,0.04000831018518762,-0.00038139497131110215,-9.117309788925688e-05,7.622537529381732,4.1,0.15,0.0037773767486214637,-0.27465832233428955,0.4467579796910286,0.015739069785922766,-7.256296534145662,-8.179447586977652
7.099999999998785,3.2938692696695324,0.9391007877051415,0.0400043446129634,-0.00015255131309054582,0.00010527559576612086,7.584795680543053,4.1,0.15,0.0038581347092986103,-0.2744638919830322,0.44690339267253876,0.01607556128874421,-7.251446398437245,-8.173294304266273
7.149999999998757,3.2941447972067057,0.9391164743193857,0.040006180315159116,-0.00036949459736932143,0.0001698627569600607,7.546052364935386,4.1,0.15,0.0038801046088337895,-0.27429646253585815,0.44699884206056595,0.016167102536807455,-7.247269508122355,-8.167995968902089
7.199999999998729,3.294483315214826,0.9390992731572362,0.04000388556341345,-0.00017595350446824014,9.425725591356931e-05,7.50788414617844,4.1,0.15,0.003932790644466877,-0.2741113603115082,0.44712013751268387,0.016386627685278654,-7.242651406810364,-8.162138837896267
7.2499999999987015,3.29475355159992,0.9391170697023606,0.04000928577892998,-0.0003403204352534231,-0.00025052568136196043,7.469490843083824,4.1,0.15,0.003812051378190517,-0.2739468812942505,0.44721486419439316,0.015883547409127154,-7.238547545661123,-8.156934688098179
7.299999999998674,3.29506599952221,0.9391067483155726,0.04001010357916052,-8.478035901193251e-05,-0.0004921232516004145,7.431315551506506,4.1,0.15,0.0038126381114125247,-0.27375680208206177,0.44737204164266586,0.01588599213088552,-7.233804606532395,-8.15092102060694
7.349999999998646,3.295396676012523,0.9390848105637325,0.040010895664529554,-0.0002211184445400129,-0.0004537436947815405,7.393017116215013,4.1,0.15,0.0037396484985947605,-0.27358269691467285,0.44748787581920624,0.015581868744144836,-7.229459942503696,-8.145413184439963
7.399999999998618,3.2957472897423328,0.9390352509061924,0.040002730527499725,-4.5931945649077874e-05,0.00013320855050561673,7.3545952005239625,4.1,0.15,0.0035840520635247227,-0.2734067440032959,0.4476190358400345,0.014933550264686344,-7.225068862191257,-8.139847331232176
7.449999999998591,3.2959874283170403,0.9390506744049586,0.040006679993323385,-5.176502389533941e-05,-0.00021954839500557612,7.316490166311269,4.1,0.15,0.0033311465755105018,-0.2732255756855011,0.4477705806493759,0.013879777397960424,-7.220547303458735,-8.134116959529022
7.499999999998563,3.2962818706141337,0.9390410551130658,0.040010909909585335,-0.0002130426865942643,-0.00044304399576296325,7.278709038276737,4.1,0.15,0.0033467067405581474,-0.27302128076553345,0.44797106087207794,0.013944611418992281,-7.215448163213154,-8.127655649174333
7.549999999998535,3.296576492248638,0.9390280591800418,0.04001328646733225,-0.0008660547308877249,-8.593723318213497e-05,7.240384038759436,4.1,0.15,0.003318027220666408,-0.27284544706344604,0.4480868726968765,0.013825113419443367,-7.211059072937275,-8.122094965819048
7.5999999999985075,3.2968472496739034,0.939015228043942,0.04000886522016768,-6.0315795782199794e-05,-0.0003347121449319664,7.201977030568558,4.1,0.15,0.0032751278951764105,-0.27266064286231995,0.4482175260782242,0.01364636622990171,-7.206445732034826,-8.116251065593401
7.64999999999848,3.2971478640245313,0.938988874138911,0.04001004525938431,-0.0002672461027393529,-0.00042608370360511157,7.163790774922306,4.1,0.15,0.0032887713983654975,-0.2724663317203522,0.4483606815338135,0.01370321415985624,-7.201594697860912,-8.11010705768983
7.699999999998452,3.2974173870345647,0.9389826729339383,0.04000746601593069,-0.00019390095726514004,-0.0001545258961938595,7.1255586199166,4.1,0.15,0.0032394701614975926,-0.27228397130966187,0.4484803304076195,0.013497792339573303,-7.197041674235904,-8.104341411752703
7.749999999998424,3.297650441906519,0.9390007803027044,0.04000505264049417,-0.00014350672513541572,1.199134081925742e-06,7.0871528722144825,4.1,0.15,0.003252427838742733,-0.2720921039581299,0.44862309843301773,0.013551782661428055,-7.192250930661894,-8.098275695762341
7.799999999998397,3.2979330807390483,0.938986874502511,0.04000879422199152,-9.395449982670742e-05,-0.00034130797667687577,7.04890988314113,4.1,0.15,0.0034002611413598057,-0.2718958854675293,0.44875890761613846,0.014167754755665857,-7.187351163025183,-8.092072961776832
7.849999999998369,3.2982287911250543,0.9389765672262678,0.04001196562148151,-0.00037735797966037115,-0.0004292718984397194,7.010922512885988,4.1,0.15,0.003457573242485523,-0.27171605825424194,0.4488481283187866,0.014406555177023012,-7.182860363845809,-8.08638885738595
7.899999999998341,3.2985075156496473,0.938956667611092,0.04000842689786118,1.568036757546309e-05,-0.00031749269369245266,6.972243549671436,4.1,0.15,0.003439144603908062,-0.2715391516685486,0.4489535167813301,0.014329769182950258,-7.1784421858114005,-8.080797517200171
7.9499999999983135,3.2987969134363753,0.9389634221839968,0.04001160265043594,-0.0005716375921122334,-0.00041543815266349964,6.934855007496957,4.1,0.15,0.0034395201131701466,-0.2713441550731659,0.44909022748470306,0.01433133380487561,-7.1735718539832085,-8.074634934618881
7.999999999998286,3.2990728913720924,0.9389568926147204,0.040012002422063486,-0.0003051292495727469,-0.00046218092796821504,6.896646568558394,4.1,0.15,0.003412063606083393,-0.27117323875427246,0.44920557737350464,0.014216931692014137,-7.169302650575187,-8.069233816883566
8.049999999998347,3.299321706187089,0.9389599796072189,0.040007966435177664,-4.6885054650190334e-05,-0.0002288162101680338,6.857890649087156,4.1,0.15,0.0034119462594389915,-0.27098411321640015,0.44933997839689255,0.014216442747662464,-7.164578271044875,-8.063257752729548
8.099999999998408,3.29958823539476,0.9389593056226958,0.04000827398962453,-0.0003539278122344587,-7.11838101791559e-05,6.819372514656242,4.1,0.15,0.003508838079869747,-0.27078571915626526,0.449478380382061,0.014620158666123945,-7.159621978359564,-8.056989362472558
8.14999999999847,3.299912217096009,0.9389374621731271,0.04000979080682934,-0.00038636802337915283,-0.0002998801583231289,6.782026532834001,4.1,0.15,0.0035946993157267566,-0.2705996334552765,0.4495849460363388,0.014977913815528153,-7.154972816164079,-8.051110369428367
8.19999999999853,3.300201848184483,0.9389241186766649,0.04001203939432715,-0.0006498090964468406,-0.00024294282757266386,6.743712585863746,4.1,0.15,0.0034955779090523717,-0.27043670415878296,0.44967134296894073,0.014564907954384882,-7.150901908867462,-8.045963357687903
8.249999999998591,3.3004497408127613,0.9389226705848805,0.04000818751652956,-0.0003341247228069811,-0.00012872754137214937,6.705455579251429,4.1,0.15,0.0034261165186762806,-0.2702461779117584,0.44982101768255234,0.014275485494484503,-7.14614113484897,-8.039945022249398
8.299999999998652,3.300714769655847,0.9389309451901292,0.04000470593722926,-0.00029851577124750885,-5.3473911934899354e-05,6.66759101715168,4.1,0.15,0.0034826958552002904,-0.270047128200531,0.4499753564596176,0.014511232730001211,-7.141166992924575,-8.033657996867774
8.349999999998714,3.3010470968702763,0.9388924883664505,0.04001067594996684,-0.00031038464997402076,-0.00036132512275202693,6.629861367537309,4.1,0.15,0.0035463811829686163,-0.2698665261268616,0.4500870481133461,0.014776588262369236,-7.136653504222034,-8.027954129157116
8.399999999998775,3.301285385444288,0.9389004412204213,0.04001350320914706,-0.00021628214417845093,-0.0007059741807616823,6.591446826215278,4.1,0.15,0.003411891497671604,-0.26969751715660095,0.4501814693212509,0.014216214573631683,-7.132429447124036,-8.022616818999712
8.449999999998836,3.30156249748852,0.9389007974789448,0.040009166353311906,-0.00010741842344599846,-0.0003400525859904111,6.553571369584742,4.1,0.15,0.0034696599468588825,-0.26949211955070496,0.45035457611083984,0.014456916445245344,-7.127295540595319,-8.016130898484265
8.499999999998897,3.3018481909084936,0.9388844529424413,0.04000711111884043,-8.505798116455194e-05,-0.00018468810783220052,6.515265446701655,4.1,0.15,0.003497781418263912,-0.26931414008140564,0.45046326518058777,0.0145740892427663,-7.122846607998179,-8.010511254040829
8.549999999998958,3.3021318811665474,0.9388756701551721,0.04000412458824301,-0.00016620724890562308,1.3486419379395622e-05,6.477140920608637,4.1,0.15,0.003487301059067249,-0.2691279351711273,0.45058203488588333,0.014530421079446871,-7.118191725528188,-8.004632373789015
8.599999999999019,3.3024183229338653,0.9388515296582829,0.04000480689458218,-6.648625667075126e-05,1.4136769516502241e-05,6.438896271293264,4.1,0.15,0.0034667758271098134,-0.26894351840019226,0.45070891082286835,0.014444899279624224,-7.1135812020406615,-7.998810432454086
8.64999999999908,3.30276649523326,0.9388090897888285,0.04001231305628073,-0.0004032460964870338,-0.0005180052856991414,6.4017550986948955,4.1,0.15,0.00342841912060976,-0.2687540650367737,0.45084111392498016,0.014285079669207333,-7.108844406218625,-7.992829989646618
8.699999999999141,3.3030779332907265,0.9387691389881144,0.040007010119985295,-0.00011549334519612058,-0.00023146496717298305,6.363754209947768,4.1,0.15,0.0031957363709807394,-0.2685907185077667,0.4509532228112221,0.013315568212419748,-7.104760056273575,-7.987674064631086
8.749999999999202,3.3033527560571136,0.9387562257104376,0.040009126119955614,-0.000538914057600423,3.173957797561153e-05,6.325987051881522,4.1,0.15,0.0029893575236201284,-0.2683972716331482,0.45113247632980347,0.012455656348417202,-7.099922725428194,-7.981568530390465
8.799999999999264,3.3036653739226542,0.9387098548652018,0.04000268020312816,-0.0001273115934323793,0.00023588670434393226,6.288752228023931,4.1,0.15,0.002900009788572788,-0.2682030200958252,0.4513114392757416,0.012083374119053284,-7.09506489591167,-7.975438132247197
8.849999999999325,3.3039345877042128,0.9386855457804717,0.04000608787447206,-8.850550897835509e-05,-0.00011695775966479664,6.251350671169086,4.1,0.15,0.0027350829914212227,-0.26802247762680054,0.45145049691200256,0.011396179130921762,-7.090549562823748,-7.96974085817142
8.899999999999386,3.3041530145852476,0.938693639195207,0.04000764410028225,-0.00011816392195884938,-0.00030427100214812765,6.213690282177593,4.1,0.15,0.0026616057381033897,-0.2678266167640686,0.4516206979751587,0.011090023908764124,-7.085650750155557,-7.9635607118226694
8.949999999999447,3.304413421516137,0.9386875868084965,0.04001346681502703,-0.0006373671035561833,-0.0003877892725502733,6.1763102560115115,4.1,0.15,0.0027782378718256948,-0.2676241397857666,0.4517805799841881,0.011575991132607062,-7.080586052960251,-7.957172372542988
8.999999999999508,3.3046917776940097,0.9386572053642699,0.040008783477876994,-0.000416888875378269,-0.00014654229785880478,6.138397932265191,4.1,0.15,0.0028546122834086415,-0.26744428277015686,0.45187796652317047,0.011894217847536007,-7.0760868198783795,-7.951498200649627
9.049999999999569,3.3049823665102718,0.9386280818804666,0.04000296307472083,-0.00011804640761811597,0.00022305995865678775,6.10137888625696,4.1,0.15,0.002861647866666317,-0.26725661754608154,0.45198699086904526,0.011923532777776321,-7.0713919138933115,-7.945578181226542
9.09999999999963,3.305250037283119,0.9385995016796445,0.04000495464044002,-7.263976137712513e-05,-2.547321106926047e-05,6.063829810834488,4.1,0.15,0.002793844975531101,-0.2670784592628479,0.4521040916442871,0.011641020731379587,-7.066934520542237,-7.93995852513729
9.149999999999691,3.3055095221925934,0.9385902007894866,0.040007162222630975,-0.0006166670355021041,0.0002199385417903782,6.026616343622566,4.1,0.15,0.002761496417224407,-0.2668836712837219,0.4522513747215271,0.011506235071768362,-7.062060699709696,-7.933814831271803
9.199999999999752,3.305758781224289,0.9385594804110112,0.040006317028931836,-0.00010658437712350531,-0.00013082275802821976,5.988570917129767,4.1,0.15,0.0027703261002898216,-0.2666968107223511,0.4523867294192314,0.011543025417874258,-7.057384874331696,-7.927921675612068
9.249999999999813,3.3060149868489863,0.9385405603766886,0.0400085744647775,-0.00013736422836643753,-0.0003548473161528102,5.95108414443488,4.1,0.15,0.0028237501159310337,-0.2664944529533386,0.45252420008182526,0.011765625483045975,-7.0523208660686025,-7.921540330142327
9.299999999999875,3.3062672331194425,0.9385226936952231,0.04001000241415277,-1.8139847323205046e-06,-0.0005183052419395151,5.914309179031543,4.1,0.15,0.0028753982856869697,-0.2663056254386902,0.45264215767383575,0.011980826190362373,-7.047595082123579,-7.915586182903246
9.349999999999936,3.3065390464358075,0.9384987126078694,0.0400121624242563,-0.0009930148068813445,0.00021484134541249655,5.876413302118764,4.1,0.15,0.002922428213059902,-0.2661202549934387,0.4527575373649597,0.012176784221082926,-7.042955470104727,-7.909741534932237
9.399999999999997,3.306816012122379,0.9384550258473784,0.04001097658980733,-0.00045629758742091176,-0.00020857345086800475,5.838641454847013,4.1,0.15,0.00293340403586626,-0.2659311890602112,0.4528747498989105,0.012222516816109417,-7.03822300888257,-7.903780870178595
9.450000000000058,3.3071740311935507,0.9383503744752284,0.04001028553368235,-0.0002617748123979079,-0.0004638247416281181,5.8008524578889755,4.1,0.15,0.002902734838426113,-0.26573795080184937,0.45300257951021194,0.012094728493442139,-7.03338574039077,-7.897689186966676
9.500000000000119,3.3074569266067826,0.9382933358393805,0.0400062659997919,-8.725372716274052e-05,-0.00010084226329028228,5.763308844784661,4.1,0.15,0.0026157623156905173,-0.2655557096004486,0.4531245604157448,0.01089900964871049,-7.028823413969463,-7.891944660802999
9.55000000000018,3.307706574821315,0.9382793338311827,0.04001224236499107,-0.0005098606885864789,-0.0003376560129540245,5.7264388477927355,4.1,0.15,0.0024329883977770804,-0.26534897089004517,0.45332808792591095,0.010137451657404503,-7.023647399610568,-7.885428503252257
9.600000000000241,3.3079303674651297,0.9382648491253945,0.040010078550133936,-0.00012239180864053554,-0.0004396858719561253,5.688968977789467,4.1,0.15,0.0023920891806483266,-0.2651538848876953,0.4535042941570282,0.00996703825270136,-7.018762734596446,-7.879280179002186
9.650000000000302,3.3081894318352525,0.9382104864713668,0.040008083796699755,-0.00011088077534726844,-0.00026291647466054863,5.65096837743089,4.1,0.15,0.002483929879963398,-0.2649495005607605,0.4536566883325577,0.010349707833180824,-7.0136448431500344,-7.872839385844971
9.700000000000363,3.3084539983886914,0.9381911786171626,0.040005712843714646,-0.00022016635300036455,-6.444239721844863e-05,5.614296747988137,4.1,0.15,0.0025287328287959096,-0.26474905014038086,0.45377346873283386,0.010536386786649624,-7.008625051089924,-7.8665231357049334
9.750000000000425,3.308728744592211,0.9381518987670465,0.04000508202387358,-0.00018382039651850654,-7.381998771464355e-06,5.57724069810904,4.1,0.15,0.0025352468714118,-0.2645692825317383,0.45388558506965637,0.0105635286308825,-7.004122866157941,-7.860859089684294
9.800000000000486,3.309000543277836,0.9381100682201166,0.04000796179690919,-0.0003882954574302693,-0.00011612800684938771,5.539991524304517,4.1,0.15,0.0024927204474806783,-0.2643813192844391,0.45400990545749664,0.01038633519783616,-6.999415078394402,-7.854937306949364
9.850000000000547,3.3092889317783074,0.9380501071115165,0.04000956418705771,-9.678038133990679e-05,-0.00044408688626474465,5.502765479729358,4.1,0.15,0.002439398132264614,-0.26418840885162354,0.4541495069861412,0.010164158884435892,-6.994583012507988,-7.8488601820327215
9.900000000000608,3.3095026026393137,0.9380356911227232,0.040007948924596304,-0.00015830960729721835,-0.00026756636726440135,5.465120176065372,4.1,0.15,0.0023287376388907433,-0.2639964520931244,0.4542894959449768,0.009703073495378097,-6.989774463064986,-7.84281362178771
9.950000000000669,3.309713918182472,0.9380367811154372,0.04000794917110958,-1.9977518147964854e-05,-0.0002758237799527104,5.427869965419961,4.1,0.15,0.002416197396814823,-0.2637835144996643,0.4544641226530075,0.010067489153395096,-6.984439906615507,-7.836106782545913
10.00000000000073,3.3099904892050795,0.9379949221614511,0.040009426478205254,-0.00016312804716990764,-0.00041210203112135513,5.390773001315796,4.1,0.15,0.002595495246350765,-0.2635875642299652,0.45458342134952545,0.010814563526461521,-6.979530517159082,-7.829935554292172
10.050000000000791,3.3102862810351743,0.9379476550037092,0.04001291946660056,-0.0008729537443874044,-0.00012705448376821094,5.353706066399473,4.1,0.15,0.00261781457811594,-0.26340800523757935,0.45466329902410507,0.010907560742149752,-6.975031459915222,-7.824281026506458
10.100000000000852,3.3105130755770795,0.9379138569282784,0.04000908622816403,-4.7414632354088696e-06,-0.00034941100977198454,5.316140022926637,4.1,0.15,0.002520083077251911,-0.2632264494895935,0.454777367413044,0.010500346155216295,-6.970482041834966,-7.818564081354833
10.150000000000913,3.3108087701399502,0.9378579188904546,0.040003992350817766,-0.00017645480461140475,4.924009935376639e-05,5.279305566374808,4.1,0.15,0.00256341528147459,-0.26301324367523193,0.4549471586942673,0.010680897006144125,-6.965139113930855,-7.811851112534379
10.200000000000975,3.311037079645713,0.9378381029239637,0.040004360894594804,-1.7684535061354024e-05,-2.0773590598619407e-05,5.242001012798844,4.1,0.15,0.002468307130038738,-0.2628340721130371,0.45505642145872116,0.010284613041828075,-6.960648729033388,-7.806210237728813
10.250000000001036,3.3112791168644256,0.9378206251680818,0.04000974396434704,-0.0006708936076621704,5.57886441043068e-05,5.205090214251634,4.1,0.15,0.002510562352836132,-0.26262766122817993,0.455220565199852,0.010460676470150549,-6.955475273593729,-7.799712346570556
10.300000000001097,3.3115194988129515,0.9377960866767389,0.04001334947200485,-0.0007464129852095538,-0.00020714740893908336,5.167510736271391,4.1,0.15,0.0025722580030560493,-0.26243823766708374,0.4553418979048729,0.010717741679400206,-6.950727208766234,-7.7937497518492185
10.350000000001158,3.3117400550232357,0.9377876299290224,0.040009655993474044,-0.0002681011631149461,-0.0004456040494280967,5.130500121913388,4.1,0.15,0.002651250548660755,-0.262240469455719,0.4554639160633087,0.01104687728608648,-6.945769592549589,-7.787525028152789
10.400000000001219,3.312040063057062,0.9377338055359838,0.04000816031715961,-0.00041018055428977397,-0.0002050771669959066,5.093321318698059,4.1,0.15,0.0027868824079632756,-0.2620457410812378,0.4555820897221565,0.011612010033180315,-6.940887793515237,-7.781396522188187
10.45000000000128,3.312353208642108,0.9376811937581276,0.04000303712481842,-0.0002074367284224175,0.0001864055559890759,5.057021930735815,4.1,0.15,0.0027210978791117665,-0.26186907291412354,0.45566726475954056,0.01133790782963236,-6.936458429586937,-7.775836871398408
10.500000000001341,3.3126614595809754,0.9375956367277912,0.0400098029013126,4.3585807319551663e-07,-0.0005198122875142101,5.019789112294574,4.1,0.15,0.002521000988781452,-0.26169469952583313,0.45579394698143005,0.010504170786589384,-6.9320862912299575,-7.770349867934407
10.550000000001402,3.3129846268693903,0.9375061466015716,0.040007228200187935,-0.00018265260407221903,-0.00029915813446870516,4.982876912552542,4.1,0.15,0.002273702062666416,-0.2614951431751251,0.45596879720687866,0.009473758594443401,-6.9270823537776876,-7.764070959212113
10.600000000001463,3.313312899384703,0.9373879677710292,0.040013075839032346,-0.0002589406491723701,-0.0007742881721269799,4.946173223105852,4.1,0.15,0.001963181979954243,-0.26130229234695435,0.4561496078968048,0.008179924916476011,-6.9222461780696465,-7.7580035691867595
10.650000000001524,3.313658763278695,0.9372532412614113,0.04000564196043058,-0.0002449115718916351,-3.4405122324050296e-05,4.909893912845662,4.1,0.15,0.0015917668119072913,-0.26110130548477173,0.4563492387533188,0.00663236171628038,-6.917205573778485,-7.751680765117935
10.700000000001586,3.31382106484636,0.9372301474014118,0.040004993783892495,-0.000254353198214899,6.765366574621252e-05,4.873009043524908,4.1,0.15,0.0011337993666529654,-0.26090338826179504,0.45655907690525055,0.004724164027720689,-6.91224155586182,-7.745455085063633
10.750000000001647,3.3139503783070197,0.9372328896273998,0.04000989375019644,-0.0006036824750046997,-5.14792201022115e-05,4.835583324772814,4.1,0.15,0.0011788943782448768,-0.260658860206604,0.4568381905555725,0.004912059909353654,-6.906107933036867,-7.737763978690865
10.800000000001708,3.3142065904282942,0.9371616818781523,0.04000478960247891,-0.00022762407266261312,1.744617178900763e-05,4.799187579149299,4.1,0.15,0.001545657403767109,-0.26043036580085754,0.4569980427622795,0.006440239182362954,-6.900375945490387,-7.730577938656287
10.850000000001769,3.314450032690651,0.9371068022184409,0.040004970815850804,-0.00036772917753387043,0.0002565859956652577,4.76253644379631,4.1,0.15,0.0016612151637673378,-0.260250449180603,0.45703819394111633,0.006921729849030574,-6.895862204780652,-7.724920164950403
10.90000000000183,3.3146145661605253,0.9370933106293468,0.04000974256763415,-1.5880550289509256e-05,-0.0004954769042826962,4.725599126332219,4.1,0.15,0.0017124122008681296,-0.2600540518760681,0.4571452885866165,0.0071350508369505405,-6.8909346245543945,-7.718744650175742
10.950000000001891,3.3148056417171086,0.9370805857108638,0.040013224244575145,-0.0006520443144030774,-0.00034457727234298144,4.688395766813629,4.1,0.15,0.0019670022651553155,-0.25983530282974243,0.45729079097509384,0.008195842771480482,-6.885445784186803,-7.711866947746142
11.000000000001952,3.3150342538394453,0.9370432024719598,0.040009394870834776,-0.00012193066185597493,-0.00042531162586976416,4.651207435558873,4.1,0.15,0.002245906554162502,-0.25963544845581055,0.4573759660124779,0.009357943975677092,-6.880430625886099,-7.705583903688803
11.050000000002013,3.315335728409504,0.9369816373837011,0.04000519738683792,-0.00017487249082099234,-6.70164341414455e-05,4.614842294367048,4.1,0.15,0.0024226879701018333,-0.2594427764415741,0.45744606852531433,0.010094533208757639,-6.875595320502455,-7.699527192592223
11.100000000002074,3.3155835284774406,0.9369386943496399,0.0400081673350701,-4.2011416397571495e-05,-0.0003315107747096738,4.578069833220899,4.1,0.15,0.00234252717345953,-0.2592727541923523,0.4575161039829254,0.009760529889414707,-6.871328123367236,-7.694182919332219
11.150000000002136,3.3158475463172303,0.9369035069811702,0.04000975536597789,-0.000594493500783015,-0.00012759155198673733,4.541785017160637,4.1,0.15,0.002306290529668331,-0.2590712606906891,0.45767004787921906,0.009609543873618046,-6.866270686776364,-7.687849944501051
11.200000000002197,3.3161434164557084,0.9368355887288187,0.040010052383672716,-0.00018421976752217207,-0.0005211338584599074,4.5060408033605714,4.1,0.15,0.002246209047734737,-0.25888630747795105,0.4578026533126831,0.009359204365561405,-6.861628046432766,-7.682037337487917
11.250000000002258,3.316401721289898,0.9367761039806753,0.0400120157182977,-0.00033219573294316403,-0.0005708972205500294,4.469198447857993,4.1,0.15,0.0020646633580327033,-0.25870612263679504,0.4579331800341606,0.00860276399180293,-6.857104768090864,-7.676375051870878
11.300000000002319,3.3166027528825275,0.9367521916208486,0.04000995234902885,-0.00014752186838141396,-0.0005108121460250448,4.432228406827325,4.1,0.15,0.0019501252099871633,-0.2584993839263916,0.45811305940151215,0.008125521708279848,-6.851914489477679,-7.6698788779898806
11.35000000000238,3.316850841256667,0.9367190698860848,0.040009536654580714,-5.439609781779181e-05,-0.0004207213424574544,4.396423626167941,4.1,0.15,0.002034088037908077,-0.25828462839126587,0.45829015225172043,0.008475366824616989,-6.8465224872255455,-7.663131436084127
11.400000000002441,3.317116245450283,0.9366612925704095,0.04000313733024281,-0.00016493252163970331,9.356754005129045e-05,4.360443343559871,4.1,0.15,0.002056503854691982,-0.2581041157245636,0.4583943486213684,0.008568766061216593,-6.841989881715134,-7.657460379593253
11.450000000002502,3.317394838040624,0.936562197545968,0.04000690839694169,-1.767630578348805e-05,-0.00026606090583485394,4.322985870289502,4.1,0.15,0.001993353106081486,-0.2579166293144226,0.45851369202136993,0.008305637942006191,-6.837281819477071,-7.6515707193281495
11.500000000002563,3.317625733719653,0.9365265094950085,0.04001268732312156,-0.00044235216178358595,-0.0004175453155038391,4.286727472733501,4.1,0.15,0.0018615206703543662,-0.2577069401741028,0.4586670622229576,0.007756336126476526,-6.832015792796508,-7.644984173671202
11.550000000002624,3.3178394095080423,0.9364837648326265,0.040011388127148266,-0.0001237835371386078,-0.0006241374609932099,4.249835538461181,4.1,0.15,0.0018412536010146139,-0.2575053572654724,0.4588359147310257,0.007671890004227558,-6.826952922836859,-7.638652836846371
11.600000000002685,3.318065576629147,0.9364473242788756,0.04001233328834079,-0.0007779023538097867,-0.00014861727741967453,4.2129885601274175,4.1,0.15,0.0019158782437443732,-0.25729435682296753,0.45898718386888504,0.007982826015601555,-6.821653086009817,-7.632026326311229
11.650000000002747,3.3183358892373764,0.9363853339841217,0.04000627939520392,-0.00012675920476405006,-0.00011712407768554754,4.177052072477205,4.1,0.15,0.0020017968490719795,-0.2570953965187073,0.45910806953907013,0.008340820204466581,-6.816655256810573,-7.625778513149966
11.700000000002808,3.3185193084925033,0.9363525618615325,0.040008083181308794,-0.00016280205560994604,-0.00033793519581515054,4.1394197674672455,4.1,0.15,0.0019483493641018867,-0.2569130063056946,0.45920978486537933,0.008118122350424528,-6.812073312073531,-7.62005152895552
11.750000000002869,3.3186998341449527,0.9363580784250011,0.0400097722348408,-0.0005605100665892058,-9.18084724966153e-05,4.102892241594785,4.1,0.15,0.0020996639505028725,-0.2566845118999481,0.45938246697187424,0.008748599793761969,-6.8063326786383955,-7.612877551534107
11.80000000000293,3.3189069714977015,0.9363436305065652,0.0400051498457299,-0.00017182604767674756,2.4583739171190735e-06,4.066248632202005,4.1,0.15,0.0023531040176749227,-0.2564872205257416,0.4594898968935013,0.009804600073645512,-6.801375556990652,-7.606683838788479
11.850000000002991,3.3191814411437526,0.9362915470670115,0.040005956900268806,-0.00017867055769361383,-9.549156677084718e-05,4.0295679930730035,4.1,0.15,0.0025673137977719304,-0.2562960386276245,0.45956575125455856,0.010697140824049711,-6.796571565578899,-7.600682448201598
11.900000000003052,3.319444146778871,0.9362427474027227,0.040004519859058195,2.315271391767691e-05,-5.796395670918197e-05,3.992995255861494,4.1,0.15,0.0025717025622725483,-0.25611764192581177,0.4596349447965622,0.010715427342802284,-6.7920885050900575,-7.595082861848177
11.950000000003113,3.319726571458259,0.9361942769308205,0.040010728467688245,-0.00032758116550134756,-0.0004281876116555524,3.9571540718222002,4.1,0.15,0.002516471408307552,-0.2559261918067932,0.45976100862026215,0.0104852975346148,-6.787277057392266,-7.589074048112801
12.000000000003174,3.319983398832132,0.9361484880023766,0.040010003833283916,3.523726329142774e-06,-0.0004732608766339718,3.920765198394262,4.1,0.15,0.00237551461905241,-0.25574660301208496,0.4598911330103874,0.009897977579385042,-6.782763366421905,-7.5834379804826275
12.050000000003235,3.320239211160299,0.9361066615756335,0.04001038926717691,-0.0002641331505028918,-0.00045129826738870876,3.8845408735610607,4.1,0.15,0.0022719809785485268,-0.2555488646030426,0.4600549787282944,0.009466587410618862,-6.777793134755452,-7.577232845377634
12.100000000003297,3.3205221255928787,0.9360387082782026,0.0400094146138406,-5.716518813304026e-05,-0.00040197701965193094,3.8483220397343225,4.1,0.15,0.002188041619956493,-0.25535595417022705,0.4602080285549164,0.009116840083152056,-6.772943874528363,-7.571179745082161
12.150000000003358,3.3207500947552844,0.9360091012946551,0.04001112207695223,-0.0007635911194368469,-0.00017399794606683117,3.812055319809852,4.1,0.15,0.0020265987142920492,-0.25516659021377563,0.46035125106573105,0.008444161309550205,-6.768183396746808,-7.565238434756207
12.200000000003419,3.320959559696205,0.9359834180689939,0.0400051494437919,-2.783689989959612e-05,-6.827997161028665e-05,3.7757848214499776,4.1,0.15,0.001994539611041546,-0.2549629509449005,0.46052685379981995,0.008310581712673109,-6.763063642167803,-7.55884979844679
12.25000000000348,3.321242285031659,0.9359024024361976,0.04000380222227688,-0.00020722634687157446,-9.559722799586035e-06,3.7394580161750968,4.1,0.15,0.0020667312666773794,-0.25475984811782837,0.4606751948595047,0.008611380277822414,-6.757956955892811,-7.55247857283156
12.300000000003541,3.3214849917420284,0.9358454072177191,0.04001356532081887,-0.0003818744536858419,-0.0007154366333495247,3.7029450578882406,4.1,0.15,0.00196357574313879,-0.25457343459129333,0.46078135818243027,0.008181565596411625,-6.753269526672124,-7.546631392401064
12.350000000003602,3.3217896149391106,0.9357409208363148,0.04000619233869596,-0.0001833931427479441,-0.00013163990716965736,3.6665813444412647,4.1,0.15,0.00190360639244318,-0.2543678879737854,0.4609433561563492,0.007931693301846583,-6.748100581294298,-7.540184636505851
12.400000000003663,3.3219650225038158,0.9357120241916709,0.04000662706135966,-3.420138310019323e-05,-0.0001899987730773922,3.629627071205829,4.1,0.15,0.001675320230424404,-0.2541769742965698,0.46108046919107437,0.006980500960101684,-6.743299231401834,-7.534197360012605
12.450000000003724,3.3221975770480174,0.935681749741039,0.04000472678091639,-3.84543101505512e-05,3.628636299192785e-05,3.5942352389012533,4.1,0.15,0.001756790094077587,-0.25394439697265625,0.461295910179615,0.007319958725323279,-6.73744956962264,-7.526904155578767
12.500000000003785,3.3224019787557686,0.9356553034428562,0.040005783043829984,-0.00033367650193243337,0.0001301685337776394,3.557870968441459,4.1,0.15,0.0018006959930062293,-0.2537630796432495,0.461402527987957,0.007502899970859289,-6.732888791569071,-7.521218899740933
12.550000000003847,3.322626980971067,0.9356074564189876,0.04001274788476864,-0.0004727814869779198,-0.000497883815615833,3.521510803402803,4.1,0.15,0.0019119823351502418,-0.2535589933395386,0.461533322930336,0.007966593063126007,-6.727754893635833,-7.51482026948692
12.600000000003908,3.32288581122782,0.9355416342789445,0.040009582352355876,-8.866841707752131e-05,-0.0004420375559501934,3.485444074383827,4.1,0.15,0.0019878482446074484,-0.25336122512817383,0.46164362877607346,0.008282701019197702,-6.7227795275096796,-7.50862028655601
12.650000000003969,3.323124759045376,0.9354939378190051,0.04000771511176351,-1.7149781230367914e-05,-0.00034001872192628246,3.4490934631045165,4.1,0.15,0.0019465057179331778,-0.25317180156707764,0.46175261586904526,0.008110440491388241,-6.718013720362716,-7.502682422012211
12.70000000000403,3.3233748280247335,0.9354426724211738,0.04000636573314433,-2.49077168777506e-05,-0.00017008244447866964,3.413261863714009,4.1,0.15,0.0019206529483199119,-0.252971887588501,0.46189694106578827,0.008002720617999634,-6.712983584349131,-7.496416261387119
12.750000000004091,3.3235932415340046,0.9353909091014473,0.04000956261136545,-0.00014253806678224631,-0.00048219957867674654,3.376521435996218,4.1,0.15,0.0018628766760230063,-0.2527807950973511,0.46203097701072693,0.00776198615009586,-6.708175031030662,-7.490427129292968
12.800000000004152,3.3238255003111643,0.9353462812170984,0.04000961410155567,-0.0004071612918905377,-0.0002677764470109775,3.3407913707057983,4.1,0.15,0.0018847448751330375,-0.25256773829460144,0.4621899425983429,0.007853103646387657,-6.7028133420070315,-7.483750207284668
12.850000000004213,3.3240752451237894,0.9352805110106721,0.04000779748565087,-4.958726282419195e-05,-0.00029951739411323463,3.304598409162927,4.1,0.15,0.0018944429233670233,-0.25237539410591125,0.46231626719236374,0.00789351218069593,-6.6979725012090405,-7.477722939693635
12.900000000004274,3.3242775708553087,0.9352509272919898,0.04000698225914696,-0.00019101505701974174,-0.0001837529986806565,3.2683452817028553,4.1,0.15,0.0018463959917426108,-0.2521780729293823,0.462446004152298,0.007693316632260879,-6.693006011200647,-7.471540254435719
12.950000000004335,3.3244890919337613,0.9352169067619985,0.0400057059761051,-0.00014740418909902703,-0.00014654210572889352,3.2324121715189413,4.1,0.15,0.0019175576046109198,-0.25196993350982666,0.46260102838277817,0.0079898233525455,-6.687766802061934,-7.465019193168145
13.000000000004396,3.324733263991855,0.9351652886264354,0.04000991832218469,-0.00039076259618529,-0.0003041450118555006,3.196456189855362,4.1,0.15,0.0020077398046851156,-0.25177282094955444,0.462721087038517,0.008365582519521315,-6.682804751267605,-7.458844167606262
13.050000000004458,3.324984160529685,0.9351044807731556,0.04001047875984141,-0.00078427516665703,-8.145829671028693e-05,3.160183791942979,4.1,0.15,0.002011033333837986,-0.25158339738845825,0.4628278389573097,0.008379305557658276,-6.6780358890243345,-7.452910532985403
13.100000000004519,3.3252316993653466,0.9350367247102361,0.04001119437666325,-0.00019324467425148428,-0.0005419771621716057,3.1243013311765804,4.1,0.15,0.00195894967764616,-0.25138694047927856,0.46295806020498276,0.008162290323525667,-6.673089572474602,-7.446757113590949
13.15000000000458,3.325514113393958,0.9349511976086876,0.040008202665616555,-0.00013190973491555196,-0.000317735155608134,3.0884441887084395,4.1,0.15,0.0018814356997609138,-0.25118815898895264,0.46310291439294815,0.007839315415670475,-6.668084329280219,-7.440531435728069
13.200000000004641,3.3257842566788307,0.9348501016530223,0.04000967114721904,-0.00017526277421347588,-0.0005311099041196616,3.0522891694150225,4.1,0.15,0.0016935819759964941,-0.2509971857070923,0.4632450193166733,0.007056591566652059,-6.66327531554754,-7.434550827664896
13.250000000004702,3.3260678195953846,0.9347107321357125,0.04000827926707283,-8.914675631571975e-05,-0.0003505688034305576,3.015499560693979,4.1,0.15,0.0014837922528386114,-0.2507888078689575,0.4634246677160263,0.006182467720160881,-6.658027604153963,-7.428025755020134
13.300000000004763,3.3262604624231105,0.9346635097246044,0.04000813743172807,-0.00029377252353776715,-0.0002165182875000059,2.980070055787376,4.1,0.15,0.0012179095298051833,-0.2505694627761841,0.46361639350652695,0.005074623040854931,-6.65250322044405,-7.42115791652304
13.350000000004824,3.3264523590548025,0.9346138704419403,0.04000717088772195,-0.00015754234072660263,-0.00019431714015491334,2.9443503460214675,4.1,0.15,0.0011951051652431487,-0.2503502666950226,0.4638296961784363,0.004979604855179787,-6.646982100912882,-7.414295418851058
13.400000000004885,3.3266462976736912,0.9345794851251341,0.04000994764806384,-0.0005401227446689015,-0.00010003569372585129,2.9089092628542357,4.1,0.15,0.0012782661244273184,-0.2501387596130371,0.4639827162027359,0.005326108851780494,-6.641654188889234,-7.407674284884377
13.450000000004946,3.3268190672215026,0.9345426036301041,0.040003545040238696,-0.00021769238156451148,7.737003826701701e-05,2.8727626810329343,4.1,0.15,0.0014039404690265654,-0.24993915855884552,0.46410293877124786,0.005849751954277356,-6.636625775035419,-7.401426440013634
13.500000000005008,3.32704284679945,0.9344842211480229,0.04001092170059999,-0.00022546009674380773,-0.0005035254110033149,2.837168478495304,4.1,0.15,0.0016084613278508186,-0.24972589313983917,0.4642242416739464,0.006701922199378411,-6.631252676147554,-7.394751496091974
13.550000000005069,3.3273251453541053,0.934387246143647,0.04000867239649234,5.940406882336763e-06,-0.00042335605497388943,2.801429032227162,4.1,0.15,0.001696041040122509,-0.2495354861021042,0.46430782228708267,0.007066837667177121,-6.626455089843312,-7.388792530921396
13.60000000000513,3.3275406313292866,0.93435128856962,0.0400043738748689,-5.274125520201069e-05,-1.9018486203288537e-05,2.7659724672959944,4.1,0.15,0.0015615174546837805,-0.24934907257556915,0.46440844237804413,0.006506322727849086,-6.621757768450252,-7.38295903957056
13.65000000000519,3.327715569668401,0.9343180571364484,0.04000822317670242,-0.00011860831990909437,-0.0003328484335296307,2.7296508198282776,4.1,0.15,0.001535956747829914,-0.24914602935314178,0.46457694470882416,0.006399819782624642,-6.61664100292562,-7.376605705571285
13.700000000005252,3.3278994166123503,0.9342962324977642,0.04001154587437465,-0.000265824297345112,-0.0006484295413702837,2.6939419647608758,4.1,0.15,0.0016749056056141853,-0.24892665445804596,0.46473659574985504,0.006978773356725772,-6.611112201338573,-7.36974199506297
13.750000000005313,3.3281982277310385,0.9341974423082978,0.04000693858793558,-3.7112238880922726e-05,-0.00019884973131354918,2.658711536755028,4.1,0.15,0.0018592232838273047,-0.24872754514217377,0.4648450091481209,0.00774676368261377,-6.606093719271068,-7.3635129304338705
13.800000000005374,3.32836322197543,0.934179043144928,0.04000516137455434,-0.00020154417707662743,-0.00010631044961525883,2.6223928187656735,4.1,0.15,0.001712534762918949,-0.24855630099773407,0.4649119973182678,0.007135561512162288,-6.601777246315632,-7.358156062975272
13.850000000005435,3.328604886047426,0.9341140254823028,0.04000432664059257,-8.111462661856661e-05,3.632608842617286e-05,2.5865666944895014,4.1,0.15,0.0018297614529728889,-0.2483297735452652,0.4651031643152237,0.007624006054053704,-6.596066813297901,-7.351070452813856
13.900000000005496,3.328766801708654,0.9341048248667085,0.04001060600980537,-0.00013431407405425013,-0.000503663578352215,2.55078737746866,4.1,0.15,0.001832275278866291,-0.24813960492610931,0.4652051776647568,0.007634480328609546,-6.591272530763543,-7.34512267598361
13.950000000005558,3.3290052922074773,0.9340389410886482,0.04000743543481986,-0.0003861594671529338,-5.801916342418806e-05,2.51422887494459,4.1,0.15,0.0020180780440568922,-0.24792684614658356,0.46535424143075943,0.008408658516903717,-6.585908297849677,-7.33846896332896
14.000000000005619,3.3292432872590387,0.9339791616696365,0.04000626283184472,-0.0003382853655631878,-7.192615346440003e-05,2.4779781381593198,4.1,0.15,0.0020654352381825444,-0.2477315217256546,0.46544382721185684,0.008605980159093935,-6.58098322677449,-7.332361043422476
14.05000000000568,3.329502149715673,0.9339150342611923,0.04000365410908788,-0.00016992629610950845,0.00011326952190075138,2.442582044871843,4.1,0.15,0.0020526105538010595,-0.24753285944461823,0.46556616574525833,0.008552543974171082,-6.575973593200275,-7.326149295608362
14.10000000000574,3.3297345745320492,0.9338709205895678,0.04000539371341181,-0.00040391161885348925,0.00016708295833656823,2.4069069261168576,4.1,0.15,0.0019453322514891623,-0.24734564125537872,0.4656923860311508,0.00810555104787151,-6.571252175094912,-7.320295887050247
14.150000000005802,3.3299408511053388,0.9338345497971616,0.04000897346146069,-0.0005125628686741625,-1.093317940571476e-05,2.371291454696962,4.1,0.15,0.0018807172775268553,-0.24714647233486176,0.4658501669764519,0.00783632198969523,-6.56622898151543,-7.314069376658182
14.200000000005863,3.3301137201556483,0.9338066743062688,0.04000622113482279,-8.273419940348516e-05,-0.0002542604036574048,2.334705329716005,4.1,0.15,0.0019043678417801856,-0.24694223701953888,0.4660046100616455,0.00793486600741744,-6.561077589416958,-7.307685056179484
14.250000000005924,3.3303651320858205,0.9337400823865003,0.040008869623769885,-0.0004989942175211621,-0.00030865846378463213,2.2989933199900996,4.1,0.15,0.0020699569955468177,-0.2467236965894699,0.4661523997783661,0.008624820814778408,-6.5555649106423495,-7.300854211092463
14.300000000005985,3.330563670970724,0.9337122202011209,0.04000317206287431,-0.00026039194663505247,8.393258999149175e-05,2.2631992537999275,4.1,0.15,0.0020592641085386276,-0.24653960764408112,0.4662375673651695,0.00858026711891095,-6.550920891908474,-7.2951007243190125
14.350000000006046,3.330843349794217,0.9336162229270945,0.0400084152063836,-0.00011724760100820429,-0.00048588359370045544,2.227434521597943,4.1,0.15,0.002129737287759781,-0.24633489549160004,0.4663799926638603,0.008873905365665754,-6.545756204673106,-7.288703241212725
14.400000000006107,3.3310697757928525,0.9335705802095474,0.04001315727616756,-0.00038625574195259047,-0.0006041893223355905,2.1920008202088432,4.1,0.15,0.0019867073744535444,-0.24614785611629486,0.46648524701595306,0.008277947393556435,-6.541037010407609,-7.282858565871327
14.450000000006169,3.3312748716138088,0.9335387387919778,0.04000348971421516,-0.00015751665520479785,0.0001246655968812547,2.1563480874192473,4.1,0.15,0.001913502626121044,-0.24594612419605255,0.4666530638933182,0.007972927608837683,-6.535946707974284,-7.27655532233326
14.50000000000623,3.3314980837341013,0.9334949985876905,0.04001116018117371,-0.000525903495570726,-0.0003817755208787818,2.121070899817944,4.1,0.15,0.0019366603344678878,-0.24574221670627594,0.4668092727661133,0.008069418060282866,-6.530801087176205,-7.27018468158725
14.55000000000629,3.3317318721073033,0.9334320837218216,0.04000843060239751,-0.00011376100062175651,-0.00038532570375524657,2.0855597500196468,4.1,0.15,0.0019405758008360862,-0.24554972350597382,0.4669341444969177,0.008085732503483692,-6.52594311726782,-7.2641711900846575
14.600000000006352,3.331982326541886,0.9333516814814372,0.04000485025728916,-0.00023212043154853846,-3.4383645567259087e-05,2.04956666032262,4.1,0.15,0.0018989216536283492,-0.24535222351551056,0.46706510335206985,0.007912173556784788,-6.520958397203987,-7.258001826242946
14.650000000006413,3.332229145251555,0.9332758905053129,0.04000902690898828,-8.920826586747217e-05,-0.00044126094250536473,2.014144110619185,4.1,0.15,0.001792183145880699,-0.24515070021152496,0.4672078564763069,0.007467429774502913,-6.515871721698692,-7.251707348598307
14.700000000006474,3.3324536008913572,0.9332187775911502,0.0400125930049384,-0.0004976136405070247,-0.0004697112241914798,1.9788878277795923,4.1,0.15,0.0016611004248261452,-0.24495090544223785,0.4673645943403244,0.006921251770108938,-6.510828266803406,-7.245467422781943
14.750000000006535,3.3326647591779146,0.9331535573259591,0.04000968157024374,3.9414932951015615e-05,-0.0005322422853385321,1.9431956793356266,4.1,0.15,0.0015850650146603583,-0.24474771320819855,0.46753112971782684,0.0066044375610848265,-6.505698630779273,-7.239121962254449
14.800000000006596,3.332986957692082,0.9330221566802017,0.040011359503962604,-0.0002765818689632867,-0.0005457700127502997,1.9086858171727612,4.1,0.15,0.0015664042904973028,-0.24453599750995636,0.46769237518310547,0.006526684543738762,-6.500353369045356,-7.232510939228104
14.850000000006657,3.3331922897273354,0.9329578997232415,0.04000623357177466,-0.000187237426130169,-0.00015555654369583618,1.8731147033705478,4.1,0.15,0.0012307185679674149,-0.24436227977275848,0.467804417014122,0.005127994033197562,-6.495967113207962,-7.227086907623462
14.900000000006719,3.3333621767496555,0.9329145735613346,0.04000491698464498,-4.654277402593182e-05,-6.608297500820725e-05,1.837911692610652,4.1,0.15,0.00111185684800148,-0.24413566291332245,0.4680335745215416,0.0046327368666728335,-6.490244726461372,-7.220011829315854
14.95000000000678,3.3335701066002925,0.9328625579590787,0.04000593693965245,-0.0005109734368951585,0.00011551508565839441,1.8030737820656164,4.1,0.15,0.0011869678273797035,-0.2439170926809311,0.4682140201330185,0.004945699280748765,-6.484725030655622,-7.213188651900968
15.00000000000684,3.3337575067857763,0.9328033096026939,0.04000706356377106,-2.4932843400935555e-05,-0.0002747496564707565,1.7678123557192686,4.1,0.15,0.0012344880029559135,-0.24372275173664093,0.46832990646362305,0.005143700012316306,-6.479816802473125,-7.20712241007822
