time,x,y,z,yaw_deg,target_x,target_y,speed_cmd,steering_cmd,turn_mode,wheel_omega,steer_left_deg,steer_right_deg
0.0005,-5.3517440946425365e-09,-4.047685165554717e-12,0.5399975476988909,1.3987739442288574e-09,1.4,0.0,0.9,0.0,0.0,0.0025,0.0,0.0
0.05000000000000004,-4.728135173362604e-05,-4.371913516096113e-11,0.5276128266636815,4.910578814166218e-09,1.4,0.0,0.9,-7.892997417976627e-11,0.0,0.2500000000000006,0.0,0.0
0.10000000000000007,-0.00018829773412062752,-4.369596694356071e-11,0.49069649091728135,4.916481891559262e-09,1.4,0.0,0.9,-7.916917687977972e-11,0.0,0.500000000000002,0.0,0.0
0.1500000000000001,-0.00042299875917888036,-4.374459503493507e-11,0.429250718508841,4.934393612007068e-09,1.4,0.0,0.9,-7.957792199285396e-11,0.0,0.7499999999999981,0.0,0.0
0.20000000000000015,-0.000751362644799241,-4.381304205048444e-11,0.34327504574811524,4.959363490532229e-09,1.4,0.0,0.9,-8.014807349381109e-11,0.0,0.9999999999999938,0.0,0.0
0.25000000000000017,-0.0011733567088161986,-4.3900650099493574e-11,0.23276882394903545,4.9912329289890504e-09,1.4,0.0,0.9,-8.087584788970484e-11,0.0,1.2499999999999893,0.0,0.0
0.3000000000000002,-0.001688935279040547,-4.400779002876494e-11,0.0977312195391851,5.02980767974556e-09,1.4,0.0,0.9,-8.175655178359118e-11,0.0,1.499999999999985,0.0,0.0
0.35000000000000026,0.040274095336101656,0.008349974149525728,0.07055529500909045,-0.06249876631024366,1.4,0.0,0.9,-0.007326758554765687,0.0,1.7499999999999805,-0.204820490728464,-0.20547904535237915
0.4000000000000003,0.07331801056655733,0.014098857098073379,0.05738605743376966,-0.3937702804058974,1.4,0.0,0.9,-0.005437256505373355,0.0,1.9999999999999762,-0.15206205631024677,-0.15242473999344766
0.45000000000000034,0.09852032787105416,0.014089653974270006,0.05735970557706234,-0.3726680081834405,1.4,0.0,0.9,-0.0062654227013957745,0.0,2.249999999999987,-0.17519137583017835,-0.17567295644182063
0.5000000000000003,0.12702557645535095,0.013868781037196328,0.05736231852900084,-0.3766425036367228,1.4,0.0,0.9,-0.006265086454072422,0.0,2.500000000000006,-0.17518198669624613,-0.1756635156192304
0.5504999999999948,0.15887219301044744,0.013623747281004144,0.05736104424808973,-0.38077014247213276,1.4,0.0,0.9,-0.006279722333906641,0.0,2.752500000000025,-0.17559066743972954,-0.17607444878896938
0.6004999999999893,0.1934049832233431,0.013346236604785252,0.057360873916437474,-0.38586579617579625,1.4,0.0,0.9,-0.006272177923975645,0.0,3.0025000000000435,-0.17538000362508846,-0.17586262325167973
0.6504999999999838,0.23093915235738308,0.013033030154457873,0.05736077728108256,-0.39185969641626145,1.4,0.0,0.9,-0.006247340174012837,0.0,3.2525000000000626,-0.17468645008424716,-0.17516525494778848
0.7004999999999783,0.2715080729757712,0.012723706730340508,0.057345496016343936,-0.39506153181820125,1.4,0.0,0.9,-0.0063482465016405564,0.0,3.502500000000081,-0.17750404734387218,-0.17799844430314954
0.7504999999999727,0.31501537870671187,0.012419903295395579,0.05736098923895732,-0.3959647874388577,1.4,0.0,0.9,-0.0065761899466611476,0.0,3.7500000000000004,-0.1838684314237831,-0.18439896989828095
0.8004999999999672,0.3600238033024337,0.012042782700839982,0.0573591783740301,-0.4023247849825014,1.4,0.0,0.9,-0.006607628300480261,0.0,3.7500000000000004,-0.18474616846868586,-0.18528179168131859
0.8504999999999617,0.40502792675682625,0.01165591171129782,0.05735497855277694,-0.4093896546676834,1.4,0.0,0.9,-0.006627258690392234,0.0,3.7500000000000004,-0.18529422922430716,-0.18583303969142567
0.9004999999999562,0.4500191366124768,0.01126882781608215,0.05735956628706977,-0.4158365359480219,1.4,0.0,0.9,-0.006679408369687627,0.0,3.7500000000000004,-0.1867501729931924,-0.1872974965752575
0.9504999999999507,0.4950425692374919,0.010860197648922067,0.05737980910738078,-0.4253486228488841,1.4,0.0,0.9,-0.006634789844350704,0.0,3.7500000000000004,-0.18550449022391094,-0.1860445259833503
1.0004999999999453,0.5401104931787603,0.010665076151367662,0.057350150384959483,-0.41636743374947327,1.4,0.0,0.9,-0.007446964573397291,0.0,3.7500000000000004,-0.20817539254255482,-0.20885573346500927
1.0504999999999398,0.585124969792749,0.010256665201455357,0.05735771665570308,-0.42303817831669965,1.4,0.0,0.9,-0.007541656443232858,0.0,3.7500000000000004,-0.21081808047877565,-0.21151583311860173
1.1004999999999343,0.6301450428788234,0.009859175063133621,0.05736271937921916,-0.42965607793683264,1.4,0.0,0.9,-0.007696355448273688,0.0,3.7500000000000004,-0.21513522933040122,-0.21586190095314167
1.1504999999999288,0.6753135297784583,0.009554806353972404,0.057199553425970454,-0.4326261896560474,1.4,0.0,0.9,-0.008173030592036501,0.0,3.7500000000000004,-0.22843585419036364,-0.22925532617737235
1.2004999999999233,0.7234750812180651,0.009048874141042109,0.053839739059438445,-0.442941842611959,1.4,0.0,0.9,-0.008187927526635946,0.0,3.7500000000000004,-0.2288514773730391,-0.2296739393696746
1.2504999999999178,0.7758703816334269,0.007986745446379393,0.04550776423386338,-0.5030606665841847,1.4,0.0,0.9,-0.005873304158792378,0.0,3.7500000000000004,-0.16424119471986245,-0.1646643826678304
1.3004999999999123,0.820718046612694,0.0038006399690451477,0.04831665594574949,-0.4368343080514992,1.4,0.0,0.9,0.0015561938762561182,0.0,3.7500000000000004,0.04358828837701217,0.043558578821720983
1.3504999999999068,0.8635193875777376,0.003667429080503219,0.049552176996386824,-0.4319408992198383,1.4,0.0,0.9,0.001015143703964618,0.0,3.7500000000000004,0.028430346233629826,0.02841770399984953
1.4004999999999013,0.9059106452528937,0.003784679411782448,0.05181843083679002,-0.4256477501675828,1.4,0.0,0.9,-0.0003158947510569436,0.0,3.7500000000000004,-0.008844440970229569,-0.00884566517367748
1.4504999999998958,0.9488128834571555,0.003353020027783898,0.054095238429577044,-0.4225153750601633,1.4,0.0,0.9,-8.790064101959334e-05,0.0,3.7500000000000004,-0.0024611705555152904,-0.002461265343407202
1.5004999999998903,0.9906082321338804,0.00288426158676084,0.05624553827491318,-0.2356472494684303,2.8,0.55,0.9,0.4317098472872134,0.0,3.7500000000000004,2.9755486310125856,2.843277256273674
1.5504999999998847,1.0328753175801753,0.0031241972315825964,0.06699876366854181,0.042698981601104316,2.8,0.55,0.9,0.43408447044345755,0.0,3.7500000000000004,6.193112183083118,5.647739537314974
1.6004999999998792,1.0611552439160479,-0.00477568887624152,0.09193373948311093,0.46131979054301886,2.8,0.55,0.9,0.43608602419637743,0.0,3.7500000000000004,9.569070158684022,8.331606359596039
1.6504999999998737,1.0842043940001058,-0.016194279425595818,0.10929777877307659,0.9621913705667813,2.8,0.55,0.9,0.437832371492485,0.0,3.7500000000000004,13.110088009898599,10.905237985762367
1.7004999999998682,1.1134620477325066,-0.021152451164237345,0.11110305295262743,1.5615465030132423,2.8,0.55,0.9,0.4339999915984948,0.0,3.7500000000000004,13.40560557910733,11.110098826522131
1.7504999999998627,1.1486094799640318,-0.020441630407040078,0.10482656000711414,2.1853271006493453,2.8,0.55,0.9,0.42702796678990734,0.0,3.7500000000000004,13.169167519915558,10.946308693562083
1.8004999999998572,1.1881780605421457,-0.017073327313612507,0.11156409708756222,2.6426213325684964,2.8,0.55,0.9,0.42367786489849024,0.0,3.7500000000000004,13.055812976660032,10.867456219306366
1.8504999999998517,1.2309599627914298,-0.010190601520476255,0.11231846085425011,3.053240949815672,2.8,0.55,0.9,0.42001038018889997,0.0,3.7500000000000004,12.931909401120215,10.781021060474954
1.9004999999998462,1.274508800752729,-0.002431222610856141,0.11166120919134809,3.4858394500519556,2.8,0.55,0.9,0.4156184965450611,0.0,3.7500000000000004,12.783793602478585,10.677358244436796
1.9504999999998407,1.3182525771235372,0.0039056083798469036,0.1125198512104675,3.822438282477684,2.8,0.55,0.9,0.4152597616199007,0.0,3.7500000000000004,12.7717078726915,10.668883442496588
2.0004999999998354,1.3649501533720527,0.017501058373080185,0.10343677192049491,4.118998492455947,2.8,0.55,0.9,0.41106975829108083,0.0,3.7500000000000004,12.63068771203723,10.56981430587224
2.050499999999852,1.4125655948304616,0.035808683669840406,0.09899099292016315,4.428861529218746,2.8,0.55,0.9,0.40262953796049505,0.0,3.7500000000000004,12.34740589559136,10.369780971001667
2.100499999999869,1.4548205112890056,0.044996359016310626,0.10073082447759688,4.779435939048908,2.8,0.55,0.9,0.399786948099034,0.0,3.7500000000000004,12.252235120349434,10.302269062350517
2.1504999999998855,1.4956388524191393,0.05042860170805663,0.10303531725479186,5.136769709692714,2.8,0.55,0.9,0.4003512338545334,0.0,3.7500000000000004,12.27111812670997,10.315676658867199
2.200499999999902,1.5360724262239454,0.055676722245401225,0.10529705938213758,5.4910046424427,2.8,0.55,0.9,0.4016007235353204,0.0,3.7500000000000004,12.312947153384647,10.3453547983735
2.250499999999919,1.5784160625511474,0.06373973926918952,0.10764926031040271,5.851830812450294,2.8,0.55,0.9,0.40121896293657633,0.0,3.7500000000000004,12.300164560637826,10.33628861741283
2.3004999999999356,1.620851469085549,0.07211994052641153,0.1100293887289458,6.210822357399882,2.8,0.55,0.9,0.40113544255504935,0.0,3.7500000000000004,12.297368311004686,10.334304973739645
2.3504999999999523,1.6628463914186906,0.0802663928862366,0.11235494062015354,6.566945175353254,2.8,0.55,0.9,0.40180363324536256,0.0,3.7500000000000004,12.319742106146121,10.350173038896036
2.400499999999969,1.7044629437121046,0.08823269387744268,0.11464861771907804,6.923607729841871,2.8,0.55,0.9,0.4031759758929798,0.0,3.7500000000000004,12.365714423100787,10.382750701156546
2.4504999999999857,1.7464850700415138,0.09708296408737829,0.11697344738785886,7.286779142063087,2.8,0.55,0.9,0.4043131760805636,0.0,3.7500000000000004,12.403830659000786,10.409733686251366
2.500000000000002,1.7878076266577694,0.10592034873150666,0.11924662854353016,7.658438961594054,2.8,0.55,0.9,0.4056580892390657,0.0,3.7500000000000004,12.448933499055846,10.441630360652592
2.550000000000019,1.8293946143937116,0.11529562684391514,0.12152114788588529,8.026111154676943,2.8,0.55,0.9,0.4074206916140398,0.0,3.7500000000000004,12.508084222764298,10.483408868911967
2.6000000000000356,1.8720683051951261,0.12392176846249438,0.12540939148820954,8.434840492726684,2.8,0.55,0.9,0.4106522446987541,0.0,3.7500000000000004,12.61664990814481,10.559934059993363
2.6500000000000523,1.9133025675456656,0.1344489894871275,0.12479500287891188,8.896660139326311,2.8,0.55,0.9,0.41027310609325957,0.0,3.7500000000000004,12.60390458775519,10.55096060429361
2.700000000000069,1.9539867634881511,0.1456340351680051,0.12329214050141053,9.306270149370745,2.8,0.55,0.9,0.41098062503241783,0.0,3.7500000000000004,12.62769062344631,10.56770514211044
2.7500000000000857,1.9950776634892364,0.16255108156451464,0.11817279953828137,9.678023663382218,2.8,0.55,0.9,0.40549005524156606,0.0,3.7500000000000004,12.44329687665375,10.437646055221407
2.8000000000001024,2.039289905375819,0.1749529807907213,0.12249767962873702,10.040557053050422,2.8,0.55,0.9,0.41004088815998896,0.0,3.7500000000000004,12.596099274695494,10.545463840950168
2.850000000000119,2.0823159793735893,0.18701250630729255,0.12701696471393145,10.443566815501653,2.8,0.55,0.9,0.4146479428479286,0.0,3.7500000000000004,12.751100160571628,10.65442714164065
2.900000000000136,2.1250059395333287,0.19950857589394982,0.13150709368755736,10.862294210709516,2.8,0.55,0.9,0.41950033168829914,0.0,3.7500000000000004,12.914693467842326,10.768990931988206
2.9500000000001525,2.167950282676607,0.2123076951462472,0.1360273528106953,11.275639036818667,2.8,0.55,0.9,0.4260697021419008,0.0,3.7500000000000004,13.136726611535348,10.923763681972137
3.000000000000169,2.210424886265989,0.2250698354065472,0.14173061311565993,11.735110788643073,2.8,0.55,0.9,0.43330699420839397,0.0,3.7500000000000004,13.382072220700723,11.093837455045582
3.050000000000186,2.2517823735029943,0.23270855209151825,0.15836663632737755,12.372187098405437,2.8,0.55,0.9,0.447471051294883,0.0,3.7500000000000004,13.864477934821696,11.425379432896253
3.1000000000002026,2.2931609864088447,0.2400147989474102,0.17109805535106393,12.915030493701853,2.8,0.55,0.9,0.4688323368499439,0.0,3.7500000000000004,14.597630757171986,11.922157434803463
3.1500000000002193,2.338020087511764,0.2429705356605355,0.19154556376600715,13.40887795651313,2.8,0.55,0.9,0.510808138764609,0.0,3.7500000000000004,16.05803811330715,12.887301135788665
3.200000000000236,2.3762271608097687,0.25039126098006587,0.197214516862728,14.014884214613005,2.8,0.55,0.9,0.5374991491870419,0.0,3.7500000000000004,17.00027689383947,13.49360810970766
3.2500000000002527,2.411503084832348,0.2656379441542179,0.19296653757798862,14.668955747093069,2.8,0.55,0.9,0.5447960951214408,0.0,3.7500000000000004,17.25971303186095,13.658387873627012
3.3000000000002694,2.457114092922546,0.28487561756023116,0.19824018692131148,15.111987999914444,4.1,0.15,0.9,-0.5009822916574659,0.0,3.7500000000000004,16.38996649110475,13.102312907106928
3.350000000000286,2.506283940928005,0.30245983025873135,0.20514608588917616,15.306124539611211,4.1,0.15,0.9,-0.5253738371134797,0.0,3.7500000000000004,12.69905823907609,10.617887828818187
3.400000000000303,2.54737309126808,0.32499868563988693,0.19789212922308255,15.559295219601577,4.1,0.15,0.9,-0.5562191222791356,0.0,3.7500000000000004,9.17706931018119,8.03224096826704
3.4500000000003195,2.5929501087238376,0.34595314181034903,0.19619909388344453,15.632661148629417,4.1,0.15,0.9,-0.5828617171749125,0.0,3.7500000000000004,5.819492601852182,5.3351886376565165
3.500000000000336,2.6380618437670895,0.3678898217660966,0.19052507876361252,15.658240538539001,4.1,0.15,0.9,-0.6105059180387284,0.0,3.7500000000000004,2.6194298477743505,2.5163577336270584
3.550000000000353,2.6796356397670285,0.38229352238392,0.18984879896918527,15.588621634622738,4.1,0.15,0.9,-0.6294406925300123,0.0,3.7500000000000004,-0.4316769587983262,-0.4346126180433013
3.6000000000003696,2.723242204790061,0.39327240184804113,0.1944070300741723,15.29953261664293,4.1,0.15,0.9,-0.6406770941686093,0.0,3.7500000000000004,-3.343437995415099,-3.527781337113646
3.6500000000003863,2.767501849883056,0.40324402335757864,0.19905377331990404,14.955418610759718,4.1,0.15,0.9,-0.6507189061355425,0.0,3.7500000000000004,-6.126035013466984,-6.772509627442716
3.700000000000403,2.8122890341452713,0.4115376855743264,0.2037615447212672,14.53477845307398,4.1,0.15,0.9,-0.6583122418163257,0.0,3.7500000000000004,-8.789857937031558,-10.176944290348278
3.7500000000004197,2.8566373940716,0.41832745735522225,0.20841028069596018,14.067338447732407,4.1,0.15,0.9,-0.6641472463615943,0.0,3.7500000000000004,-11.345242457109585,-13.74737330552042
3.8000000000004364,2.9007380700817738,0.42368731873985277,0.21305453855554882,13.525679725688361,4.1,0.15,0.9,-0.6676160875321356,0.0,3.7500000000000004,-13.802290437911143,-17.48746199748508
3.850000000000453,2.9449903811068765,0.42764331053856425,0.21769672885258737,12.903355484675766,4.1,0.15,0.9,-0.6686132755401236,0.0,3.7500000000000004,-16.1707556472745,-21.397401778258047
3.9000000000004698,2.988907766085417,0.43034123161292315,0.22234174875635587,12.246935252273321,4.1,0.15,0.9,-0.6682917430847121,0.0,3.7500000000000004,-16.38687788674038,-21.76958927900011
3.9500000000004865,3.0334329766244306,0.4327630889184565,0.22698252031462635,11.604998702279069,4.1,0.15,0.9,-0.6694504503871027,0.0,3.7500000000000004,-16.411963143646698,-21.81295800752796
4.000000000000503,3.0779845105340957,0.4346472462380228,0.23168319718350458,10.97532314018123,4.1,0.15,0.9,-0.6716012246655736,0.0,3.7500000000000004,-16.458501749309047,-21.893509636411906
4.050000000000475,3.1225530323821924,0.4361581262936983,0.23636342875913988,10.34756957164178,4.1,0.15,0.9,-0.6748032294864768,0.0,3.7500000000000004,-16.527728690947622,-22.013555720827306
4.100000000000447,3.1674681829602336,0.4373077065136589,0.24110467847486203,9.708319829225792,4.1,0.15,0.9,-0.6789872623222528,0.0,3.7500000000000004,-16.618082263056476,-22.170641069548864
4.15000000000042,3.211724900985613,0.4375420965720199,0.245746396029773,9.067609715178536,4.1,0.15,0.9,-0.6833611341568528,0.0,3.7500000000000004,-16.712409114072255,-22.335122348460292
4.200000000000392,3.2560999772120764,0.437155786505555,0.2504122597347814,8.399684455303628,4.1,0.15,0.9,-0.6880809088878734,0.0,3.7500000000000004,-16.814051617174854,-22.512918860169624
4.250000000000364,3.3005414164052325,0.43641586207615557,0.2550914289115622,7.7411832322521885,4.1,0.15,0.9,-0.694645157310063,0.0,3.7500000000000004,-16.95516845858261,-22.760726992313643
4.300000000000336,3.345554223576072,0.4353048475473504,0.2597926641372319,7.081742964990643,4.1,0.15,0.9,-0.7033515416868311,0.0,3.7500000000000004,-17.14189594146353,-23.090350342383946
4.350000000000309,3.390601689579467,0.4338162261701474,0.2647987250417435,6.429764473114735,4.1,0.15,0.9,-0.7144499717348326,0.0,3.7500000000000004,-17.379204775604972,-23.512095383246688
4.400000000000281,3.435087201137925,0.43077035020612114,0.2693169172854567,5.740208082317787,4.1,0.15,0.9,-0.7245294349706559,0.0,3.7500000000000004,-17.594033062951162,-23.896625366539446
4.450000000000253,3.4787752716492135,0.42691347996902024,0.2738339553387734,5.006823680337141,4.1,0.15,0.9,-0.7346101928998433,0.0,3.7500000000000004,-17.808236991434217,-24.282630394890617
4.500000000000226,3.522970790343451,0.4230126703328743,0.278457101956998,4.301965488778123,4.1,0.15,0.9,-0.7494979690240228,0.0,3.7500000000000004,-18.123407346290012,-24.85529187558678
4.550000000000198,3.5668160933886854,0.41820955289583356,0.2830667075196486,3.5774451867961665,4.1,0.15,0.45,-0.7662081221133039,0.0,3.642499999999992,-18.475511403006916,-25.501697330023998
4.60000000000017,3.607510753483472,0.4128306418636903,0.2873524821532143,2.8804613132829977,4.1,0.15,0.45,-0.7835013378920341,0.0,3.3924999999999734,-18.838102647789825,-26.174672418536286
4.6500000000001425,3.6455571582754867,0.4072256327177667,0.29135457327630926,2.197445336726414,4.1,0.15,0.45,-0.8022349565882385,0.0,3.1424999999999548,-19.228872399154813,-26.90824883386946
4.700000000000115,3.6814871213765317,0.4015308103878617,0.295208600939364,1.566197764065032,4.1,0.15,0.45,-0.824095477518175,0.0,2.892499999999936,-19.682267005221018,-27.770153534109813
4.750000000000087,3.7141536831645667,0.39551167305596946,0.29858209254529944,0.968411664834169,4.1,0.15,0.45,-0.8459753318069713,0.0,2.642499999999917,-20.133327231143593,-28.63904702835326
4.800000000000059,3.7439845872824513,0.39007954521537685,0.30166078281392444,0.43926343039559096,5.3,-0.55,0.45,-0.7991925564147929,0.0,2.3924999999998984,-19.165551376250647,-26.78879484486112
4.850000000000032,3.770728058563292,0.3851349320115901,0.30448742742174517,-0.032291375620995585,5.3,-0.55,0.45,-0.7950260104356693,0.0,2.1424999999998797,-19.078745205483333,-26.62540338148231
4.900000000000004,3.794455528882744,0.38075120048874767,0.30698645879473563,-0.4621703723518854,5.3,-0.55,0.45,-0.7912127261514444,0.0,1.8924999999998788,-18.999208904563677,-26.4760682959848
4.950499999999976,3.816461488983439,0.3761938581255229,0.3092879549036564,-0.8830836813947898,5.3,-0.55,0.45,-0.7869566015589738,0.0,1.8750000000000002,-18.910333894743165,-26.309620890607338
5.000499999999948,3.837733941955006,0.3715902608451327,0.31152241287714877,-1.2869691342702885,5.3,-0.55,0.45,-0.7828980770635842,0.0,1.8750000000000002,-18.825484327919117,-26.15112800815043
5.0504999999999205,3.8593416920617067,0.36689442291888597,0.3137896946810378,-1.6818113013754077,5.3,-0.55,0.45,-0.7793199451140564,0.0,1.8750000000000002,-18.7505961078232,-26.01157959475257
5.100499999999893,3.880434144916993,0.3620048999471951,0.3160132588373786,-2.091457215497512,5.3,-0.55,0.45,-0.775141801865848,0.0,1.8750000000000002,-18.663052323359043,-25.84884971717512
5.150499999999865,3.9014307847787455,0.3569802598268342,0.31821385084171655,-2.508442296816272,5.3,-0.55,0.45,-0.7707785651786913,0.0,1.8750000000000002,-18.57151745639505,-25.67916368532659
5.200499999999837,3.922624490974229,0.351785060655075,0.3204415244081456,-2.9218465881311544,5.3,-0.55,0.45,-0.7666400754409303,0.0,1.8750000000000002,-18.4845904096676,-25.518457511432864
5.25049999999981,3.9438408536335836,0.3464464339116835,0.32267819399519854,-3.3444150990802184,5.3,-0.55,0.45,-0.7623299297418651,0.0,1.8750000000000002,-18.39394644701917,-25.351334189207638
5.300499999999782,3.9651918543757927,0.3410636481906174,0.3249199595162417,-3.7621880573716804,5.3,-0.55,0.9,-0.7583251093398492,0.0,1.929999999999999,-18.309621264056684,-25.19627769169341
5.350499999999754,3.9885580093865642,0.3351555151574759,0.3273080494930332,-4.198200917397017,5.3,-0.55,0.9,-0.7546883324623279,0.0,2.1800000000000037,-18.232959789093467,-25.05566173279584
5.4004999999997265,4.013628977053289,0.3290139298115587,0.3298090956155999,-4.69331530401408,5.3,-0.55,0.9,-0.7504816004247615,0.0,2.4300000000000224,-18.14418162279055,-24.893235638283198
5.450499999999699,4.042143808028248,0.32101310566914876,0.3327835847870192,-5.210265046149477,5.3,-0.55,0.9,-0.7463397956647938,0.0,2.6800000000000415,-18.05666595758611,-24.73355516134986
5.500499999999671,4.078459623299199,0.3128213223735936,0.3331846447818708,-5.758539765584225,5.3,-0.55,0.9,-0.7459956943230409,0.0,2.93000000000006,-18.049390327488243,-24.720299576244468
5.550499999999643,4.11694442588708,0.30162626447291185,0.3320505155252354,-6.434041502693411,5.3,-0.55,0.9,-0.7419082461361248,0.0,3.1800000000000788,-17.962909104557944,-24.562967072175496
5.600499999999616,4.162863631653342,0.28925435750932715,0.3278014718422937,-7.048622329525638,5.3,-0.55,0.9,-0.7434756556638554,0.0,3.4300000000000974,-17.996084368325224,-24.623271816763886
5.650499999999588,4.2214942048899555,0.27498606373970647,0.31586329135311364,-7.685846920986166,5.3,-0.55,0.9,-0.7522079511988243,0.0,3.680000000000116,-18.180627548587406,-24.959862230509593
5.70049999999956,4.290589488428943,0.2582591109946535,0.29408848312193264,-8.334382592069774,5.3,-0.55,0.45,-0.7678894811204515,0.0,3.627499999999991,-18.510844608510414,-25.56694992496639
5.7504999999995325,4.3661535532124205,0.24041296421139363,0.259357825356412,-8.901375108757444,5.3,-0.55,0.45,-0.7929205580133681,0.0,3.3774999999999724,-19.034840994752457,-26.54292601771511
5.800499999999505,4.445921806384519,0.221519899025422,0.20981609354787142,-9.407262548140169,5.3,-0.55,0.45,-0.8267897027386666,0.0,3.1274999999999538,-19.737955612744607,-27.876813028844744
5.850499999999477,4.517956713226199,0.21200153160940038,0.18084079897690683,-10.350480453732395,5.3,-0.55,0.45,-0.857925398130174,0.0,2.8774999999999347,-20.37855185640167,-29.116190584201874
5.900499999999449,4.569959737817611,0.20753828896833365,0.19525134375550443,-11.562788960600107,5.3,-0.55,0.45,-0.8728627009699658,0.0,2.627499999999916,-20.683976567980853,-29.715129622999843
5.950499999999422,4.610735883395253,0.19653223518491508,0.19808526890413294,-12.42169539221699,5.3,-0.55,0.45,-0.8822432332730809,0.0,2.3774999999998974,-20.875165684503095,-30.092671625443387
6.000499999999394,4.637969877811033,0.18588467689499677,0.1973785274460632,-13.310214043139075,5.3,-0.55,0.45,-0.8786051423065249,0.0,2.1274999999998787,-20.801071915943776,-29.94611967082658
6.050499999999366,4.6513252342602,0.17746238028363465,0.19208994989833306,-13.881273756501116,5.3,-0.55,0.45,-0.8705602797139186,0.0,1.8774999999998792,-20.636977597951358,-29.62262884489447
6.100499999999339,4.655986908649074,0.16663885637334291,0.18515630963105859,-14.304335857316001,5.3,-0.55,0.45,-0.8543633753402262,0.0,1.8750000000000002,-20.305538866378665,-28.97377693175975
6.150499999999311,4.663894203757951,0.14842474809195813,0.1864618780384612,-14.79034757688823,5.3,-0.55,0.45,-0.8324135343066384,0.0,1.8750000000000002,-19.854064953133726,-28.099753648981874
6.200499999999283,4.679660590267662,0.13364615863064408,0.18755599992632227,-15.324514532415744,5.3,-0.55,0.45,-0.8213888922230811,0.0,1.8750000000000002,-19.62628114009907,-27.663099844608762
6.250499999999255,4.7004093640510005,0.12316621753597705,0.18877697614750266,-15.762365309819561,5.3,-0.55,0.45,-0.8236315881998384,0.0,1.8750000000000002,-19.672674406513053,-27.75179852263159
6.300499999999228,4.720675919879635,0.11251660327289964,0.1899513883527538,-16.191834947790838,5.3,-0.55,0.45,-0.8260268569741228,0.0,1.8750000000000002,-19.722192085011105,-27.84660377432757
6.3504999999992,4.740468458017684,0.10143613097887534,0.1911157272168621,-16.623374805355848,5.3,-0.55,0.45,-0.8279527408006725,0.0,1.8750000000000002,-19.76198237744684,-27.922884728649922
6.400499999999172,4.759789137254456,0.08997268913717199,0.19228976955071458,-17.05748224938771,5.3,-0.55,0.45,-0.8294161145793092,0.0,1.8750000000000002,-19.792202731600685,-27.98087861172249
6.450499999999145,4.7786438493914565,0.07811403957792191,0.1934529443393539,-17.493272701274023,5.3,-0.55,0.45,-0.8303977620399894,0.0,1.8750000000000002,-19.81246806490875,-28.019797095770755
6.500499999999117,4.796972521371392,0.0659717142052919,0.19461974208833507,-17.933538226834557,5.3,-0.55,0.45,-0.830836358553639,0.0,1.8750000000000002,-19.821520774789473,-28.03718976219005
6.550499999999089,4.814751690530741,0.05354678036397968,0.19577076161386903,-18.3775121976335,5.3,-0.55,0.45,-0.830675667724671,0.0,1.8750000000000002,-19.818204214195788,-28.030817234043873
6.6004999999990615,4.832953932563814,0.041107650993616095,0.19691687579182046,-18.819660610671942,5.3,-0.55,0.45,-0.8317491334543471,0.0,1.8750000000000002,-19.840357114386507,-28.073394076935436
6.650499999999034,4.8516345468896604,0.028914193872924546,0.198075087729082,-19.258272673820525,5.3,-0.55,0.45,-0.834716034624873,0.0,1.8750000000000002,-19.90155054631403,-28.191147575178775
6.700499999999006,4.87038837311385,0.01655221717485435,0.19922359512344057,-19.70098920336843,5.3,-0.55,0.45,-0.8382982079164072,0.0,1.8750000000000002,-19.975368010427154,-28.33347168557157
6.750499999998978,4.889022365784524,0.004134132864596545,0.20038067212060462,-20.138216272000562,5.3,-0.55,0.45,-0.8426567686172254,0.0,1.8750000000000002,-20.065087198089934,-28.50686462935925
6.800499999998951,4.907380381455206,-0.008489419504469017,0.20154077205369986,-20.57207708828593,5.3,-0.55,0.45,-0.8473425794625099,0.0,1.8750000000000002,-20.161424270120186,-28.693546971840465
6.850499999998923,4.925599809196954,-0.021264303263930723,0.20267638286361983,-21.0171835474967,5.3,-0.55,0.45,-0.8522981887736545,0.0,1.8750000000000002,-20.26317545919356,-28.891281736868343
6.900499999998895,4.943850160270449,-0.0340058829178627,0.20376170731150708,-21.45660105066305,5.3,-0.55,0.45,-0.8585897102921768,0.0,1.8750000000000002,-20.39216096428383,-29.142768188153802
6.9504999999988675,4.962112964902419,-0.04678121512498063,0.20484690472889464,-21.909540601930097,5.3,-0.55,0.45,-0.8657076887320084,0.0,1.8750000000000002,-20.537828545178925,-29.427889145669354
7.00049999999884,4.98069213003547,-0.059295936927714316,0.20567532476745795,-22.34716279577486,5.3,-0.55,0.45,-0.8755217537726552,0.0,1.8750000000000002,-20.7382198826379,-29.82203970752312
7.050499999998812,4.999108240420453,-0.06924548463300727,0.2043345179529421,-22.82578033597143,5.3,-0.55,0.45,-0.8889610816868884,0.0,1.8750000000000002,-21.011797222573698,-30.36370870533635
7.100499999998784,5.018445415025156,-0.07773683672043342,0.20229170618735604,-23.32958023837081,5.3,-0.55,0.45,-0.9075059933848963,0.0,1.8750000000000002,-21.387744248841017,-31.114741028963095
7.150499999998757,5.038478492935925,-0.08417447855707733,0.19860279266644343,-23.857428658787068,5.3,-0.55,0.45,-0.9318445232471116,0.0,1.8750000000000002,-21.87845716010861,-32.10655371623049
7.200499999998729,5.0640503492444955,-0.0946254175120983,0.1990900522396443,-24.52653035977081,5.3,-0.55,0.45,-0.963417447667201,0.0,1.8750000000000002,-22.51063393968171,-33.403204244813104
7.250499999998701,5.083639366479777,-0.09574295819422962,0.19234238218636193,-25.215859000908594,5.3,-0.55,0.45,-0.994817889861407,0.0,1.8750000000000002,-23.134619084265264,-34.70348558024356
7.3004999999986735,5.097803424303503,-0.10027043669360869,0.1921653505005578,-25.732194966279106,5.3,-0.55,0.45,-1.0,0.6,1.8750000000000002,-23.23715676447456,-34.91906087527131
7.350499999998646,5.108826311325091,-0.10740746220982496,0.193730530297391,-26.61030174042154,5.3,-0.55,0.45,-1.0,0.6,1.8750000000000002,-23.23715676447456,-34.91906087527131
7.400499999998618,5.120555380351945,-0.11610205230873202,0.19508963773794952,-27.529299123565536,5.3,-0.55,0.45,-1.0,0.6,1.8750000000000002,-23.23715676447456,-34.91906087527131
7.45049999999859,5.133079159051021,-0.1262706497509535,0.1963138991755777,-28.49409952250218,5.3,-0.55,0.45,-1.0,0.6,1.8750000000000002,-23.23715676447456,-34.91906087527131
7.500499999998563,5.146481693284274,-0.13713763696008274,0.19732593645197305,-29.20532926370423,6.6,-0.1,0.45,0.775970443295985,0.0,1.8750000000000002,-21.891631522491775,-32.13335943419695
7.550499999998535,5.157676089785179,-0.14966197161679462,0.19799585082322904,-29.367094072159386,6.6,-0.1,0.45,0.7929238052763462,0.0,1.8750000000000002,-19.708350304113598,-27.82008883282316
7.600499999998507,5.1709730167349965,-0.1631836488603288,0.19870138895965295,-29.487758877031396,6.6,-0.1,0.45,0.8101395527658859,0.0,1.8750000000000002,-17.459512077841726,-23.655536108053948
7.6504999999984795,5.184920518876613,-0.1777680997874984,0.19931703684304036,-29.59916410163634,6.6,-0.1,0.45,0.828487497977579,0.0,1.8750000000000002,-15.136462686804997,-19.652155733594697
7.700499999998452,5.199724962968151,-0.19334203289075036,0.19982129101380255,-29.700566914139557,6.6,-0.1,0.45,0.8479540148959185,0.0,1.8750000000000002,-12.73010519101155,-15.816893096162397
7.750499999998424,5.215571222852534,-0.20991774534484986,0.20023818499932855,-29.79169649588725,6.6,-0.1,0.45,0.8686164340501219,0.0,1.8750000000000002,-10.230911074712646,-12.151881824766207
7.800499999998396,5.232235067582561,-0.22762040976827677,0.2004996451918194,-29.872100875638033,6.6,-0.1,0.45,0.8906565374625377,0.0,1.8750000000000002,-7.628962481022893,-8.65529001840846
7.850499999998369,5.249936036905128,-0.2464967586313891,0.2005840870711119,-29.940665957338464,6.6,-0.1,0.45,0.914200703761035,0.0,1.8750000000000002,-4.914036847518261,-5.32219480739191
7.900499999998341,5.268578761084428,-0.2666873442058416,0.20039693191319422,-29.993524950468554,6.6,-0.1,0.45,0.9393868074326345,0.0,1.8750000000000002,-2.075747944110707,-2.1454008752330296
7.950499999998313,5.288298279954464,-0.2883359097659896,0.19985858979403778,-30.027691519052276,6.6,-0.1,0.45,0.9664183261435841,0.0,1.8750000000000002,0.8962402501258853,0.8838460401224061
8.000499999998286,5.309056979358301,-0.31162401675803303,0.19898536848856377,-30.030945982955657,6.6,-0.1,0.45,0.9953345480114886,0.0,1.8750000000000002,4.011908801053284,3.7752711186059327
8.050499999998348,5.327335805770657,-0.3355847168050213,0.19969500210195978,-29.784403326607514,6.6,-0.1,0.45,1.0,0.6,1.8750000000000002,7.280470470957762,6.539108562711272
8.100499999998409,5.345125425368476,-0.353340072033134,0.20023651243595225,-29.23760286858081,6.6,-0.1,0.45,1.0,0.6,1.8750000000000002,10.709833734646397,9.185754712658163
8.15049999999847,5.3587735641381435,-0.36750396305809746,0.20095808054162764,-28.38162665038309,6.6,-0.1,0.45,1.0,0.6,1.8750000000000002,14.305939153705758,11.725519431370769
8.20049999999853,5.366931021174456,-0.38099512003918845,0.20121650828316856,-27.433148623991617,6.6,-0.1,0.45,1.0,0.6,1.8750000000000002,18.071979458659094,14.168457546808677
8.250499999998592,5.372872197873566,-0.3944907690966946,0.20153975807446678,-26.546419997436526,6.6,-0.1,0.45,1.0,0.6,1.8750000000000002,22.007539706801367,16.524263116145132
8.300499999998653,5.383581897958415,-0.40675077562722073,0.20174375900632352,-25.92806240537589,6.6,-0.1,0.45,1.0,0.6,1.8750000000000002,26.107726945929993,18.802211467943447
8.350499999998714,5.394069601224298,-0.417646817733668,0.20188275511716935,-25.174195376866457,6.6,-0.1,0.45,1.0,0.0,1.8750000000000002,30.36239573246809,21.011136585090846
8.400499999998775,5.4099597368348045,-0.4251019331054007,0.2023105800432295,-24.733956781605205,6.6,-0.1,0.45,1.0,0.6,1.8750000000000002,34.75560759389533,23.159433949757364
8.450499999998836,5.425131641725297,-0.43301662657473866,0.20199041280060248,-24.201904299492547,6.6,-0.1,0.45,1.0,0.6,1.8750000000000002,34.91906087527131,23.23715676447456
8.500499999998897,5.442686478322053,-0.44060977108108745,0.2021482615288937,-23.56822325625486,6.6,-0.1,0.45,1.0,0.0,1.8750000000000002,34.91906087527131,23.23715676447456
8.550499999998959,5.458523334695673,-0.44870090567863585,0.1980646317548116,-23.01652512513436,6.6,-0.1,0.45,1.0,0.6,1.8750000000000002,34.91906087527131,23.23715676447456
8.60049999999902,5.475926423669075,-0.4517714277595084,0.1947005144486792,-22.524172754356552,6.6,-0.1,0.45,1.0,0.0,1.8750000000000002,34.91906087527131,23.23715676447456
8.65049999999908,5.4930148763873285,-0.45271154764904287,0.19044870346214055,-22.06417555427989,6.6,-0.1,0.45,1.0,0.0,1.8750000000000002,34.91906087527131,23.23715676447456
8.700499999999142,5.508458542724694,-0.45273107505387067,0.1852255514313492,-21.614774010179403,6.6,-0.1,0.45,1.0,0.0,1.8750000000000002,34.91906087527131,23.23715676447456
8.750499999999203,5.525456902354838,-0.4496677475291448,0.18050069152908083,-21.090541453200906,6.6,-0.1,0.45,0.9900224731859972,0.0,1.8750000000000002,34.504241330549824,23.039623028156225
8.800499999999264,5.547814244125458,-0.4460745934268001,0.17533686297894646,-20.469289327563143,6.6,-0.1,0.45,0.9788893267357004,0.0,1.8750000000000002,34.042590589443975,22.818667060841246
8.850499999999325,5.55689044722093,-0.44370953877456204,0.16260040099882606,-19.905843086889348,6.6,-0.1,0.45,0.9654817372237855,0.0,1.8750000000000002,33.48836399992019,22.551798135774302
8.900499999999386,5.559114872781584,-0.4354587608933508,0.1484602318971756,-19.44137662180059,6.6,-0.1,0.45,0.9442709499391504,0.0,1.8750000000000002,32.615561237109965,22.12785138470497
8.950499999999447,5.56477081958384,-0.42726163199112077,0.1358906801227302,-18.99446024557668,6.6,-0.1,0.45,0.9248440529765679,0.0,1.8750000000000002,31.820576256618327,21.737621155667995
9.000499999999509,5.56786095145935,-0.4219820050937923,0.11907354629335727,-18.52558399865309,6.6,-0.1,0.45,0.9074548170926693,0.0,1.8750000000000002,31.112662850358994,21.38670924939128
9.05049999999957,5.564440127967258,-0.4203755512635096,0.09245262567476324,-18.054073472821287,6.6,-0.1,0.45,0.8921411187181367,0.0,1.8750000000000002,30.492200793606127,21.076391490188286
9.10049999999963,5.553926538975462,-0.41453074049437316,0.05576202840033677,-17.53620880580508,6.6,-0.1,0.45,0.8676221168698229,0.0,1.8750000000000002,29.504682262909,20.576959740498214
9.150499999999692,5.562068656713669,-0.4130973164936126,0.04076676757030294,-17.09743908343174,6.6,-0.1,0.45,0.8574597607718818,0.0,1.8750000000000002,29.097564808808702,20.369011360109166
9.200499999999753,5.5855900315710345,-0.41581894878286635,0.03999981421915234,-16.690543321020535,6.6,-0.1,0.45,0.8600130193448992,0.0,1.8750000000000002,29.199730166652444,20.42131075146972
9.250499999999814,5.606375761812474,-0.41808797189701763,0.0416716666764258,-16.23112919280505,6.6,-0.1,0.45,0.8600022961739116,0.0,1.8750000000000002,29.199300921672048,20.42109117924758
9.300499999999875,5.621505695762868,-0.42101307865680804,0.046058021163106075,-15.783752348109225,6.6,-0.1,0.45,0.8591268751482248,0.0,1.8750000000000002,29.164262973075566,20.403163561783998
9.350499999999936,5.636200691765666,-0.4218877197119571,0.05018073584530467,-15.315751205298975,6.6,-0.1,0.45,0.8550453090275746,0.0,1.8750000000000002,29.001029031944302,20.31952228565569
9.400499999999997,5.652744295168349,-0.42112143277143294,0.05369737000272389,-14.804095255905596,6.6,-0.1,0.45,0.8486498915447787,0.0,1.8750000000000002,28.74568004527289,20.18827991235194
9.450000000000058,5.671116081201932,-0.4208537002873818,0.05659293213154395,-14.292940749475981,6.6,-0.1,0.45,0.8439987060647617,0.0,1.8750000000000002,28.560298710217715,20.092689025980086
9.500000000000119,5.688829162720151,-0.42148905472547327,0.060519267965115565,-13.74941934225861,6.6,-0.1,0.45,0.8398746315072869,0.0,1.8750000000000002,28.396157130967804,20.007830337408713
9.55000000000018,5.7082109840546345,-0.41912842123466343,0.060307419408111004,-13.12396084240031,6.6,-0.1,0.45,0.8304907339540111,0.0,1.8750000000000002,28.023483715029126,19.81438711284222
9.600000000000241,5.72939389614585,-0.4195146679367546,0.06134573461030869,-12.67966168975489,6.6,-0.1,0.45,0.8309036925833502,0.0,1.8750000000000002,28.039860132069915,19.82291046451891
9.650000000000302,5.750091402412104,-0.41936549423093106,0.06197992512580198,-12.226112018389285,6.6,-0.1,0.45,0.8305876913931023,0.0,1.8750000000000002,28.027328491569115,19.816388374397853
9.700000000000363,5.771322726719745,-0.41959683198320613,0.06240918379770938,-11.765757922085832,6.6,-0.1,0.45,0.8314864563238568,0.0,1.8750000000000002,28.062974144673824,19.834936901792336
9.750000000000425,5.7928193490243265,-0.4194078020936367,0.06272527601850238,-11.311713916897567,6.6,-0.1,0.45,0.8326190009430776,0.0,1.8750000000000002,28.107906527120274,19.85830361031617
9.800000000000486,5.814806560130353,-0.4191419523588794,0.06273250215112824,-10.856101625015402,6.6,-0.1,0.45,0.8344909152749321,0.0,1.8750000000000002,28.18220882231677,19.896909120541483
9.850000000000547,5.83700943783219,-0.4190010524823322,0.06273782638408278,-10.402268674181462,6.6,-0.1,0.45,0.8374260242941899,0.0,1.8750000000000002,28.298803578460888,19.95740166795106
9.900000000000608,5.859356893012661,-0.41891498160578483,0.06274643310358265,-9.947274941188958,6.6,-0.1,0.45,0.8412598331785772,0.0,1.8750000000000002,28.451265045264165,20.036343443358398
9.950000000000669,5.882023480507444,-0.4187416603854869,0.06276497783306291,-9.493813840079495,6.6,-0.1,0.45,0.8460211434898239,0.0,1.8750000000000002,28.640872745516596,20.134268832971536
10.00000000000073,5.904749505635154,-0.41876357268488157,0.06275637558330581,-9.034216783967505,6.6,-0.1,0.45,0.8519057612652239,0.0,1.8750000000000002,28.87561206384415,20.25512288704917
10.050000000000791,5.927686843640269,-0.41887944379067593,0.06275138559398676,-8.567016045600532,6.6,-0.1,0.45,0.8589054066446258,0.0,1.8750000000000002,29.15540041710759,20.398627475929008
10.100000000000852,5.95093308868853,-0.4190493240176688,0.06274455097923386,-8.093478943598136,6.6,-0.1,0.45,0.8671894258710995,0.0,1.8750000000000002,29.487321817194534,20.568117211647273
10.150000000000913,5.974492997561338,-0.4192947228787265,0.06275190827816694,-7.611253071955684,6.6,-0.1,0.45,0.8768925637679461,0.0,1.8750000000000002,29.87718863260272,20.76616886997909
10.200000000000975,5.997324431346053,-0.4191599427747519,0.06295559953314471,-7.1143921816349645,6.6,-0.1,0.45,0.8861465119204371,0.0,1.8750000000000002,30.25008579202857,20.954581962029582
10.250000000001036,6.019485872091105,-0.41775635912520276,0.06302649056827392,-6.616112200852322,6.6,-0.1,0.45,0.8935615124372343,0.0,1.8750000000000002,30.54963244514664,21.105225944502525
10.300000000001097,6.040970594305699,-0.4151016220365967,0.06302694489447361,-6.1170882968564,6.6,-0.1,0.45,0.899004601901018,0.0,1.8750000000000002,30.76994073997308,21.215624576362494
10.350000000001158,6.0617149189372865,-0.41124197686878483,0.06290749918841385,-5.618115557776565,6.6,-0.1,0.45,0.9023088059501595,0.0,1.8750000000000002,30.903850870434262,21.282566209760283
10.400000000001219,6.081687076531683,-0.40626510085844203,0.06275930637346412,-5.1244712332121125,6.6,-0.1,0.45,0.9035287870887643,0.0,1.8750000000000002,30.953326164569226,21.307268124303036
10.45000000000128,6.101547275404019,-0.401093710404367,0.0627762803937628,-4.629285244655471,6.6,-0.1,0.45,0.9050570060683425,0.0,1.8750000000000002,31.015326730694465,21.33820029261726
10.500000000001341,6.121612912017396,-0.39610561317878595,0.06278902742748942,-4.132521401219944,6.6,-0.1,0.45,0.9082038891619106,0.0,1.8750000000000002,31.143084428914023,21.4018572838247
10.550000000001402,6.141931770717075,-0.39118773025961917,0.06278631657910246,-3.6354189443589195,6.6,-0.1,0.45,0.9130053736077635,0.0,1.8750000000000002,31.33824104692392,21.49888630216625
10.600000000001463,6.162494457424493,-0.3862830702451934,0.06281674964211025,-3.137853992090928,6.6,-0.1,0.45,0.9195073255698207,0.0,1.8750000000000002,31.602943907469765,21.630090611661856
10.650000000001524,6.183212462796089,-0.38146283271944914,0.06279346659315628,-2.6345243266478398,6.6,-0.1,0.45,0.9278317474852895,0.0,1.8750000000000002,31.942558323142116,21.797757916533254
10.700000000001586,6.204102142379144,-0.3767024041398057,0.06278987542705639,-2.1215727580737767,6.6,-0.1,0.45,0.9380828379801179,0.0,1.8750000000000002,32.361867548951494,22.003753695302866
10.750000000001647,6.225204795281459,-0.371929485843125,0.06280450610343853,-1.6022103191458716,6.6,-0.1,0.45,0.9505225926562945,0.0,1.8750000000000002,32.87229461249104,22.253032017951025
10.800000000001708,6.246395897458455,-0.3672432502470264,0.06279541522605335,-1.0806540585643265,7.9,0.6,0.45,0.7948605673426704,0.0,1.8750000000000002,31.771163219634623,21.713233444350656
10.850000000001769,6.267388218685376,-0.3629771948852759,0.06277225669136446,-0.5956867260260176,7.9,0.6,0.45,0.787865832719299,0.0,1.8750000000000002,27.469585259472026,19.52484470776235
10.90000000000183,6.288614444948317,-0.3588659503841208,0.06272941812563626,-0.141287340383118,7.9,0.6,0.45,0.781952880218867,0.0,1.8750000000000002,26.114248193565157,18.80570938901665
10.950000000001891,6.310207763717354,-0.35478499120223145,0.06273360938849507,0.2823233767115413,7.9,0.6,0.45,0.7771147355821934,0.0,1.8750000000000002,25.925661858665666,18.704403944549217
11.000000000001952,6.332107461665477,-0.3507269179144547,0.06269142923320752,0.692931000091308,7.9,0.6,0.45,0.7728908064129227,0.0,1.8750000000000002,25.761276319441983,18.61584388505643
11.050000000002013,6.354167260516737,-0.3467722367990267,0.06272080809127202,1.1078598145554477,7.9,0.6,0.45,0.7688325313094199,0.0,1.8750000000000002,25.603566055003288,18.530654937944593
11.100000000002074,6.376494467868336,-0.3427904113350974,0.0627449227786569,1.5158515309976224,7.9,0.6,0.45,0.76518371109019,0.0,1.8750000000000002,25.46195944176226,18.453975264721027
11.150000000002136,6.398960962295891,-0.33907137411321026,0.06270102646535329,1.9274630314194015,7.9,0.6,0.45,0.7618591687874884,0.0,1.8750000000000002,25.333096113135966,18.38403926304229
11.200000000002197,6.421702234800341,-0.33545207157998475,0.06269171239936139,2.33745626589055,7.9,0.6,0.9,0.7589293336930458,0.0,1.9099999999999995,25.219657632511513,18.322350096897875
11.250000000002258,6.446039596666558,-0.33097415564329397,0.06268474575812485,2.7860691328984712,7.9,0.6,0.9,0.7553554382062825,0.0,2.1600000000000024,25.081441747937415,18.247028183095242
11.300000000002319,6.471770425517296,-0.3247854949097853,0.06268872864994071,3.2867109569520476,7.9,0.6,0.9,0.7500826873372319,0.0,2.410000000000021,24.877845881572508,18.1357573129562
11.35000000000238,6.49949210289588,-0.31664190675505494,0.06268636731695318,3.830139326549253,7.9,0.6,0.9,0.743466651851104,0.0,2.6600000000000397,24.62292530540404,17.995893840734546
11.400000000002441,6.529523068693493,-0.307130025355787,0.06268348718454629,4.422039878901738,7.9,0.6,0.9,0.7359849983551386,0.0,2.9100000000000583,24.335383461172995,17.837399830128252
11.450000000002502,6.561488038361779,-0.2961588179265949,0.06280549593928555,5.043236974345487,7.9,0.6,0.9,0.7279050674257062,0.0,3.1600000000000774,24.025724254602363,17.66583341877987
11.500000000002563,6.596667944735242,-0.28394450063776533,0.0629579826911326,5.6968782534470295,7.9,0.6,0.9,0.7199934934604673,0.0,3.410000000000096,23.723403009508257,17.497437537334356
11.550000000002624,6.63762032505289,-0.2726893917903736,0.0626544167435166,6.3950544093534045,7.9,0.6,0.9,0.7152830042799235,0.0,3.6600000000001147,23.543821217428476,17.39698447384138
11.600000000002685,6.67974925087096,-0.25999752095344875,0.06265895376197278,7.171050163042132,7.9,0.6,0.9,0.7087594358814702,0.0,3.7500000000000004,23.295634872285923,17.257629070915687
11.650000000002747,6.7238361654322905,-0.2480092994413157,0.0626955300235259,7.829412680563303,7.9,0.6,0.9,0.7076768714209992,0.0,3.7500000000000004,23.254507382521474,17.234476676321552
11.700000000002808,6.767387025020815,-0.23502666276446413,0.06271967085242497,8.57558962042187,7.9,0.6,0.9,0.7041811734075586,0.0,3.7500000000000004,23.12181637322282,17.159663150401446
11.750000000002869,6.8113426937622785,-0.22142924199959418,0.06280059129364315,9.299658341961674,7.9,0.6,0.9,0.7019258321850673,0.0,3.7500000000000004,23.036299264230227,17.111352699454148
11.80000000000293,6.855309315946737,-0.20832116189486954,0.06264844232800389,10.04379348822109,7.9,0.6,0.9,0.7006865234596114,0.0,3.7500000000000004,22.98933840820942,17.084791891875636
11.850000000002991,6.899446748650448,-0.19483275639469483,0.06253534098791026,10.805742746375365,7.9,0.6,0.9,0.6999481271620266,0.0,3.7500000000000004,22.96136889258423,17.068961806684943
11.900000000003052,6.944388364883657,-0.17999223084078197,0.06058893627479876,11.568440434267183,7.9,0.6,0.9,0.6998533435607583,0.0,3.7500000000000004,22.957779171168628,17.066929531210167
11.950000000003113,6.991576267126647,-0.1631289455525253,0.05540842523872686,12.241942743643765,7.9,0.6,0.9,0.7031655730790646,0.0,3.7500000000000004,23.08329831904473,17.137912658807316
12.000000000003174,7.0434828830244385,-0.1540694823039826,0.05558818963304568,13.179036624331602,7.9,0.6,0.9,0.713210689587588,0.0,3.7500000000000004,23.46491575424009,17.35274602013297
12.050000000003235,7.094223693837013,-0.1491925433745668,0.06014428544141422,14.733218934827578,7.9,0.6,0.9,0.7132406271693116,0.0,3.7500000000000004,23.466055226263514,17.353385307040334
12.100000000003297,7.136388639160396,-0.13636507909886877,0.06251107374759733,15.676622153836933,7.9,0.6,0.9,0.7157085631998612,0.0,3.7500000000000004,23.560032298495084,17.40606558696771
12.150000000003358,7.176690420500798,-0.11924455642684528,0.06291522476789085,16.344102414859606,7.9,0.6,0.9,0.7210489411435861,0.0,3.7500000000000004,23.76368352600517,17.519925732268973
12.200000000003419,7.217065684229495,-0.10053554356489165,0.0629820371783883,17.00715133986509,7.9,0.6,0.9,0.7268039893977838,0.0,3.7500000000000004,23.98359668483348,17.64242129316616
12.25000000000348,7.259254891076069,-0.07723102607174688,0.06275876677175654,17.67180776767423,7.9,0.6,0.9,0.7317126206698361,0.0,3.7500000000000004,24.171533150670985,17.746733421026413
12.300000000003541,7.29823629262325,-0.055541685599988386,0.0626414531601988,18.473088917295296,7.9,0.6,0.9,0.7332911035848904,0.0,3.7500000000000004,24.232040009271596,17.780244751781606
12.350000000003602,7.336827365331972,-0.03371907285782043,0.06267059889697661,19.28397880235303,7.9,0.6,0.9,0.7361371357349101,0.0,3.7500000000000004,24.341222788558635,17.840626283714442
12.400000000003663,7.3746674973952855,-0.01177855705340946,0.06267421484042303,20.12460535661691,7.9,0.6,0.9,0.7395059512401023,0.0,3.7500000000000004,24.470607039457484,17.912032929475398
12.450000000003724,7.4121979119910755,0.01083791153366674,0.062675787294822,20.975403899049535,7.9,0.6,0.9,0.744014014009828,0.0,3.7500000000000004,24.643992558766072,18.007475519134704
12.500000000003785,7.449328543038058,0.03399270457959424,0.06268250589913078,21.826667433750185,7.9,0.6,0.9,0.750175869951166,0.0,3.7500000000000004,24.881440597648695,18.137725246943027
12.550000000003847,7.485547214034246,0.057001724280314414,0.06269016364273293,22.681133575278,7.9,0.6,0.9,0.7582564114889625,0.0,3.7500000000000004,25.193619804951965,18.30817390485228
12.600000000003908,7.5204046371214135,0.07993713855202178,0.06269785101487912,23.525912903853396,7.9,0.6,0.45,0.7679294202342992,0.0,3.5249999999999835,25.56850040854519,18.51168370577182
12.650000000003969,7.5524519333341615,0.10171080332309171,0.0627051682267491,24.32581231562626,7.9,0.6,0.45,0.7788200554132151,0.0,3.274999999999965,25.992097494505245,18.740127571563892
12.70000000000403,7.581765406856782,0.12231955326473913,0.06271122706683116,25.07977950771607,7.9,0.6,0.45,0.7906864481970405,0.0,3.0249999999999457,26.455473588601958,18.988225183844392
12.750000000004091,7.608427279472201,0.14164863623976137,0.06271840248390657,25.78580371247027,7.9,0.6,0.45,0.8034315314685819,0.0,2.774999999999927,26.955263728876705,19.253761644091963
12.800000000004152,7.632485336122385,0.1595834277369924,0.06272625854028206,26.442378631474526,7.9,0.6,0.45,0.8168436674853452,0.0,2.5249999999999084,27.483537520346093,19.532168334762297
12.850000000004213,7.653970935922435,0.17606926974650455,0.06273140476239232,27.048246305562653,7.9,0.6,0.45,0.8305238431607904,0.0,2.2749999999998898,28.024796622808708,19.815070513358776
12.900000000004274,7.673719740850194,0.19132984767235875,0.06265047085169431,27.507139117111674,7.9,0.6,0.45,0.8480936498064421,0.0,2.0249999999998765,28.723495548626143,20.176854398200643
12.950000000004335,7.692100735837483,0.20551728939698505,0.06274138525950036,27.860993740079294,9.2,0.1,0.45,-0.8061828732064099,0.0,1.8750000000000002,28.557103237102904,20.091038993574358
13.000000000004396,7.7118917552332755,0.21964820322114756,0.06267995850210517,27.98948632954501,9.2,0.1,0.45,-0.8244771252854227,0.0,1.8750000000000002,24.365732353187845,17.854165222364482
13.050000000004458,7.734704894762644,0.23394621030139504,0.0626057292418196,28.137066525002197,9.2,0.1,0.45,-0.8440795692923211,0.0,1.8750000000000002,20.33378663556905,15.544611168302106
13.100000000004519,7.757333733206029,0.2475069648753278,0.06256950238399565,28.22391807667243,9.2,0.1,0.45,-0.8618377929855304,0.0,1.8750000000000002,16.469122231734747,13.153356516677405
13.15000000000458,7.780368997176786,0.26088123191713264,0.06252851517531278,28.292328084269634,9.2,0.1,0.45,-0.8794673403292331,0.0,1.8750000000000002,12.774648194554114,10.670945492987828
13.200000000004641,7.80330687163121,0.27397952877579596,0.06246359288993575,28.319379584428134,9.2,0.1,0.45,-0.8962184291857906,0.0,1.8750000000000002,9.24915648220061,8.08752298030475
13.250000000004702,7.825681547396479,0.2864514452368581,0.062398694357134264,28.30623707324514,9.2,0.1,0.45,-0.9117349953770075,0.0,1.8750000000000002,5.888198705002139,5.392910880435604
13.300000000004763,7.84828161300179,0.2983715063443375,0.062351834298000335,28.260164634161924,9.2,0.1,0.45,-0.9263210747653978,0.0,1.8750000000000002,2.684918787708205,2.576738265603984
13.350000000004824,7.871016441556832,0.3100675860976583,0.06230502150796326,28.198854812129532,9.2,0.1,0.45,-0.9408244919772306,0.0,1.8750000000000002,-0.3692131820103312,-0.37135862701769057
13.400000000004885,7.89215592845051,0.32039491087606425,0.06232503204898502,28.004524489278065,9.2,0.1,0.45,-0.9507145859540541,0.0,1.8750000000000002,-3.2837906983536707,-3.4614487036277968
13.450000000004946,7.910076341068774,0.32972117463727824,0.06230374216234331,27.725994034298534,9.2,0.1,0.45,-0.9571650553916295,0.0,1.8750000000000002,-6.068987647936352,-6.702912644713788
13.500000000005008,7.927033135351415,0.33854553640509866,0.062407049183786305,27.431749875173903,9.2,0.1,0.45,-0.9627733894596836,0.0,1.8750000000000002,-8.735192605889338,-10.10392886089804
13.550000000005069,7.943573916523048,0.34757648014259773,0.062431294401027716,27.114566630870918,9.2,0.1,0.45,-0.968245556989932,0.0,1.8750000000000002,-11.292744499291782,-13.670831731714275
13.60000000000513,7.959975553671497,0.35677650263059174,0.062499464248309704,26.785239672194372,9.2,0.1,0.45,-0.9738771002586071,0.0,1.8750000000000002,-13.751751463263089,-17.407350044028092
13.65000000000519,7.976831072575931,0.36586133449986236,0.0625166461244344,26.427761109134703,9.2,0.1,0.45,-0.9791160520249409,0.0,1.8750000000000002,-16.121975369409803,-21.313757034006407
13.700000000005252,7.996241722774889,0.37299989108198767,0.06368515507794013,26.057873586470773,9.2,0.1,0.45,-0.982781328373766,0.0,1.8750000000000002,-18.412766555899065,-25.385995284366004
13.750000000005313,8.014492150055561,0.3777811716410392,0.06262991672142945,25.64930725717976,9.2,0.1,0.45,-0.9828642403410204,0.0,1.8750000000000002,-20.633035864342684,-29.614876481609407
13.800000000005374,8.033256372562851,0.3816505388154028,0.06259892073995903,25.1868930198979,9.2,0.1,0.45,-0.9808906788269697,0.0,1.8750000000000002,-22.791253677333835,-33.98548954217265
13.850000000005435,8.051397344474188,0.38560809770016924,0.06260912480174045,24.704644454031623,9.2,0.1,0.45,-0.9786168925543162,0.0,1.8750000000000002,-22.813252892609345,-34.03131001454609
13.900000000005496,8.069722679249095,0.3895816156109651,0.06270585154225716,24.2302540667563,9.2,0.1,0.45,-0.9769003597665518,0.0,1.8750000000000002,-22.779131689984105,-33.9602522411389
13.950000000005558,8.087557014329445,0.3934421977312793,0.06259398183631262,23.722927437508456,9.2,0.1,0.45,-0.9743542550431546,0.0,1.8750000000000002,-22.72849473046241,-33.854910874985556
14.000000000005619,8.10552154335513,0.3967697964200554,0.062073618628338094,23.182316280936686,9.2,0.1,0.45,-0.9706646896924482,0.0,1.8750000000000002,-22.655062270355806,-33.70238287845764
14.05000000000568,8.129888675121371,0.39759504839692705,0.06577255103776053,22.68653191874162,9.2,0.1,0.45,-0.9674703162120664,0.0,1.8750000000000002,-22.591433323964065,-33.57044393307855
14.10000000000574,8.149894601084439,0.4007456238959714,0.06217026606304154,22.215038678429345,9.2,0.1,0.45,-0.9666351271463413,0.0,1.8750000000000002,-22.57478912441137,-33.53596575092952
14.150000000005802,8.168197024054514,0.40463938863541066,0.05716634863666226,21.702599417845303,9.2,0.1,0.45,-0.9655319263562239,0.0,1.8750000000000002,-22.552798708300966,-33.490435065313704
14.200000000005863,8.186422538052113,0.40761495890451077,0.05313527932208314,21.212349107713255,9.2,0.1,0.45,-0.9640926278802009,0.0,1.8750000000000002,-22.524100017365278,-33.43105290823832
14.250000000005924,8.203248010782238,0.4104391622136618,0.04798339925627412,20.752214671153588,9.2,0.1,0.45,-0.9629783985518968,0.0,1.8750000000000002,-22.501876187854368,-33.38509775870254
14.300000000005985,8.218756129062177,0.41264347782126914,0.041530834147461844,20.30719100772313,9.2,0.1,0.45,-0.9612491461419838,0.0,1.8750000000000002,-22.467373642286937,-33.313803345174605
14.350000000006046,8.239243655949458,0.41494284414222465,0.040008884365592724,19.839947622805997,9.2,0.1,0.45,-0.9613783956513993,0.0,1.8750000000000002,-22.469952962462273,-33.31913097958324
14.400000000006107,8.26159992369002,0.4176501977889957,0.04001015389915509,19.357913163527407,9.2,0.1,0.45,-0.9631455132525215,0.0,1.8750000000000002,-22.50520974858993,-33.39198936084892
14.450000000006169,8.283908252809859,0.42008061244358114,0.040001582851491815,18.878255345293283,9.2,0.1,0.45,-0.9651278712030855,0.0,1.8750000000000002,-22.544743107152733,-33.473762414404504
14.50000000000623,8.30627504074126,0.4223420713871791,0.04001904861293219,18.39096284534985,9.2,0.1,0.45,-0.9673348906956326,0.0,1.8750000000000002,-22.588734700697877,-33.564852801691494
14.55000000000629,8.328666434960478,0.4244427027189819,0.04002276389768026,17.909480938244045,9.2,0.1,0.45,-0.9700544646484077,0.0,1.8750000000000002,-22.64291090324303,-33.67716996419583
14.600000000006352,8.35104114118348,0.42629211571951664,0.040004007893561816,17.421216463541022,9.2,0.1,0.45,-0.9729057285035256,0.0,1.8750000000000002,-22.699672764669074,-33.795010942436235
14.650000000006413,8.373456148917702,0.4279790432059149,0.04000688310073905,16.933276565983583,9.2,0.1,0.45,-0.9762432801879347,0.0,1.8750000000000002,-22.766066608355793,-33.9330599522975
14.700000000006474,8.395741234259658,0.42939009441733383,0.040006333783664486,16.447413279374512,9.2,0.1,0.45,-0.9798268627211214,0.0,1.8750000000000002,-22.837296340818813,-34.08141675086803
14.750000000006535,8.418156996424798,0.4306436722607223,0.040017727997874994,15.962212433578868,9.2,0.1,0.45,-0.9840406302244553,0.0,1.8750000000000002,-22.920975088337528,-34.2560354355447
14.800000000006596,8.440765646039864,0.43182499638444577,0.040001665131360116,15.482140595609739,9.2,0.1,0.45,-0.989189617267422,0.0,1.8750000000000002,-23.023113538777515,-34.4696612264581
14.850000000006657,8.463428208282426,0.43282386992780847,0.040014600318262226,15.000457792396361,9.2,0.1,0.45,-0.9949339523907462,0.0,1.8750000000000002,-23.136916943692114,-34.70831077398967
14.900000000006719,8.486153524331492,0.43361357210461715,0.04000374204613527,14.520888314766056,9.2,0.1,0.45,-1.0,0.0,1.8750000000000002,-23.23715676447456,-34.91906087527131
14.95000000000678,8.508893465139325,0.4342869510614267,0.04000663660388087,14.049246071726474,9.2,0.1,0.45,-1.0,0.0,1.8750000000000002,-23.23715676447456,-34.91906087527131
15.00000000000684,8.531216907784005,0.43493653877740535,0.04017737670365627,13.453308302882029,9.2,0.1,0.45,-1.0,0.6,1.8750000000000002,-23.23715676447456,-34.91906087527131
15.050000000006902,8.553892145810464,0.4356332341762401,0.04006770813428729,12.576794019348885,9.2,0.1,0.45,-1.0,0.6,1.8750000000000002,-23.23715676447456,-34.91906087527131
15.100000000006963,8.576893820711538,0.43717554709232587,0.04009020461600594,11.708988286817528,9.2,0.1,0.45,-1.0,0.6,1.8750000000000002,-23.23715676447456,-34.91906087527131
15.150000000007024,8.599627824392151,0.43868059783745406,0.04009428535464279,10.848899997190752,9.2,0.1,0.45,-1.0,0.6,1.8750000000000002,-23.23715676447456,-34.91906087527131
15.200000000007085,8.62212157568773,0.43997440601152293,0.04010077240180075,9.983805706770077,9.2,0.1,0.45,-1.0,0.6,1.8750000000000002,-23.23715676447456,-34.91906087527131
15.250000000007146,8.644492794568258,0.4410586996573152,0.0400759468708469,9.122336187624578,9.2,0.1,0.45,-1.0,0.6,1.8750000000000002,-23.23715676447456,-34.91906087527131
15.300000000007207,8.666836135753496,0.44181635042028816,0.040069923420769434,8.256554670021599,9.2,0.1,0.45,-1.0,0.6,1.8750000000000002,-23.23715676447456,-34.91906087527131
15.350000000007268,8.689077838371968,0.44230926994685504,0.0400940399390975,7.392703756617425,9.2,0.1,0.45,-1.0,0.6,1.8750000000000002,-23.23715676447456,-34.91906087527131
15.40000000000733,8.711178278293653,0.44256083176565736,0.0400980370686993,6.527995213947108,9.2,0.1,0.45,-1.0,0.6,1.8750000000000002,-23.23715676447456,-34.91906087527131
15.45000000000739,8.73343325155205,0.44231324746805195,0.040060798415566666,5.658244808678574,9.2,0.1,0.45,-1.0,0.6,1.8750000000000002,-23.23715676447456,-34.91906087527131
15.500000000007452,8.755872413027262,0.4416846936340883,0.04007758262254039,4.7905774860383605,9.2,0.1,0.45,-1.0,0.6,1.8750000000000002,-23.23715676447456,-34.91906087527131
15.550000000007513,8.778240283458135,0.44082567031314984,0.04009269466232253,3.9276382462196757,9.2,0.1,0.45,-1.0,0.6,1.8750000000000002,-23.23715676447456,-34.91906087527131
15.600000000007574,8.800562028274518,0.4396544746115925,0.04009864084092925,3.065797508134061,9.2,0.1,0.45,-1.0,0.6,1.8750000000000002,-23.23715676447456,-34.91906087527131
15.650000000007635,8.822808151374943,0.43818824146455854,0.0401032259233723,2.2033669732240284,9.2,0.1,0.45,-1.0,0.6,1.8750000000000002,-23.23715676447456,-34.91906087527131
15.700000000007696,8.845121203129514,0.43626604773749045,0.04008671198935397,1.3371655994874758,9.2,0.1,0.45,-1.0,0.6,1.8750000000000002,-23.23715676447456,-34.91906087527131
15.750000000007757,8.867478454385022,0.4339524153603011,0.040057423768378675,0.4712831459125088,9.2,0.1,0.45,-1.0,0.6,1.8750000000000002,-23.23715676447456,-34.91906087527131
15.800000000007818,8.89000341445128,0.43113431974171107,0.0400814905934146,-0.39774080642561876,9.2,0.1,0.45,-1.0,0.6,1.8750000000000002,-23.23715676447456,-34.91906087527131
15.85000000000788,8.912591654668589,0.4267675347504222,0.04001281837189919,-0.9924090836929925,10.5,-0.5,0.9,-0.7411926309936011,0.0,2.0724999999999967,-21.546368055106303,-31.433927612148164
15.90000000000794,8.93785917216613,0.42094133856919747,0.04002483144686225,-1.4869578071916965,10.5,-0.5,0.9,-0.7348329621079069,0.0,2.3225000000000144,-19.353161226143126,-27.14337343274115
15.950000000008002,8.966243873156742,0.4146706320135339,0.04001228417136088,-2.0077019458322494,10.5,-0.5,0.9,-0.7289710384687607,0.0,2.572500000000033,-17.688491685202578,-24.066524794346908
16.00000000000806,8.997626319361618,0.4079256098772098,0.04001767128554275,-2.5312833827901744,10.5,-0.5,0.9,-0.7241953942385727,0.0,2.8225000000000517,-17.586923981206795,-23.883858881957142
16.050000000007945,9.03204322681884,0.40044639981840247,0.04000236355417262,-3.0879898203815688,10.5,-0.5,0.9,-0.71970822773102,0.0,3.072500000000071,-17.491358209489626,-23.712518706601568
16.100000000007828,9.069373259739015,0.3919065107722894,0.040025017239186236,-3.6956458411692497,10.5,-0.5,0.9,-0.7148535046477497,0.0,3.3225000000000895,-17.387818078474723,-23.527462609959056
16.15000000000771,9.109576829762815,0.38238504494359926,0.040003641202884334,-4.3377177896659465,10.5,-0.5,0.9,-0.7102152833441229,0.0,3.572500000000108,-17.288752663352707,-23.350969829339718
16.200000000007595,9.152501532959894,0.37175525008291177,0.04002790469488269,-5.019095270923252,10.5,-0.5,0.9,-0.705651152668734,0.0,3.7500000000000004,-17.191132810193736,-23.177593292338667
16.25000000000748,9.196073707173365,0.36045115869754507,0.04001249226345111,-5.704243428453034,10.5,-0.5,0.9,-0.7014740056198655,0.0,3.7500000000000004,-17.101670344515114,-23.019175771324896
16.300000000007362,9.239712406174085,0.34872831729820836,0.04001707619369111,-6.383741918193592,10.5,-0.5,0.9,-0.6978570082927659,0.0,3.7500000000000004,-17.024111905466143,-22.882202024442197
16.350000000007245,9.283071444256926,0.3365185534501517,0.04002689774191268,-7.065480078616033,10.5,-0.5,0.9,-0.6944482644885697,0.0,3.7500000000000004,-16.950939865619954,-22.75328511268737
16.40000000000713,9.326311351891627,0.32383931815500805,0.04000133042503141,-7.738983603964791,10.5,-0.5,0.9,-0.6915902947040538,0.0,3.7500000000000004,-16.889531337815875,-22.645325811333606
16.450000000007012,9.36911436077362,0.31056533274025494,0.0400043979272216,-8.424753024144945,10.5,-0.5,0.9,-0.6885375841939887,0.0,3.7500000000000004,-16.8238784199988,-22.53013897787466
16.500000000006896,9.411810092053537,0.2968215815197294,0.0400045905275917,-9.104736970774866,10.5,-0.5,0.9,-0.6860535781290694,0.0,3.7500000000000004,-16.770410401163748,-22.43650913981767
16.55000000000678,9.45456602644524,0.28270787316014356,0.04003149545696003,-9.76852400030101,10.5,-0.5,0.9,-0.6846640029381639,0.0,3.7500000000000004,-16.74048190190256,-22.384170273801555
16.600000000006663,9.496091783727627,0.2688151918976685,0.04287014527168644,-10.549362065503793,10.5,-0.5,0.9,-0.6809016697948777,0.0,3.7500000000000004,-16.659384192127398,-22.24259940385063
16.650000000006546,9.531074938031512,0.25990440333683784,0.055732499990728795,-12.026611007060344,10.5,-0.5,0.9,-0.6601904091435281,0.0,3.7500000000000004,-16.21123261976296,-21.466909372070518
16.70000000000643,9.565238158764128,0.25458483303319357,0.07327128716457051,-13.568082561002356,10.5,-0.5,0.9,-0.6416343430402572,0.0,3.7500000000000004,-15.807208534987556,-20.777203654303683
16.750000000006313,9.597237718465541,0.2508039709013312,0.08579219998093082,-15.290990538899221,10.5,-0.5,0.9,-0.6191814558618184,0.0,3.7500000000000004,-15.315100146783044,-19.949360938124773
16.800000000006197,9.62683713973977,0.24510113914765605,0.08013849227698364,-16.998053578073737,10.5,-0.5,0.9,-0.594448831434875,0.0,3.7500000000000004,-14.76882552263165,-19.046013044987657
16.85000000000608,9.656656678761683,0.2388967473798213,0.08637074879629865,-18.327702026074846,10.5,-0.5,0.9,-0.5794482911431532,0.0,3.7500000000000004,-14.435313407745554,-18.50251262135809
16.900000000005964,9.691931659809661,0.23540773615881683,0.09408052100881104,-19.284946984060422,10.5,-0.5,0.9,-0.5824671693339686,0.0,3.7500000000000004,-14.502567874539588,-18.61162587418465
16.950000000005847,9.731582499210164,0.23488430903556398,0.10811461604593281,-20.09081600679751,10.5,-0.5,0.9,-0.5978711842908598,0.0,3.7500000000000004,-14.844682265194804,-19.17047673986131
17.00000000000573,9.768103428012193,0.23394816648790123,0.1142817556097427,-21.021089806255755,10.5,-0.5,0.9,-0.6088286587531098,0.0,3.7500000000000004,-15.086977737772477,-19.57013611314776
17.050000000005614,9.802672535616068,0.21808865485583384,0.11462647380407917,-21.801882277307165,10.5,-0.5,0.9,-0.6083785690133939,0.0,3.7500000000000004,-15.077042458754256,-19.55368492444877
17.100000000005497,9.83946875866828,0.18917789936908963,0.1072811341036058,-22.47933966470955,10.5,-0.5,0.9,-0.6007128048024597,0.0,3.7500000000000004,-14.907601560958376,-19.273951476297018
17.15000000000538,9.883165652642978,0.1596012790734933,0.10915028716202713,-23.153811066727272,10.5,-0.5,0.9,-0.6013674893218357,0.0,3.7500000000000004,-14.922089218169475,-19.297807994075676
17.200000000005264,9.92605651457277,0.13012294694522894,0.108643280907714,-23.95438279395132,10.5,-0.5,0.9,-0.6002855786201607,0.0,3.7500000000000004,-14.898145684642122,-19.258386876295656
17.250000000005148,9.972218621530915,0.10050420092572394,0.11057216146591418,-24.639494178019728,10.5,-0.5,0.9,-0.6084307004551547,0.0,3.7500000000000004,-15.078193283423838,-19.555590223616267
17.30000000000503,10.016403964698462,0.0694068917169564,0.10838001459378942,-25.265161629490574,10.5,-0.5,0.9,-0.6173306324549137,0.0,3.7500000000000004,-15.274374348493158,-19.881449558635204
17.350000000004915,10.051409549762905,0.03426282321737077,0.09141003305657824,-25.975638882620736,10.5,-0.5,0.9,-0.6077123647632768,0.0,3.7500000000000004,-15.06233396386067,-19.529340016328742
17.4000000000048,10.082124811042238,-0.0038291093742361705,0.07082207010739831,-26.639149517297376,10.5,-0.5,0.9,-0.588480929632199,0.0,3.7500000000000004,-14.636339492827684,-18.829386052379633
17.45000000000468,10.119760328398097,-0.04160963877695404,0.05434445258857546,-27.11585584128432,10.5,-0.5,0.9,-0.5874278846539631,0.0,3.7500000000000004,-14.612934734701566,-18.791216414485174
17.500000000004565,10.150781765655912,-0.0695266918179266,0.040000865043588046,-27.730458825579028,10.5,-0.5,0.9,-0.5874251405125368,0.0,3.7500000000000004,-14.612873733221301,-18.791116969178777
17.55000000000445,10.187559922032229,-0.09569426818974444,0.04001452715241884,-28.29412025999775,10.5,-0.5,0.9,-0.6073920540602482,0.0,3.7500000000000004,-15.055260976178467,-19.517637316635216
17.600000000004332,10.223854568503905,-0.12244595584269759,0.040003867954114466,-28.882651957933966,10.5,-0.5,0.9,-0.6307811752832699,0.0,3.7500000000000004,-15.569782938584407,-20.376125784009613
17.650000000004216,10.259722533792795,-0.14993329637427102,0.04051797459558449,-29.34208790426743,11.8,0.0,0.45,0.8829183699052464,0.0,3.6049999999999893,-14.442185481432025,-18.513650585586223
17.7000000000041,10.293705227815643,-0.17641916302043148,0.04013176889869376,-29.432267546002738,11.8,0.0,0.45,0.9136181494955986,0.0,3.3549999999999707,-12.009698433560327,-14.72812032932035
17.750000000003983,10.325209897071774,-0.20118150360882786,0.04011487300394885,-29.429602579623545,11.8,0.0,0.45,0.9411076606925868,0.0,3.104999999999952,-9.481513472813539,-11.112676851677096
17.800000000003866,10.355287696408627,-0.22386427913212553,0.04010190760867016,-29.365318825763357,11.8,0.0,0.45,0.9658367231429072,0.0,2.8549999999999334,-6.847612708596964,-7.664495617476236
17.85000000000375,10.383649988198226,-0.2439349792031388,0.040047986059057364,-29.242176523347375,11.8,0.0,0.45,0.9871542964202645,0.0,2.6049999999999143,-4.0977082426801825,-4.377908959657036
17.900000000003633,10.41009838484083,-0.26131571883159205,0.04004267764962502,-29.062886491059224,11.8,0.0,0.45,1.0,0.0,2.3549999999998956,-1.2214027014796318,-1.2451975409531573
17.950000000003516,10.434265362948445,-0.27619243379701913,0.04051188349712463,-28.740134439265276,11.8,0.0,0.45,1.0,0.6,2.104999999999877,1.7915722274832093,1.7427317507223181
18.0000000000034,10.45686647821093,-0.2897286619009887,0.04006812730047496,-28.085440598360442,11.8,0.0,0.45,1.0,0.6,1.8750000000000002,4.9510210576410545,4.595795234649436
18.050000000003283,10.478549902580365,-0.3016742521319786,0.04012440117548009,-27.360498869824568,11.8,0.0,0.45,1.0,0.6,1.8750000000000002,8.26583648064356,7.3243056558957775
18.100000000003167,10.500530380190552,-0.3123996327970945,0.04007062903650108,-26.639735127105862,11.8,0.0,0.45,1.0,0.6,1.8750000000000002,11.743426021073226,9.938655881247877
18.15000000000305,10.523051686316936,-0.32205028402579206,0.04012902798935391,-25.891418254232004,11.8,0.0,0.45,1.0,0.6,1.8750000000000002,15.389012303323492,12.449095556712134
18.200000000002934,10.545980800884035,-0.3305890357411966,0.04035845674433701,-25.253019528517306,11.8,0.0,0.45,1.0,0.6,1.8750000000000002,19.204824673486964,14.865582610393247
18.250000000002817,10.567975169339995,-0.33760329699609165,0.04025806008229859,-24.662382185868392,11.8,0.0,0.45,1.0,0.0,1.8750000000000002,23.18922747954565,17.197692923330308
18.3000000000027,10.589276522625457,-0.3432843319712877,0.040038534063734546,-24.16998188120796,11.8,0.0,0.45,1.0,0.0,1.8750000000000002,27.335865135588115,19.454573869439113
18.350000000002584,10.611351424602411,-0.3487978516919409,0.04048946062002529,-23.64101577265291,11.8,0.0,0.45,1.0,0.0,1.8750000000000002,31.6329406634941,21.64493005393805
18.400000000002468,10.63329294187535,-0.35366751532443885,0.04047645816167297,-23.125579592243458,11.8,0.0,0.45,1.0,0.0,1.8750000000000002,34.91906087527131,23.23715676447456
18.45000000000235,10.655292154416772,-0.3578490882468775,0.040003266379891066,-22.620615570733605,11.8,0.0,0.45,1.0,0.0,1.8750000000000002,34.91906087527131,23.23715676447456
18.500000000002235,10.67766552614248,-0.36149524673813677,0.04002725432160286,-22.125660352903065,11.8,0.0,0.45,1.0,0.0,1.8750000000000002,34.91906087527131,23.23715676447456
18.550000000002118,10.700025643301743,-0.36495183650968843,0.04002532629020924,-21.63223196870172,11.8,0.0,0.45,1.0,0.0,1.8750000000000002,34.91906087527131,23.23715676447456
18.600000000002,10.72274696230252,-0.36832958458214604,0.040482745835199986,-21.110754691932186,11.8,0.0,0.45,1.0,0.0,1.8750000000000002,34.91906087527131,23.23715676447456
18.650000000001885,10.74465586969957,-0.37148985018715824,0.040024128838279355,-20.57899154668429,11.8,0.0,0.45,1.0,0.0,1.8750000000000002,34.91906087527131,23.23715676447456
18.70000000000177,10.767334568791341,-0.37443655032860024,0.04057269514902454,-20.04753201345537,11.8,0.0,0.45,1.0,0.0,1.8750000000000002,34.91906087527131,23.23715676447456
18.750000000001652,10.788982377589335,-0.37713456698953673,0.04000033930830731,-19.501990434696754,11.8,0.0,0.45,1.0,0.0,1.8750000000000002,34.91906087527131,23.23715676447456
18.800000000001535,10.811616905388567,-0.3797033588756688,0.04054821622303731,-18.985457046218777,11.8,0.0,0.45,1.0,0.6,1.8750000000000002,34.91906087527131,23.23715676447456
18.85000000000142,10.833813844428622,-0.3824042309520834,0.04059383318471698,-18.405800466659702,11.8,0.0,0.45,1.0,0.0,1.8750000000000002,34.91906087527131,23.23715676447456
18.900000000001302,10.855863607963869,-0.3845036386235336,0.04047936303264663,-17.845237357783905,11.8,0.0,0.45,1.0,0.6,1.8750000000000002,34.91906087527131,23.23715676447456
18.950000000001186,10.877504001090347,-0.38685668016671226,0.04017547531805838,-17.23104246831157,11.8,0.0,0.45,1.0,0.0,1.8750000000000002,34.91906087527131,23.23715676447456
19.00000000000107,10.900014322220834,-0.3886828173806172,0.04018669513944766,-16.64626905088512,11.8,0.0,0.45,1.0,0.6,1.8750000000000002,34.91906087527131,23.23715676447456
19.050000000000953,10.922500608239643,-0.39071981979291204,0.04029831398883068,-15.996223279462079,11.8,0.0,0.45,1.0,0.0,1.8750000000000002,34.91906087527131,23.23715676447456
19.100000000000836,10.944462029932406,-0.3921524371026901,0.04052205488513868,-15.391112203442505,11.8,0.0,0.45,1.0,0.6,1.8750000000000002,34.91906087527131,23.23715676447456
19.15000000000072,10.966616054419456,-0.3935182418544858,0.04022964637215218,-14.710575987693316,11.8,0.0,0.45,1.0,0.0,1.8750000000000002,34.91906087527131,23.23715676447456
19.200000000000603,10.988918539370314,-0.39511298520690846,0.040016774638409996,-14.024649766722561,11.8,0.0,0.45,1.0,0.0,1.8750000000000002,34.91906087527131,23.23715676447456
19.250000000000487,11.010404075743889,-0.3960055334286556,0.04043916879315559,-13.372091592076723,11.8,0.0,0.45,1.0,0.6,1.8750000000000002,34.91906087527131,23.23715676447456
19.30000000000037,11.032003644648729,-0.3962161838562155,0.04042664365897981,-12.727216686291992,11.8,0.0,0.45,1.0,0.6,1.8750000000000002,34.91906087527131,23.23715676447456
19.350000000000254,11.054329158929205,-0.3963257617972253,0.04052948288951812,-12.019349119635471,11.8,0.0,0.45,1.0,0.6,1.8750000000000002,34.91906087527131,23.23715676447456
19.400500000000136,11.076431121996796,-0.3961684701280481,0.04011282851897301,-11.308292867768522,11.8,0.0,0.45,1.0,0.6,1.8750000000000002,34.91906087527131,23.23715676447456
19.45050000000002,11.098607431836912,-0.3955380756051006,0.040050653262344416,-10.581544004032356,11.8,0.0,0.45,1.0,0.6,1.8750000000000002,34.91906087527131,23.23715676447456
19.500499999999903,11.120602561265304,-0.39463836776578143,0.040492988318589974,-9.870910724509129,11.8,0.0,0.45,1.0,0.6,1.8750000000000002,34.91906087527131,23.23715676447456
19.550499999999786,11.142879571994143,-0.39390105262220054,0.04006000545098579,-9.065102115104095,11.8,0.0,0.45,1.0,0.6,1.8750000000000002,34.91906087527131,23.23715676447456
19.60049999999967,11.166229336262864,-0.39397750962336664,0.040063356062581934,-8.205641326546193,11.8,0.0,0.45,1.0,0.6,1.8750000000000002,34.91906087527131,23.23715676447456
19.650499999999553,11.189854633871255,-0.393740097846492,0.04009520616383823,-7.34208604758901,11.8,0.0,0.45,1.0,0.6,1.8750000000000002,34.91906087527131,23.23715676447456
19.700499999999437,11.21385032523247,-0.39294290167579965,0.04009784205975895,-6.478396423992886,11.8,0.0,0.45,1.0,0.6,1.8750000000000002,34.91906087527131,23.23715676447456
19.75049999999932,11.23795698548645,-0.39160689881566796,0.04010121985291722,-5.61336116455768,11.8,0.0,0.45,1.0,0.6,1.8750000000000002,34.91906087527131,23.23715676447456
19.800499999999204,11.262198972225216,-0.38975180612544913,0.040102236899762854,-4.7461733557054995,11.8,0.0,0.45,1.0,0.6,1.8750000000000002,34.91906087527131,23.23715676447456
19.850499999999087,11.28659172929517,-0.3874273933299836,0.04010258884291269,-3.879560955206989,11.8,0.0,0.45,1.0,0.6,1.8750000000000002,34.91906087527131,23.23715676447456
19.90049999999897,11.311135837793872,-0.3844763733675091,0.04008518551355479,-3.007315311738153,11.8,0.0,0.45,1.0,0.6,1.8750000000000002,34.91906087527131,23.23715676447456
19.950499999998854,11.33575873519182,-0.380987795530491,0.04005900153107093,-2.133872535545071,11.8,0.0,0.45,1.0,0.6,1.8750000000000002,34.91906087527131,23.23715676447456
20.000499999998738,11.360396961112512,-0.3771248653935616,0.04006354548644499,-1.2653134735117306,11.8,0.0,0.45,1.0,0.6,1.8750000000000002,34.91906087527131,23.23715676447456
20.05049999999862,11.384985221436166,-0.3727628270810143,0.04007388296333505,-0.3896358129057621,11.8,0.0,0.45,1.0,0.6,1.8750000000000002,34.91906087527131,23.23715676447456
20.100499999998505,11.40949737520005,-0.36814584294575103,0.04007212755904371,0.476802170709119,11.8,0.0,0.45,1.0,0.6,1.8750000000000002,34.91906087527131,23.23715676447456
20.150499999998388,11.433826006771273,-0.36327849262293194,0.040070098086122954,1.343492068896207,11.8,0.0,0.45,1.0,0.6,1.8750000000000002,34.91906087527131,23.23715676447456
20.20049999999827,11.45807806187127,-0.35801704885578167,0.04008257433664698,2.210486294099846,11.8,0.0,0.45,1.0,0.6,1.8750000000000002,34.91906087527131,23.23715676447456
20.250499999998155,11.482175138627104,-0.3524478804044742,0.04008698837761712,3.0781631416660553,11.8,0.0,0.45,1.0,0.6,1.8750000000000002,34.91906087527131,23.23715676447456
20.30049999999804,11.506031787579156,-0.346597705513467,0.040097028935649495,3.9488888757667975,11.8,0.0,0.45,1.0,0.6,1.8750000000000002,34.91906087527131,23.23715676447456
20.350499999997922,11.529778137506351,-0.3405087175263806,0.040097841311032695,4.814208254923358,11.8,0.0,0.45,1.0,0.6,1.8750000000000002,34.91906087527131,23.23715676447456
20.400499999997805,11.553583876214828,-0.3339205257018092,0.040104241940733046,5.68447553222835,11.8,0.0,0.45,1.0,0.6,1.8750000000000002,34.91906087527131,23.23715676447456
20.45049999999769,11.57753398849469,-0.3267836063687139,0.04008361403421882,6.552451270388398,11.8,0.0,0.45,1.0,0.6,1.8750000000000002,34.91906087527131,23.23715676447456
20.500499999997572,11.601435953605183,-0.31907050122704744,0.040062999625353264,7.4209230648691396,11.8,0.0,0.45,1.0,0.6,1.8750000000000002,34.91906087527131,23.23715676447456
20.550499999997456,11.625258160953496,-0.3109429806852753,0.04007115597978195,8.288999506432848,11.8,0.0,0.45,1.0,0.6,1.8750000000000002,34.91906087527131,23.23715676447456
20.60049999999734,11.6490226384487,-0.3024489107418709,0.040082448521519,9.155530417616001,11.8,0.0,0.45,1.0,0.6,1.8750000000000002,34.91906087527131,23.23715676447456
20.650499999997223,11.67236299773334,-0.2935453720358912,0.040087139976451164,10.00138915103021,11.8,0.0,0.25,1.0,0.6,1.7075000000000031,34.91906087527131,23.23715676447456
20.700499999997106,11.693268625821574,-0.2846246409444064,0.0400768312262285,10.728224501472882,11.8,0.0,0.25,1.0,0.6,1.4575000000000073,34.91906087527131,23.23715676447456
20.75049999999699,11.711110663101971,-0.2765634069411564,0.040066342392470276,11.328381315820078,11.8,0.0,0.25,1.0,0.6,1.2075000000000118,34.91906087527131,23.23715676447456
20.800499999996873,11.725798812880193,-0.2697063518976677,0.04003629722311099,11.82410790966114,11.8,0.0,0.25,1.0,0.6,1.0416666666666667,34.91906087527131,23.23715676447456
20.850499999996757,11.738996953505882,-0.26372182482627354,0.040052383632106114,12.305272757507693,11.8,0.0,0.25,1.0,0.6,1.0416666666666667,34.91906087527131,23.23715676447456
20.90049999999664,11.751894867897578,-0.2579908522649602,0.040033589386044934,12.784499183215999,11.8,0.0,0.25,1.0,0.6,1.0416666666666667,34.91906087527131,23.23715676447456
20.950499999996524,11.764633125376841,-0.2523016824136449,0.040053543640623884,13.266536242106651,11.8,0.0,0.25,1.0,0.6,1.0416666666666667,34.91906087527131,23.23715676447456
21.000499999996407,11.777372981307025,-0.24667054208050296,0.04005752145627921,13.785939088710649,11.8,0.0,0.25,1.0,1.0,1.0416666666666667,34.91906087527131,23.23715676447456
21.05049999999629,11.79074410566959,-0.24130889280338136,0.04008062392485405,14.38589295996688,11.8,0.0,0.25,1.0,1.0,1.0416666666666667,34.91906087527131,23.23715676447456
21.100499999996174,11.80442672242013,-0.2354681959291085,0.04009162814626818,14.987579308215604,11.8,0.0,0.25,1.0,1.0,1.0416666666666667,34.91906087527131,23.23715676447456
21.150499999996057,11.818344212812065,-0.2289923109825471,0.040045265884542686,15.594092819404024,11.8,0.0,0.25,1.0,1.0,1.0416666666666667,34.91906087527131,23.23715676447456
21.20049999999594,11.832057718053619,-0.2220705123788364,0.040057824492179005,16.166596935278136,11.8,0.0,0.15,1.0,1.0,0.8741666666666696,34.91906087527131,23.23715676447456
21.250499999995824,11.842944980185845,-0.21599604586121215,0.04005918339552963,16.59351853148925,11.8,0.0,0.15,1.0,1.0,0.625,34.91906087527131,23.23715676447456
21.300499999995708,11.851494063717738,-0.21124554193038725,0.040045793013076196,16.951082597582438,11.8,0.0,0.15,1.0,1.0,0.625,34.91906087527131,23.23715676447456
21.35049999999559,11.859752878115387,-0.20694530381386114,0.040031374107868646,17.31315385669301,11.8,0.0,0.15,1.0,1.0,0.625,34.91906087527131,23.23715676447456
21.400499999995475,11.867656981269926,-0.20265211273685796,0.040087468959426366,17.570510383167488,11.8,0.0,-0.2,-1.0,1.0,0.5225000000000019,33.10052895489112,22.363980258815136
21.45049999999536,11.872679303017625,-0.19904012519361616,0.040051093322448335,17.395920668078883,11.8,0.0,-0.2,-1.0,1.0,0.2725000000000004,28.756796065756024,20.19400350629193
21.50049999999524,11.87454511287207,-0.19733182270371785,0.040069853364398236,17.153822932901296,11.8,0.0,-0.2,-1.0,1.0,0.022499999999999663,24.558254200823896,17.960314985529568
21.550499999995125,11.873516515326967,-0.197166629712023,0.0400626091952301,16.869211253723595,11.8,0.0,-0.2,-1.0,1.0,-0.22750000000000087,20.51863705479205,15.65435711508024
21.60049999999501,11.87012828921482,-0.19814257058770612,0.04007356656894923,16.540103853954303,11.8,0.0,-0.2,-1.0,1.0,-0.47750000000000226,16.646050105588603,13.267130299796808
21.650499999994892,11.86407006872832,-0.2002338300396623,0.04006635591217213,16.166636896603112,11.8,0.0,-0.2,-1.0,1.0,-0.7274999999999989,12.943616054375104,10.789198588218195
21.700499999994776,11.85588060167315,-0.20285003766845328,0.04015871045919233,15.710851379712679,11.8,0.0,0.15,1.0,1.0,-0.7958333333333341,10.452739709081799,8.995423086679248
21.75049999999466,11.847582177577673,-0.20646092020664936,0.04005987186079081,15.865433978142077,11.8,0.0,0.15,1.0,1.0,-0.5458333333333385,14.036470580243828,11.542680283451109
21.800499999994543,11.843176614326971,-0.20787449364398036,0.040044910904924846,16.12957399379354,11.8,0.0,0.15,1.0,1.0,-0.29583333333333767,17.790014058333703,13.992384808973645
21.850499999994426,11.842058528115123,-0.2082005860420443,0.04006409662157641,16.38395536950093,11.8,0.0,0.15,1.0,1.0,-0.04583333333333676,21.713249741050067,16.354259647768515
21.90049999999431,11.843773092482998,-0.20728143969519228,0.04006385696179902,16.66637712863519,11.8,0.0,0.15,1.0,1.0,0.2041666666666636,25.801641289713377,18.63761196946156
21.950499999994193,11.848183554107527,-0.20477192289309262,0.04002546744667298,16.997637225058334,11.8,0.0,0.15,1.0,1.0,0.454166666666665,30.045450539286577,20.85130828553576
22.000499999994076,11.85501562771827,-0.20079622518682838,0.04002662729993414,17.375017452371182,11.8,0.0,0.15,1.0,1.0,0.625,34.42917466619622,23.003775710944847
22.05049999999396,11.863204380575754,-0.19625579338078164,0.04009763657071297,17.74465640317782,11.8,0.0,-0.2,-1.0,1.0,0.6150000000000002,34.74075599480093,23.152364737224904
22.100499999993843,11.869253565581333,-0.191989458828013,0.04009479023342108,17.702091844666082,11.8,0.0,-0.2,-1.0,1.0,0.36500000000000093,30.347972854788825,21.00387875595389
22.150499999993727,11.872125210626443,-0.1893057791647584,0.0400902443652381,17.493505986773204,11.8,0.0,-0.2,-1.0,1.0,0.11499999999999964,26.09379584360552,18.79473774668087
22.20049999999361,11.872294204738393,-0.18844423412252684,0.04009549181509754,17.222814198350104,11.8,0.0,-0.2,-1.0,1.0,-0.13500000000000034,21.99414361071406,16.516544791808833
22.250499999993494,11.869732116157506,-0.18906220272770546,0.040095532421427896,16.902880142937907,11.8,0.0,-0.2,-1.0,1.0,-0.38500000000000173,18.05914302153952,14.160464430219903
22.300499999993377,11.864506353173917,-0.19078927967279097,0.04006056609170896,16.556282227830863,11.8,0.0,-0.2,-1.0,1.0,-0.6350000000000006,14.293670726391666,11.717219883397373
22.35049999999326,11.857116032188687,-0.19311550017234477,0.040093272881735496,16.115327298613682,11.8,0.0,-0.2,-1.0,1.0,-0.8333333333333334,10.698128177102747,9.177115772524983
22.400499999993144,11.849038627506157,-0.1957532069826434,0.0400954745239173,16.0551863351418,11.8,0.0,0.15,1.0,1.0,-0.628333333333337,12.979798525874642,10.814458892804799
